[?2026h[?25l[1Gpulling manifest ⠋ [K[?25h[?2026l[?2026h[?25l[1Gpulling manifest ⠙ [K[?25h[?2026l[?2026h[?25l[1Gpulling manifest ⠹ [K[?25h[?2026l[?2026h[?25l[1Gpulling manifest ⠸ [K[?25h[?2026l[?2026h[?25l[1Gpulling manifest ⠼ [K[?25h[?2026l[?2026h[?25l[1Gpulling manifest ⠴ [K[?25h[?2026l[?2026h[?25l[1Gpulling manifest ⠦ [K[?25h[?2026l[?2026h[?25l[1Gpulling manifest ⠧ [K[?25h[?2026l[?2026h[?25l[1Gpulling manifest ⠇ [K[?25h[?2026l[?2026h[?25l[1Gpulling manifest ⠏ [K[?25h[?2026l[?2026h[?25l[1Gpulling manifest ⠋ [K[?25h[?2026l[?2026h[?25l[1Gpulling manifest ⠙ [K[?25h[?2026l[?2026h[?25l[1Gpulling manifest ⠹ [K[?25h[?2026l[?2026h[?25l[1Gpulling manifest ⠸ [K[?25h[?2026l[?2026h[?25l[1Gpulling manifest ⠼ [K[?25h[?2026l[?2026h[?25l[1Gpulling manifest ⠴ [K[?25h[?2026l[?2026h[?25l[1Gpulling manifest ⠦ [K[?25h[?2026l[?2026h[?25l[1Gpulling manifest ⠧ [K[?25h[?2026l[?2026h[?25l[1Gpulling manifest ⠇ [K[?25h[?2026l[?2026h[?25l[1Gpulling manifest ⠏ [K[?25h[?2026l[?2026h[?25l[1Gpulling manifest ⠋ [K[?25h[?2026l[?2026h[?25l[1Gpulling manifest ⠙ [K[?25h[?2026l[?2026h[?25l[1Gpulling manifest ⠹ [K[?25h[?2026l[?2026h[?25l[1Gpulling manifest ⠸ [K[?25h[?2026l[?2026h[?25l[1Gpulling manifest ⠼ [K[?25h[?2026l[?2026h[?25l[1Gpulling manifest ⠴ [K[?25h[?2026l[?2026h[?25l[1Gpulling manifest ⠦ [K[?25h[?2026l[?2026h[?25l[1Gpulling manifest ⠧ [K[?25h[?2026l[?2026h[?25l[1Gpulling manifest ⠇ [K[?25h[?2026l[?2026h[?25l[1Gpulling manifest ⠏ [K[?25h[?2026l[?2026h[?25l[1Gpulling manifest ⠋ [K[?25h[?2026l[?2026h[?25l[1Gpulling manifest ⠙ [K[?25h[?2026l[?2026h[?25l[1Gpulling manifest ⠹ [K[?25h[?2026l[?2026h[?25l[1Gpulling manifest ⠸ [K[?25h[?2026l[?2026h[?25l[1Gpulling manifest ⠼ [K[?25h[?2026l[?2026h[?25l[1Gpulling manifest ⠴ [K[?25h[?2026l[?2026h[?25l[1Gpulling manifest ⠦ [K[?25h[?2026l[?2026h[?25l[1Gpulling manifest ⠧ [K[?25h[?2026l[?2026h[?25l[1Gpulling manifest ⠇ [K[?25h[?2026l[?2026h[?25l[1Gpulling manifest ⠏ [K[?25h[?2026l[?2026h[?25l[1Gpulling manifest ⠋ [K[?25h[?2026l[?2026h[?25l[1Gpulling manifest ⠙ [K[?25h[?2026l[?2026h[?25l[1Gpulling manifest ⠹ [K[?25h[?2026l[?2026h[?25l[1Gpulling manifest ⠸ [K[?25h[?2026l[?2026h[?25l[1Gpulling manifest ⠼ [K[?25h[?2026l[?2026h[?25l[1Gpulling manifest ⠴ [K[?25h[?2026l[?2026h[?25l[1Gpulling manifest ⠦ [K[?25h[?2026l[?2026h[?25l[1Gpulling manifest ⠧ [K[?25h[?2026l[?2026h[?25l[1Gpulling manifest ⠇ [K[?25h[?2026l[?2026h[?25l[1Gpulling manifest ⠏ [K[?25h[?2026l[?2026h[?25l[1Gpulling manifest ⠋ [K[?25h[?2026l[?2026h[?25l[1Gpulling manifest ⠙ [K[?25h[?2026l[?2026h[?25l[1Gpulling manifest ⠹ [K[?25h[?2026l[?2026h[?25l[1Gpulling manifest ⠸ [K[?25h[?2026l[?2026h[?25l[1Gpulling manifest ⠼ [K[?25h[?2026l[?2026h[?25l[1Gpulling manifest ⠴ [K[?25h[?2026l[?2026h[?25l[1Gpulling manifest ⠦ [K[?25h[?2026l[?2026h[?25l[1Gpulling manifest ⠧ [K[?25h[?2026l[?2026h[?25l[1Gpulling manifest ⠇ [K[?25h[?2026l[?2026h[?25l[1Gpulling manifest ⠏ [K[?25h[?2026l[?2026h[?25l[1Gpulling manifest ⠋ [K[?25h[?2026l[?2026h[?25l[1Gpulling manifest ⠙ [K[?25h[?2026l[?2026h[?25l[1Gpulling manifest ⠹ [K[?25h[?2026l[?2026h[?25l[1Gpulling manifest ⠸ [K[?25h[?2026l[?2026h[?25l[1Gpulling manifest ⠼ [K[?25h[?2026l[?2026h[?25l[1Gpulling manifest ⠴ [K[?25h[?2026l[?2026h[?25l[1Gpulling manifest ⠦ [K[?25h[?2026l[?2026h[?25l[1Gpulling manifest ⠧ [K[?25h[?2026l[?2026h[?25l[1Gpulling manifest ⠇ [K[?25h[?2026l[?2026h[?25l[1Gpulling manifest ⠏ [K[?25h[?2026l[?2026h[?25l[1Gpulling manifest ⠋ [K[?25h[?2026l[?2026h[?25l[1Gpulling manifest ⠙ [K[?25h[?2026l[?2026h[?25l[1Gpulling manifest ⠹ [K[?25h[?2026l[?2026h[?25l[1Gpulling manifest ⠸ [K[?25h[?2026l[?2026h[?25l[1Gpulling manifest ⠼ [K[?25h[?2026l[?2026h[?25l[1Gpulling manifest ⠴ [K[?25h[?2026l[?2026h[?25l[1Gpulling manifest ⠦ [K[?25h[?2026l[?2026h[?25l[1Gpulling manifest ⠧ [K[?25h[?2026l[?2026h[?25l[1Gpulling manifest ⠇ [K[?25h[?2026l[?2026h[?25l[1Gpulling manifest ⠏ [K[?25h[?2026l[?2026h[?25l[1Gpulling manifest ⠋ [K[?25h[?2026l[?2026h[?25l[1Gpulling manifest [K
pulling f5c702d8820d:   0% ▕                  ▏  16 KB/ 28 GB                  [K[?25h[?2026l[?2026h[?25l[A[1Gpulling manifest [K
pulling f5c702d8820d:   0% ▕                  ▏  50 KB/ 28 GB                  [K[?25h[?2026l[?2026h[?25l[A[1Gpulling manifest [K
pulling f5c702d8820d:   0% ▕                  ▏ 213 KB/ 28 GB                  [K[?25h[?2026l[?2026h[?25l[A[1Gpulling manifest [K
pulling f5c702d8820d:   0% ▕                  ▏ 770 KB/ 28 GB                  [K[?25h[?2026l[?2026h[?25l[A[1Gpulling manifest [K
pulling f5c702d8820d:   0% ▕                  ▏ 1.4 MB/ 28 GB                  [K[?25h[?2026l[?2026h[?25l[A[1Gpulling manifest [K
pulling f5c702d8820d:   0% ▕                  ▏ 4.8 MB/ 28 GB                  [K[?25h[?2026l[?2026h[?25l[A[1Gpulling manifest [K
pulling f5c702d8820d:   0% ▕                  ▏  12 MB/ 28 GB                  [K[?25h[?2026l[?2026h[?25l[A[1Gpulling manifest [K
pulling f5c702d8820d:   0% ▕                  ▏  15 MB/ 28 GB                  [K[?25h[?2026l[?2026h[?25l[A[1Gpulling manifest [K
pulling f5c702d8820d:   0% ▕                  ▏  23 MB/ 28 GB                  [K[?25h[?2026l[?2026h[?25l[A[1Gpulling manifest [K
pulling f5c702d8820d:   0% ▕                  ▏  30 MB/ 28 GB                  [K[?25h[?2026l[?2026h[?25l[A[1Gpulling manifest [K
pulling f5c702d8820d:   0% ▕                  ▏  34 MB/ 28 GB                  [K[?25h[?2026l[?2026h[?25l[A[1Gpulling manifest [K
pulling f5c702d8820d:   0% ▕                  ▏  41 MB/ 28 GB   37 MB/s  12m33s[K[?25h[?2026l[?2026h[?25l[A[1Gpulling manifest [K
pulling f5c702d8820d:   0% ▕                  ▏  45 MB/ 28 GB   37 MB/s  12m33s[K[?25h[?2026l[?2026h[?25l[A[1Gpulling manifest [K
pulling f5c702d8820d:   0% ▕                  ▏  52 MB/ 28 GB   37 MB/s  12m32s[K[?25h[?2026l[?2026h[?25l[A[1Gpulling manifest [K
pulling f5c702d8820d:   0% ▕                  ▏  60 MB/ 28 GB   37 MB/s  12m32s[K[?25h[?2026l[?2026h[?25l[A[1Gpulling manifest [K
pulling f5c702d8820d:   0% ▕                  ▏  67 MB/ 28 GB   37 MB/s  12m32s[K[?25h[?2026l[?2026h[?25l[A[1Gpulling manifest [K
pulling f5c702d8820d:   0% ▕                  ▏  71 MB/ 28 GB   37 MB/s  12m32s[K[?25h[?2026l[?2026h[?25l[A[1Gpulling manifest [K
pulling f5c702d8820d:   0% ▕                  ▏  78 MB/ 28 GB   37 MB/s  12m32s[K[?25h[?2026l[?2026h[?25l[A[1Gpulling manifest [K
pulling f5c702d8820d:   0% ▕                  ▏  86 MB/ 28 GB   37 MB/s  12m32s[K[?25h[?2026l[?2026h[?25l[A[1Gpulling manifest [K
pulling f5c702d8820d:   0% ▕                  ▏  89 MB/ 28 GB   37 MB/s  12m31s[K[?25h[?2026l[?2026h[?25l[A[1Gpulling manifest [K
pulling f5c702d8820d:   0% ▕                  ▏  97 MB/ 28 GB   37 MB/s  12m31s[K[?25h[?2026l[?2026h[?25l[A[1Gpulling manifest [K
pulling f5c702d8820d:   0% ▕                  ▏ 104 MB/ 28 GB   50 MB/s   9m24s[K[?25h[?2026l[?2026h[?25l[A[1Gpulling manifest [K
pulling f5c702d8820d:   0% ▕                  ▏ 108 MB/ 28 GB   50 MB/s   9m24s[K[?25h[?2026l[?2026h[?25l[A[1Gpulling manifest [K
pulling f5c702d8820d:   0% ▕                  ▏ 115 MB/ 28 GB   50 MB/s   9m24s[K[?25h[?2026l[?2026h[?25l[A[1Gpulling manifest [K
pulling f5c702d8820d:   0% ▕                  ▏ 123 MB/ 28 GB   50 MB/s   9m24s[K[?25h[?2026l[?2026h[?25l[A[1Gpulling manifest [K
pulling f5c702d8820d:   0% ▕                  ▏ 126 MB/ 28 GB   50 MB/s   9m24s[K[?25h[?2026l[?2026h[?25l[A[1Gpulling manifest [K
pulling f5c702d8820d:   0% ▕                  ▏ 134 MB/ 28 GB   50 MB/s   9m24s[K[?25h[?2026l[?2026h[?25l[A[1Gpulling manifest [K
pulling f5c702d8820d:   0% ▕                  ▏ 141 MB/ 28 GB   50 MB/s   9m24s[K[?25h[?2026l[?2026h[?25l[A[1Gpulling manifest [K
pulling f5c702d8820d:   1% ▕                  ▏ 145 MB/ 28 GB   50 MB/s   9m24s[K[?25h[?2026l[?2026h[?25l[A[1Gpulling manifest [K
pulling f5c702d8820d:   1% ▕                  ▏ 152 MB/ 28 GB   50 MB/s   9m23s[K[?25h[?2026l[?2026h[?25l[A[1Gpulling manifest [K
pulling f5c702d8820d:   1% ▕                  ▏ 160 MB/ 28 GB   50 MB/s   9m23s[K[?25h[?2026l[?2026h[?25l[A[1Gpulling manifest [K
pulling f5c702d8820d:   1% ▕                  ▏ 163 MB/ 28 GB   54 MB/s   8m40s[K[?25h[?2026l[?2026h[?25l[A[1Gpulling manifest [K
pulling f5c702d8820d:   1% ▕                  ▏ 171 MB/ 28 GB   54 MB/s   8m40s[K[?25h[?2026l[?2026h[?25l[A[1Gpulling manifest [K
pulling f5c702d8820d:   1% ▕                  ▏ 178 MB/ 28 GB   54 MB/s   8m40s[K[?25h[?2026l[?2026h[?25l[A[1Gpulling manifest [K
pulling f5c702d8820d:   1% ▕                  ▏ 182 MB/ 28 GB   54 MB/s   8m39s[K[?25h[?2026l[?2026h[?25l[A[1Gpulling manifest [K
pulling f5c702d8820d:   1% ▕                  ▏ 189 MB/ 28 GB   54 MB/s   8m39s[K[?25h[?2026l[?2026h[?25l[A[1Gpulling manifest [K
pulling f5c702d8820d:   1% ▕                  ▏ 197 MB/ 28 GB   54 MB/s   8m39s[K[?25h[?2026l[?2026h[?25l[A[1Gpulling manifest [K
pulling f5c702d8820d:   1% ▕                  ▏ 201 MB/ 28 GB   54 MB/s   8m39s[K[?25h[?2026l[?2026h[?25l[A[1Gpulling manifest [K
pulling f5c702d8820d:   1% ▕                  ▏ 208 MB/ 28 GB   54 MB/s   8m39s[K[?25h[?2026l[?2026h[?25l[A[1Gpulling manifest [K
pulling f5c702d8820d:   1% ▕                  ▏ 215 MB/ 28 GB   54 MB/s   8m39s[K[?25h[?2026l[?2026h[?25l[A[1Gpulling manifest [K
pulling f5c702d8820d:   1% ▕                  ▏ 219 MB/ 28 GB   54 MB/s   8m39s[K[?25h[?2026l[?2026h[?25l[A[1Gpulling manifest [K
pulling f5c702d8820d:   1% ▕                  ▏ 226 MB/ 28 GB   56 MB/s   8m19s[K[?25h[?2026l[?2026h[?25l[A[1Gpulling manifest [K
pulling f5c702d8820d:   1% ▕                  ▏ 234 MB/ 28 GB   56 MB/s   8m19s[K[?25h[?2026l[?2026h[?25l[A[1Gpulling manifest [K
pulling f5c702d8820d:   1% ▕                  ▏ 238 MB/ 28 GB   56 MB/s   8m19s[K[?25h[?2026l[?2026h[?25l[A[1Gpulling manifest [K
pulling f5c702d8820d:   1% ▕                  ▏ 245 MB/ 28 GB   56 MB/s   8m19s[K[?25h[?2026l[?2026h[?25l[A[1Gpulling manifest [K
pulling f5c702d8820d:   1% ▕                  ▏ 252 MB/ 28 GB   56 MB/s   8m19s[K[?25h[?2026l[?2026h[?25l[A[1Gpulling manifest [K
pulling f5c702d8820d:   1% ▕                  ▏ 256 MB/ 28 GB   56 MB/s   8m19s[K[?25h[?2026l[?2026h[?25l[A[1Gpulling manifest [K
pulling f5c702d8820d:   1% ▕                  ▏ 263 MB/ 28 GB   56 MB/s   8m19s[K[?25h[?2026l[?2026h[?25l[A[1Gpulling manifest [K
pulling f5c702d8820d:   1% ▕                  ▏ 271 MB/ 28 GB   56 MB/s   8m19s[K[?25h[?2026l[?2026h[?25l[A[1Gpulling manifest [K
pulling f5c702d8820d:   1% ▕                  ▏ 275 MB/ 28 GB   56 MB/s   8m19s[K[?25h[?2026l[?2026h[?25l[A[1Gpulling manifest [K
pulling f5c702d8820d:   1% ▕                  ▏ 282 MB/ 28 GB   56 MB/s   8m18s[K[?25h[?2026l[?2026h[?25l[A[1Gpulling manifest [K
pulling f5c702d8820d:   1% ▕                  ▏ 289 MB/ 28 GB   57 MB/s    8m8s[K[?25h[?2026l[?2026h[?25l[A[1Gpulling manifest [K
pulling f5c702d8820d:   1% ▕                  ▏ 293 MB/ 28 GB   57 MB/s    8m8s[K[?25h[?2026l[?2026h[?25l[A[1Gpulling manifest [K
pulling f5c702d8820d:   1% ▕                  ▏ 301 MB/ 28 GB   57 MB/s    8m8s[K[?25h[?2026l[?2026h[?25l[A[1Gpulling manifest [K
pulling f5c702d8820d:   1% ▕                  ▏ 308 MB/ 28 GB   57 MB/s    8m7s[K[?25h[?2026l[?2026h[?25l[A[1Gpulling manifest [K
pulling f5c702d8820d:   1% ▕                  ▏ 312 MB/ 28 GB   57 MB/s    8m7s[K[?25h[?2026l[?2026h[?25l[A[1Gpulling manifest [K
pulling f5c702d8820d:   1% ▕                  ▏ 319 MB/ 28 GB   57 MB/s    8m7s[K[?25h[?2026l[?2026h[?25l[A[1Gpulling manifest [K
pulling f5c702d8820d:   1% ▕                  ▏ 326 MB/ 28 GB   57 MB/s    8m7s[K[?25h[?2026l[?2026h[?25l[A[1Gpulling manifest [K
pulling f5c702d8820d:   1% ▕                  ▏ 330 MB/ 28 GB   57 MB/s    8m7s[K[?25h[?2026l[?2026h[?25l[A[1Gpulling manifest [K
pulling f5c702d8820d:   1% ▕                  ▏ 338 MB/ 28 GB   57 MB/s    8m7s[K[?25h[?2026l[?2026h[?25l[A[1Gpulling manifest [K
pulling f5c702d8820d:   1% ▕                  ▏ 345 MB/ 28 GB   57 MB/s    8m7s[K[?25h[?2026l[?2026h[?25l[A[1Gpulling manifest [K
pulling f5c702d8820d:   1% ▕                  ▏ 349 MB/ 28 GB   57 MB/s    8m7s[K[?25h[?2026l[?2026h[?25l[A[1Gpulling manifest [K
pulling f5c702d8820d:   1% ▕                  ▏ 356 MB/ 28 GB   58 MB/s    8m0s[K[?25h[?2026l[?2026h[?25l[A[1Gpulling manifest [K
pulling f5c702d8820d:   1% ▕                  ▏ 364 MB/ 28 GB   58 MB/s    8m0s[K[?25h[?2026l[?2026h[?25l[A[1Gpulling manifest [K
pulling f5c702d8820d:   1% ▕                  ▏ 367 MB/ 28 GB   58 MB/s   7m59s[K[?25h[?2026l[?2026h[?25l[A[1Gpulling manifest [K
pulling f5c702d8820d:   1% ▕                  ▏ 375 MB/ 28 GB   58 MB/s   7m59s[K[?25h[?2026l[?2026h[?25l[A[1Gpulling manifest [K
pulling f5c702d8820d:   1% ▕                  ▏ 382 MB/ 28 GB   58 MB/s   7m59s[K[?25h[?2026l[?2026h[?25l[A[1Gpulling manifest [K
pulling f5c702d8820d:   1% ▕                  ▏ 386 MB/ 28 GB   58 MB/s   7m59s[K[?25h[?2026l[?2026h[?25l[A[1Gpulling manifest [K
pulling f5c702d8820d:   1% ▕                  ▏ 393 MB/ 28 GB   58 MB/s   7m59s[K[?25h[?2026l[?2026h[?25l[A[1Gpulling manifest [K
pulling f5c702d8820d:   1% ▕                  ▏ 401 MB/ 28 GB   58 MB/s   7m59s[K[?25h[?2026l[?2026h[?25l[A[1Gpulling manifest [K
pulling f5c702d8820d:   1% ▕                  ▏ 404 MB/ 28 GB   58 MB/s   7m59s[K[?25h[?2026l[?2026h[?25l[A[1Gpulling manifest [K
pulling f5c702d8820d:   1% ▕                  ▏ 412 MB/ 28 GB   58 MB/s   7m59s[K[?25h[?2026l[?2026h[?25l[A[1Gpulling manifest [K
pulling f5c702d8820d:   1% ▕                  ▏ 419 MB/ 28 GB   59 MB/s   7m54s[K[?25h[?2026l[?2026h[?25l[A[1Gpulling manifest [K
pulling f5c702d8820d:   1% ▕                  ▏ 423 MB/ 28 GB   59 MB/s   7m54s[K[?25h[?2026l[?2026h[?25l[A[1Gpulling manifest [K
pulling f5c702d8820d:   2% ▕                  ▏ 430 MB/ 28 GB   59 MB/s   7m54s[K[?25h[?2026l[?2026h[?25l[A[1Gpulling manifest [K
pulling f5c702d8820d:   2% ▕                  ▏ 438 MB/ 28 GB   59 MB/s   7m54s[K[?25h[?2026l[?2026h[?25l[A[1Gpulling manifest [K
pulling f5c702d8820d:   2% ▕                  ▏ 441 MB/ 28 GB   59 MB/s   7m53s[K[?25h[?2026l[?2026h[?25l[A[1Gpulling manifest [K
pulling f5c702d8820d:   2% ▕                  ▏ 449 MB/ 28 GB   59 MB/s   7m53s[K[?25h[?2026l[?2026h[?25l[A[1Gpulling manifest [K
pulling f5c702d8820d:   2% ▕                  ▏ 456 MB/ 28 GB   59 MB/s   7m53s[K[?25h[?2026l[?2026h[?25l[A[1Gpulling manifest [K
pulling f5c702d8820d:   2% ▕                  ▏ 460 MB/ 28 GB   59 MB/s   7m53s[K[?25h[?2026l[?2026h[?25l[A[1Gpulling manifest [K
pulling f5c702d8820d:   2% ▕                  ▏ 467 MB/ 28 GB   59 MB/s   7m53s[K[?25h[?2026l[?2026h[?25l[A[1Gpulling manifest [K
pulling f5c702d8820d:   2% ▕                  ▏ 475 MB/ 28 GB   59 MB/s   7m53s[K[?25h[?2026l[?2026h[?25l[A[1Gpulling manifest [K
pulling f5c702d8820d:   2% ▕                  ▏ 478 MB/ 28 GB   59 MB/s   7m49s[K[?25h[?2026l[?2026h[?25l[A[1Gpulling manifest [K
pulling f5c702d8820d:   2% ▕                  ▏ 486 MB/ 28 GB   59 MB/s   7m49s[K[?25h[?2026l[?2026h[?25l[A[1Gpulling manifest [K
pulling f5c702d8820d:   2% ▕                  ▏ 493 MB/ 28 GB   59 MB/s   7m49s[K[?25h[?2026l[?2026h[?25l[A[1Gpulling manifest [K
pulling f5c702d8820d:   2% ▕                  ▏ 497 MB/ 28 GB   59 MB/s   7m49s[K[?25h[?2026l[?2026h[?25l[A[1Gpulling manifest [K
pulling f5c702d8820d:   2% ▕                  ▏ 504 MB/ 28 GB   59 MB/s   7m49s[K[?25h[?2026l[?2026h[?25l[A[1Gpulling manifest [K
pulling f5c702d8820d:   2% ▕                  ▏ 512 MB/ 28 GB   59 MB/s   7m49s[K[?25h[?2026l[?2026h[?25l[A[1Gpulling manifest [K
pulling f5c702d8820d:   2% ▕                  ▏ 516 MB/ 28 GB   59 MB/s   7m49s[K[?25h[?2026l[?2026h[?25l[A[1Gpulling manifest [K
pulling f5c702d8820d:   2% ▕                  ▏ 523 MB/ 28 GB   59 MB/s   7m49s[K[?25h[?2026l[?2026h[?25l[A[1Gpulling manifest [K
pulling f5c702d8820d:   2% ▕                  ▏ 530 MB/ 28 GB   59 MB/s   7m48s[K[?25h[?2026l[?2026h[?25l[A[1Gpulling manifest [K
pulling f5c702d8820d:   2% ▕                  ▏ 534 MB/ 28 GB   59 MB/s   7m48s[K[?25h[?2026l[?2026h[?25l[A[1Gpulling manifest [K
pulling f5c702d8820d:   2% ▕                  ▏ 542 MB/ 28 GB   60 MB/s   7m45s[K[?25h[?2026l[?2026h[?25l[A[1Gpulling manifest [K
pulling f5c702d8820d:   2% ▕                  ▏ 549 MB/ 28 GB   60 MB/s   7m45s[K[?25h[?2026l[?2026h[?25l[A[1Gpulling manifest [K
pulling f5c702d8820d:   2% ▕                  ▏ 552 MB/ 28 GB   60 MB/s   7m45s[K[?25h[?2026l[?2026h[?25l[A[1Gpulling manifest [K
pulling f5c702d8820d:   2% ▕                  ▏ 560 MB/ 28 GB   60 MB/s   7m45s[K[?25h[?2026l[?2026h[?25l[A[1Gpulling manifest [K
pulling f5c702d8820d:   2% ▕                  ▏ 567 MB/ 28 GB   60 MB/s   7m45s[K[?25h[?2026l[?2026h[?25l[A[1Gpulling manifest [K
pulling f5c702d8820d:   2% ▕                  ▏ 571 MB/ 28 GB   60 MB/s   7m45s[K[?25h[?2026l[?2026h[?25l[A[1Gpulling manifest [K
pulling f5c702d8820d:   2% ▕                  ▏ 574 MB/ 28 GB   60 MB/s   7m45s[K[?25h[?2026l[?2026h[?25l[A[1Gpulling manifest [K
pulling f5c702d8820d:   2% ▕                  ▏ 574 MB/ 28 GB   60 MB/s   7m45s[K[?25h[?2026l[?2026h[?25l[A[1Gpulling manifest [K
pulling f5c702d8820d:   2% ▕                  ▏ 574 MB/ 28 GB   60 MB/s   7m45s[K[?25h[?2026l[?2026h[?25l[A[1Gpulling manifest [K
pulling f5c702d8820d:   2% ▕                  ▏ 580 MB/ 28 GB   60 MB/s   7m45s[K[?25h[?2026l[?2026h[?25l[A[1Gpulling manifest [K
pulling f5c702d8820d:   2% ▕                  ▏ 587 MB/ 28 GB   61 MB/s   7m38s[K[?25h[?2026l[?2026h[?25l[A[1Gpulling manifest [K
pulling f5c702d8820d:   2% ▕                  ▏ 591 MB/ 28 GB   61 MB/s   7m38s[K[?25h[?2026l[?2026h[?25l[A[1Gpulling manifest [K
pulling f5c702d8820d:   2% ▕                  ▏ 598 MB/ 28 GB   61 MB/s   7m38s[K[?25h[?2026l[?2026h[?25l[A[1Gpulling manifest [K
pulling f5c702d8820d:   2% ▕                  ▏ 606 MB/ 28 GB   61 MB/s   7m38s[K[?25h[?2026l[?2026h[?25l[A[1Gpulling manifest [K
pulling f5c702d8820d:   2% ▕                  ▏ 610 MB/ 28 GB   61 MB/s   7m38s[K[?25h[?2026l[?2026h[?25l[A[1Gpulling manifest [K
pulling f5c702d8820d:   2% ▕                  ▏ 617 MB/ 28 GB   61 MB/s   7m37s[K[?25h[?2026l[?2026h[?25l[A[1Gpulling manifest [K
pulling f5c702d8820d:   2% ▕                  ▏ 624 MB/ 28 GB   61 MB/s   7m37s[K[?25h[?2026l[?2026h[?25l[A[1Gpulling manifest [K
pulling f5c702d8820d:   2% ▕                  ▏ 628 MB/ 28 GB   61 MB/s   7m37s[K[?25h[?2026l[?2026h[?25l[A[1Gpulling manifest [K
pulling f5c702d8820d:   2% ▕                  ▏ 636 MB/ 28 GB   61 MB/s   7m37s[K[?25h[?2026l[?2026h[?25l[A[1Gpulling manifest [K
pulling f5c702d8820d:   2% ▕                  ▏ 643 MB/ 28 GB   61 MB/s   7m37s[K[?25h[?2026l[?2026h[?25l[A[1Gpulling manifest [K
pulling f5c702d8820d:   2% ▕                  ▏ 647 MB/ 28 GB   61 MB/s   7m37s[K[?25h[?2026l[?2026h[?25l[A[1Gpulling manifest [K
pulling f5c702d8820d:   2% ▕                  ▏ 654 MB/ 28 GB   61 MB/s   7m37s[K[?25h[?2026l[?2026h[?25l[A[1Gpulling manifest [K
pulling f5c702d8820d:   2% ▕                  ▏ 661 MB/ 28 GB   61 MB/s   7m37s[K[?25h[?2026l[?2026h[?25l[A[1Gpulling manifest [K
pulling f5c702d8820d:   2% ▕                  ▏ 665 MB/ 28 GB   61 MB/s   7m37s[K[?25h[?2026l[?2026h[?25l[A[1Gpulling manifest [K
pulling f5c702d8820d:   2% ▕                  ▏ 673 MB/ 28 GB   61 MB/s   7m36s[K[?25h[?2026l[?2026h[?25l[A[1Gpulling manifest [K
pulling f5c702d8820d:   2% ▕                  ▏ 680 MB/ 28 GB   61 MB/s   7m36s[K[?25h[?2026l[?2026h[?25l[A[1Gpulling manifest [K
pulling f5c702d8820d:   2% ▕                  ▏ 684 MB/ 28 GB   61 MB/s   7m36s[K[?25h[?2026l[?2026h[?25l[A[1Gpulling manifest [K
pulling f5c702d8820d:   2% ▕                  ▏ 691 MB/ 28 GB   61 MB/s   7m36s[K[?25h[?2026l[?2026h[?25l[A[1Gpulling manifest [K
pulling f5c702d8820d:   2% ▕                  ▏ 698 MB/ 28 GB   61 MB/s   7m36s[K[?25h[?2026l[?2026h[?25l[A[1Gpulling manifest [K
pulling f5c702d8820d:   2% ▕                  ▏ 702 MB/ 28 GB   61 MB/s   7m36s[K[?25h[?2026l[?2026h[?25l[A[1Gpulling manifest [K
pulling f5c702d8820d:   2% ▕                  ▏ 710 MB/ 28 GB   61 MB/s   7m36s[K[?25h[?2026l[?2026h[?25l[A[1Gpulling manifest [K
pulling f5c702d8820d:   3% ▕                  ▏ 717 MB/ 28 GB   61 MB/s   7m36s[K[?25h[?2026l[?2026h[?25l[A[1Gpulling manifest [K
pulling f5c702d8820d:   3% ▕                  ▏ 721 MB/ 28 GB   61 MB/s   7m36s[K[?25h[?2026l[?2026h[?25l[A[1Gpulling manifest [K
pulling f5c702d8820d:   3% ▕                  ▏ 728 MB/ 28 GB   61 MB/s   7m36s[K[?25h[?2026l[?2026h[?25l[A[1Gpulling manifest [K
pulling f5c702d8820d:   3% ▕                  ▏ 736 MB/ 28 GB   61 MB/s   7m35s[K[?25h[?2026l[?2026h[?25l[A[1Gpulling manifest [K
pulling f5c702d8820d:   3% ▕                  ▏ 739 MB/ 28 GB   61 MB/s   7m35s[K[?25h[?2026l[?2026h[?25l[A[1Gpulling manifest [K
pulling f5c702d8820d:   3% ▕                  ▏ 747 MB/ 28 GB   61 MB/s   7m35s[K[?25h[?2026l[?2026h[?25l[A[1Gpulling manifest [K
pulling f5c702d8820d:   3% ▕                  ▏ 754 MB/ 28 GB   61 MB/s   7m35s[K[?25h[?2026l[?2026h[?25l[A[1Gpulling manifest [K
pulling f5c702d8820d:   3% ▕                  ▏ 758 MB/ 28 GB   61 MB/s   7m35s[K[?25h[?2026l[?2026h[?25l[A[1Gpulling manifest [K
pulling f5c702d8820d:   3% ▕                  ▏ 765 MB/ 28 GB   61 MB/s   7m35s[K[?25h[?2026l[?2026h[?25l[A[1Gpulling manifest [K
pulling f5c702d8820d:   3% ▕                  ▏ 773 MB/ 28 GB   61 MB/s   7m35s[K[?25h[?2026l[?2026h[?25l[A[1Gpulling manifest [K
pulling f5c702d8820d:   3% ▕                  ▏ 776 MB/ 28 GB   61 MB/s   7m35s[K[?25h[?2026l[?2026h[?25l[A[1Gpulling manifest [K
pulling f5c702d8820d:   3% ▕                  ▏ 784 MB/ 28 GB   61 MB/s   7m35s[K[?25h[?2026l[?2026h[?25l[A[1Gpulling manifest [K
pulling f5c702d8820d:   3% ▕                  ▏ 791 MB/ 28 GB   61 MB/s   7m35s[K[?25h[?2026l[?2026h[?25l[A[1Gpulling manifest [K
pulling f5c702d8820d:   3% ▕                  ▏ 795 MB/ 28 GB   61 MB/s   7m35s[K[?25h[?2026l[?2026h[?25l[A[1Gpulling manifest [K
pulling f5c702d8820d:   3% ▕                  ▏ 802 MB/ 28 GB   61 MB/s   7m34s[K[?25h[?2026l[?2026h[?25l[A[1Gpulling manifest [K
pulling f5c702d8820d:   3% ▕                  ▏ 810 MB/ 28 GB   61 MB/s   7m34s[K[?25h[?2026l[?2026h[?25l[A[1Gpulling manifest [K
pulling f5c702d8820d:   3% ▕                  ▏ 814 MB/ 28 GB   61 MB/s   7m34s[K[?25h[?2026l[?2026h[?25l[A[1Gpulling manifest [K
pulling f5c702d8820d:   3% ▕                  ▏ 821 MB/ 28 GB   61 MB/s   7m34s[K[?25h[?2026l[?2026h[?25l[A[1Gpulling manifest [K
pulling f5c702d8820d:   3% ▕                  ▏ 828 MB/ 28 GB   61 MB/s   7m34s[K[?25h[?2026l[?2026h[?25l[A[1Gpulling manifest [K
pulling f5c702d8820d:   3% ▕                  ▏ 832 MB/ 28 GB   61 MB/s   7m34s[K[?25h[?2026l[?2026h[?25l[A[1Gpulling manifest [K
pulling f5c702d8820d:   3% ▕                  ▏ 839 MB/ 28 GB   61 MB/s   7m34s[K[?25h[?2026l[?2026h[?25l[A[1Gpulling manifest [K
pulling f5c702d8820d:   3% ▕                  ▏ 847 MB/ 28 GB   61 MB/s   7m34s[K[?25h[?2026l[?2026h[?25l[A[1Gpulling manifest [K
pulling f5c702d8820d:   3% ▕                  ▏ 850 MB/ 28 GB   61 MB/s   7m34s[K[?25h[?2026l[?2026h[?25l[A[1Gpulling manifest [K
pulling f5c702d8820d:   3% ▕                  ▏ 858 MB/ 28 GB   61 MB/s   7m33s[K[?25h[?2026l[?2026h[?25l[A[1Gpulling manifest [K
pulling f5c702d8820d:   3% ▕                  ▏ 865 MB/ 28 GB   61 MB/s   7m33s[K[?25h[?2026l[?2026h[?25l[A[1Gpulling manifest [K
pulling f5c702d8820d:   3% ▕                  ▏ 869 MB/ 28 GB   61 MB/s   7m33s[K[?25h[?2026l[?2026h[?25l[A[1Gpulling manifest [K
pulling f5c702d8820d:   3% ▕                  ▏ 876 MB/ 28 GB   61 MB/s   7m33s[K[?25h[?2026l[?2026h[?25l[A[1Gpulling manifest [K
pulling f5c702d8820d:   3% ▕                  ▏ 884 MB/ 28 GB   61 MB/s   7m33s[K[?25h[?2026l[?2026h[?25l[A[1Gpulling manifest [K
pulling f5c702d8820d:   3% ▕                  ▏ 888 MB/ 28 GB   61 MB/s   7m33s[K[?25h[?2026l[?2026h[?25l[A[1Gpulling manifest [K
pulling f5c702d8820d:   3% ▕                  ▏ 895 MB/ 28 GB   61 MB/s   7m33s[K[?25h[?2026l[?2026h[?25l[A[1Gpulling manifest [K
pulling f5c702d8820d:   3% ▕                  ▏ 902 MB/ 28 GB   61 MB/s   7m33s[K[?25h[?2026l[?2026h[?25l[A[1Gpulling manifest [K
pulling f5c702d8820d:   3% ▕                  ▏ 906 MB/ 28 GB   61 MB/s   7m33s[K[?25h[?2026l[?2026h[?25l[A[1Gpulling manifest [K
pulling f5c702d8820d:   3% ▕                  ▏ 914 MB/ 28 GB   61 MB/s   7m33s[K[?25h[?2026l[?2026h[?25l[A[1Gpulling manifest [K
pulling f5c702d8820d:   3% ▕                  ▏ 921 MB/ 28 GB   61 MB/s   7m33s[K[?25h[?2026l[?2026h[?25l[A[1Gpulling manifest [K
pulling f5c702d8820d:   3% ▕                  ▏ 924 MB/ 28 GB   61 MB/s   7m33s[K[?25h[?2026l[?2026h[?25l[A[1Gpulling manifest [K
pulling f5c702d8820d:   3% ▕                  ▏ 932 MB/ 28 GB   61 MB/s   7m33s[K[?25h[?2026l[?2026h[?25l[A[1Gpulling manifest [K
pulling f5c702d8820d:   3% ▕                  ▏ 940 MB/ 28 GB   61 MB/s   7m32s[K[?25h[?2026l[?2026h[?25l[A[1Gpulling manifest [K
pulling f5c702d8820d:   3% ▕                  ▏ 942 MB/ 28 GB   61 MB/s   7m32s[K[?25h[?2026l[?2026h[?25l[A[1Gpulling manifest [K
pulling f5c702d8820d:   3% ▕                  ▏ 950 MB/ 28 GB   61 MB/s   7m32s[K[?25h[?2026l[?2026h[?25l[A[1Gpulling manifest [K
pulling f5c702d8820d:   3% ▕                  ▏ 958 MB/ 28 GB   61 MB/s   7m32s[K[?25h[?2026l[?2026h[?25l[A[1Gpulling manifest [K
pulling f5c702d8820d:   3% ▕                  ▏ 961 MB/ 28 GB   61 MB/s   7m32s[K[?25h[?2026l[?2026h[?25l[A[1Gpulling manifest [K
pulling f5c702d8820d:   3% ▕                  ▏ 968 MB/ 28 GB   61 MB/s   7m32s[K[?25h[?2026l[?2026h[?25l[A[1Gpulling manifest [K
pulling f5c702d8820d:   3% ▕                  ▏ 976 MB/ 28 GB   61 MB/s   7m32s[K[?25h[?2026l[?2026h[?25l[A[1Gpulling manifest [K
pulling f5c702d8820d:   3% ▕                  ▏ 980 MB/ 28 GB   61 MB/s   7m32s[K[?25h[?2026l[?2026h[?25l[A[1Gpulling manifest [K
pulling f5c702d8820d:   3% ▕                  ▏ 987 MB/ 28 GB   61 MB/s   7m32s[K[?25h[?2026l[?2026h[?25l[A[1Gpulling manifest [K
pulling f5c702d8820d:   3% ▕                  ▏ 994 MB/ 28 GB   61 MB/s   7m32s[K[?25h[?2026l[?2026h[?25l[A[1Gpulling manifest [K
pulling f5c702d8820d:   3% ▕                  ▏ 999 MB/ 28 GB   61 MB/s   7m32s[K[?25h[?2026l[?2026h[?25l[A[1Gpulling manifest [K
pulling f5c702d8820d:   4% ▕                  ▏ 1.0 GB/ 28 GB   61 MB/s   7m31s[K[?25h[?2026l[?2026h[?25l[A[1Gpulling manifest [K
pulling f5c702d8820d:   4% ▕                  ▏ 1.0 GB/ 28 GB   61 MB/s   7m31s[K[?25h[?2026l[?2026h[?25l[A[1Gpulling manifest [K
pulling f5c702d8820d:   4% ▕                  ▏ 1.0 GB/ 28 GB   61 MB/s   7m31s[K[?25h[?2026l[?2026h[?25l[A[1Gpulling manifest [K
pulling f5c702d8820d:   4% ▕                  ▏ 1.0 GB/ 28 GB   61 MB/s   7m31s[K[?25h[?2026l[?2026h[?25l[A[1Gpulling manifest [K
pulling f5c702d8820d:   4% ▕                  ▏ 1.0 GB/ 28 GB   60 MB/s   7m35s[K[?25h[?2026l[?2026h[?25l[A[1Gpulling manifest [K
pulling f5c702d8820d:   4% ▕                  ▏ 1.0 GB/ 28 GB   60 MB/s   7m35s[K[?25h[?2026l[?2026h[?25l[A[1Gpulling manifest [K
pulling f5c702d8820d:   4% ▕                  ▏ 1.0 GB/ 28 GB   60 MB/s   7m34s[K[?25h[?2026l[?2026h[?25l[A[1Gpulling manifest [K
pulling f5c702d8820d:   4% ▕                  ▏ 1.0 GB/ 28 GB   60 MB/s   7m34s[K[?25h[?2026l[?2026h[?25l[A[1Gpulling manifest [K
pulling f5c702d8820d:   4% ▕                  ▏ 1.0 GB/ 28 GB   60 MB/s   7m34s[K[?25h[?2026l[?2026h[?25l[A[1Gpulling manifest [K
pulling f5c702d8820d:   4% ▕                  ▏ 1.1 GB/ 28 GB   60 MB/s   7m34s[K[?25h[?2026l[?2026h[?25l[A[1Gpulling manifest [K
pulling f5c702d8820d:   4% ▕                  ▏ 1.1 GB/ 28 GB   60 MB/s   7m34s[K[?25h[?2026l[?2026h[?25l[A[1Gpulling manifest [K
pulling f5c702d8820d:   4% ▕                  ▏ 1.1 GB/ 28 GB   60 MB/s   7m34s[K[?25h[?2026l[?2026h[?25l[A[1Gpulling manifest [K
pulling f5c702d8820d:   4% ▕                  ▏ 1.1 GB/ 28 GB   60 MB/s   7m34s[K[?25h[?2026l[?2026h[?25l[A[1Gpulling manifest [K
pulling f5c702d8820d:   4% ▕                  ▏ 1.1 GB/ 28 GB   60 MB/s   7m34s[K[?25h[?2026l[?2026h[?25l[A[1Gpulling manifest [K
pulling f5c702d8820d:   4% ▕                  ▏ 1.1 GB/ 28 GB   60 MB/s   7m34s[K[?25h[?2026l[?2026h[?25l[A[1Gpulling manifest [K
pulling f5c702d8820d:   4% ▕                  ▏ 1.1 GB/ 28 GB   60 MB/s   7m34s[K[?25h[?2026l[?2026h[?25l[A[1Gpulling manifest [K
pulling f5c702d8820d:   4% ▕                  ▏ 1.1 GB/ 28 GB   60 MB/s   7m34s[K[?25h[?2026l[?2026h[?25l[A[1Gpulling manifest [K
pulling f5c702d8820d:   4% ▕                  ▏ 1.1 GB/ 28 GB   60 MB/s   7m34s[K[?25h[?2026l[?2026h[?25l[A[1Gpulling manifest [K
pulling f5c702d8820d:   4% ▕                  ▏ 1.1 GB/ 28 GB   60 MB/s   7m33s[K[?25h[?2026l[?2026h[?25l[A[1Gpulling manifest [K
pulling f5c702d8820d:   4% ▕                  ▏ 1.1 GB/ 28 GB   60 MB/s   7m33s[K[?25h[?2026l[?2026h[?25l[A[1Gpulling manifest [K
pulling f5c702d8820d:   4% ▕                  ▏ 1.1 GB/ 28 GB   60 MB/s   7m33s[K[?25h[?2026l[?2026h[?25l[A[1Gpulling manifest [K
pulling f5c702d8820d:   4% ▕                  ▏ 1.1 GB/ 28 GB   60 MB/s   7m33s[K[?25h[?2026l[?2026h[?25l[A[1Gpulling manifest [K
pulling f5c702d8820d:   4% ▕                  ▏ 1.1 GB/ 28 GB   60 MB/s   7m33s[K[?25h[?2026l[?2026h[?25l[A[1Gpulling manifest [K
pulling f5c702d8820d:   4% ▕                  ▏ 1.1 GB/ 28 GB   60 MB/s   7m33s[K[?25h[?2026l[?2026h[?25l[A[1Gpulling manifest [K
pulling f5c702d8820d:   4% ▕                  ▏ 1.1 GB/ 28 GB   62 MB/s   7m19s[K[?25h[?2026l[?2026h[?25l[A[1Gpulling manifest [K
pulling f5c702d8820d:   4% ▕                  ▏ 1.2 GB/ 28 GB   62 MB/s   7m19s[K[?25h[?2026l[?2026h[?25l[A[1Gpulling manifest [K
pulling f5c702d8820d:   4% ▕                  ▏ 1.2 GB/ 28 GB   62 MB/s   7m19s[K[?25h[?2026l[?2026h[?25l[A[1Gpulling manifest [K
pulling f5c702d8820d:   4% ▕                  ▏ 1.2 GB/ 28 GB   62 MB/s   7m19s[K[?25h[?2026l[?2026h[?25l[A[1Gpulling manifest [K
pulling f5c702d8820d:   4% ▕                  ▏ 1.2 GB/ 28 GB   62 MB/s   7m19s[K[?25h[?2026l[?2026h[?25l[A[1Gpulling manifest [K
pulling f5c702d8820d:   4% ▕                  ▏ 1.2 GB/ 28 GB   62 MB/s   7m19s[K[?25h[?2026l[?2026h[?25l[A[1Gpulling manifest [K
pulling f5c702d8820d:   4% ▕                  ▏ 1.2 GB/ 28 GB   62 MB/s   7m18s[K[?25h[?2026l[?2026h[?25l[A[1Gpulling manifest [K
pulling f5c702d8820d:   4% ▕                  ▏ 1.2 GB/ 28 GB   62 MB/s   7m18s[K[?25h[?2026l[?2026h[?25l[A[1Gpulling manifest [K
pulling f5c702d8820d:   4% ▕                  ▏ 1.2 GB/ 28 GB   62 MB/s   7m18s[K[?25h[?2026l[?2026h[?25l[A[1Gpulling manifest [K
pulling f5c702d8820d:   4% ▕                  ▏ 1.2 GB/ 28 GB   62 MB/s   7m18s[K[?25h[?2026l[?2026h[?25l[A[1Gpulling manifest [K
pulling f5c702d8820d:   4% ▕                  ▏ 1.2 GB/ 28 GB   62 MB/s   7m18s[K[?25h[?2026l[?2026h[?25l[A[1Gpulling manifest [K
pulling f5c702d8820d:   4% ▕                  ▏ 1.2 GB/ 28 GB   62 MB/s   7m18s[K[?25h[?2026l[?2026h[?25l[A[1Gpulling manifest [K
pulling f5c702d8820d:   4% ▕                  ▏ 1.2 GB/ 28 GB   62 MB/s   7m18s[K[?25h[?2026l[?2026h[?25l[A[1Gpulling manifest [K
pulling f5c702d8820d:   4% ▕                  ▏ 1.2 GB/ 28 GB   62 MB/s   7m18s[K[?25h[?2026l[?2026h[?25l[A[1Gpulling manifest [K
pulling f5c702d8820d:   4% ▕                  ▏ 1.2 GB/ 28 GB   62 MB/s   7m18s[K[?25h[?2026l[?2026h[?25l[A[1Gpulling manifest [K
pulling f5c702d8820d:   4% ▕                  ▏ 1.2 GB/ 28 GB   62 MB/s   7m18s[K[?25h[?2026l[?2026h[?25l[A[1Gpulling manifest [K
pulling f5c702d8820d:   4% ▕                  ▏ 1.2 GB/ 28 GB   62 MB/s   7m18s[K[?25h[?2026l[?2026h[?25l[A[1Gpulling manifest [K
pulling f5c702d8820d:   4% ▕                  ▏ 1.3 GB/ 28 GB   62 MB/s   7m18s[K[?25h[?2026l[?2026h[?25l[A[1Gpulling manifest [K
pulling f5c702d8820d:   4% ▕                  ▏ 1.3 GB/ 28 GB   62 MB/s   7m17s[K[?25h[?2026l[?2026h[?25l[A[1Gpulling manifest [K
pulling f5c702d8820d:   4% ▕                  ▏ 1.3 GB/ 28 GB   62 MB/s   7m17s[K[?25h[?2026l[?2026h[?25l[A[1Gpulling manifest [K
pulling f5c702d8820d:   4% ▕                  ▏ 1.3 GB/ 28 GB   62 MB/s   7m17s[K[?25h[?2026l[?2026h[?25l[A[1Gpulling manifest [K
pulling f5c702d8820d:   4% ▕                  ▏ 1.3 GB/ 28 GB   62 MB/s   7m17s[K[?25h[?2026l[?2026h[?25l[A[1Gpulling manifest [K
pulling f5c702d8820d:   4% ▕                  ▏ 1.3 GB/ 28 GB   62 MB/s   7m17s[K[?25h[?2026l[?2026h[?25l[A[1Gpulling manifest [K
pulling f5c702d8820d:   5% ▕                  ▏ 1.3 GB/ 28 GB   62 MB/s   7m17s[K[?25h[?2026l[?2026h[?25l[A[1Gpulling manifest [K
pulling f5c702d8820d:   5% ▕                  ▏ 1.3 GB/ 28 GB   62 MB/s   7m17s[K[?25h[?2026l[?2026h[?25l[A[1Gpulling manifest [K
pulling f5c702d8820d:   5% ▕                  ▏ 1.3 GB/ 28 GB   62 MB/s   7m17s[K[?25h[?2026l[?2026h[?25l[A[1Gpulling manifest [K
pulling f5c702d8820d:   5% ▕                  ▏ 1.3 GB/ 28 GB   62 MB/s   7m17s[K[?25h[?2026l[?2026h[?25l[A[1Gpulling manifest [K
pulling f5c702d8820d:   5% ▕                  ▏ 1.3 GB/ 28 GB   62 MB/s   7m17s[K[?25h[?2026l[?2026h[?25l[A[1Gpulling manifest [K
pulling f5c702d8820d:   5% ▕                  ▏ 1.3 GB/ 28 GB   62 MB/s   7m17s[K[?25h[?2026l[?2026h[?25l[A[1Gpulling manifest [K
pulling f5c702d8820d:   5% ▕                  ▏ 1.3 GB/ 28 GB   62 MB/s   7m16s[K[?25h[?2026l[?2026h[?25l[A[1Gpulling manifest [K
pulling f5c702d8820d:   5% ▕                  ▏ 1.3 GB/ 28 GB   62 MB/s   7m16s[K[?25h[?2026l[?2026h[?25l[A[1Gpulling manifest [K
pulling f5c702d8820d:   5% ▕                  ▏ 1.3 GB/ 28 GB   62 MB/s   7m16s[K[?25h[?2026l[?2026h[?25l[A[1Gpulling manifest [K
pulling f5c702d8820d:   5% ▕                  ▏ 1.3 GB/ 28 GB   62 MB/s   7m16s[K[?25h[?2026l[?2026h[?25l[A[1Gpulling manifest [K
pulling f5c702d8820d:   5% ▕                  ▏ 1.4 GB/ 28 GB   62 MB/s   7m16s[K[?25h[?2026l[?2026h[?25l[A[1Gpulling manifest [K
pulling f5c702d8820d:   5% ▕                  ▏ 1.4 GB/ 28 GB   62 MB/s   7m16s[K[?25h[?2026l[?2026h[?25l[A[1Gpulling manifest [K
pulling f5c702d8820d:   5% ▕                  ▏ 1.4 GB/ 28 GB   62 MB/s   7m16s[K[?25h[?2026l[?2026h[?25l[A[1Gpulling manifest [K
pulling f5c702d8820d:   5% ▕                  ▏ 1.4 GB/ 28 GB   62 MB/s   7m16s[K[?25h[?2026l[?2026h[?25l[A[1Gpulling manifest [K
pulling f5c702d8820d:   5% ▕                  ▏ 1.4 GB/ 28 GB   62 MB/s   7m16s[K[?25h[?2026l[?2026h[?25l[A[1Gpulling manifest [K
pulling f5c702d8820d:   5% ▕                  ▏ 1.4 GB/ 28 GB   62 MB/s   7m16s[K[?25h[?2026l[?2026h[?25l[A[1Gpulling manifest [K
pulling f5c702d8820d:   5% ▕                  ▏ 1.4 GB/ 28 GB   62 MB/s   7m15s[K[?25h[?2026l[?2026h[?25l[A[1Gpulling manifest [K
pulling f5c702d8820d:   5% ▕                  ▏ 1.4 GB/ 28 GB   62 MB/s   7m15s[K[?25h[?2026l[?2026h[?25l[A[1Gpulling manifest [K
pulling f5c702d8820d:   5% ▕                  ▏ 1.4 GB/ 28 GB   62 MB/s   7m16s[K[?25h[?2026l[?2026h[?25l[A[1Gpulling manifest [K
pulling f5c702d8820d:   5% ▕                  ▏ 1.4 GB/ 28 GB   62 MB/s   7m15s[K[?25h[?2026l[?2026h[?25l[A[1Gpulling manifest [K
pulling f5c702d8820d:   5% ▕                  ▏ 1.4 GB/ 28 GB   62 MB/s   7m15s[K[?25h[?2026l[?2026h[?25l[A[1Gpulling manifest [K
pulling f5c702d8820d:   5% ▕                  ▏ 1.4 GB/ 28 GB   62 MB/s   7m15s[K[?25h[?2026l[?2026h[?25l[A[1Gpulling manifest [K
pulling f5c702d8820d:   5% ▕                  ▏ 1.4 GB/ 28 GB   62 MB/s   7m15s[K[?25h[?2026l[?2026h[?25l[A[1Gpulling manifest [K
pulling f5c702d8820d:   5% ▕                  ▏ 1.4 GB/ 28 GB   62 MB/s   7m15s[K[?25h[?2026l[?2026h[?25l[A[1Gpulling manifest [K
pulling f5c702d8820d:   5% ▕                  ▏ 1.4 GB/ 28 GB   62 MB/s   7m15s[K[?25h[?2026l[?2026h[?25l[A[1Gpulling manifest [K
pulling f5c702d8820d:   5% ▕                  ▏ 1.4 GB/ 28 GB   62 MB/s   7m15s[K[?25h[?2026l[?2026h[?25l[A[1Gpulling manifest [K
pulling f5c702d8820d:   5% ▕                  ▏ 1.5 GB/ 28 GB   62 MB/s   7m15s[K[?25h[?2026l[?2026h[?25l[A[1Gpulling manifest [K
pulling f5c702d8820d:   5% ▕                  ▏ 1.5 GB/ 28 GB   62 MB/s   7m15s[K[?25h[?2026l[?2026h[?25l[A[1Gpulling manifest [K
pulling f5c702d8820d:   5% ▕                  ▏ 1.5 GB/ 28 GB   62 MB/s   7m15s[K[?25h[?2026l[?2026h[?25l[A[1Gpulling manifest [K
pulling f5c702d8820d:   5% ▕                  ▏ 1.5 GB/ 28 GB   62 MB/s   7m14s[K[?25h[?2026l[?2026h[?25l[A[1Gpulling manifest [K
pulling f5c702d8820d:   5% ▕                  ▏ 1.5 GB/ 28 GB   62 MB/s   7m14s[K[?25h[?2026l[?2026h[?25l[A[1Gpulling manifest [K
pulling f5c702d8820d:   5% ▕                  ▏ 1.5 GB/ 28 GB   62 MB/s   7m14s[K[?25h[?2026l[?2026h[?25l[A[1Gpulling manifest [K
pulling f5c702d8820d:   5% ▕                  ▏ 1.5 GB/ 28 GB   62 MB/s   7m14s[K[?25h[?2026l[?2026h[?25l[A[1Gpulling manifest [K
pulling f5c702d8820d:   5% ▕                  ▏ 1.5 GB/ 28 GB   62 MB/s   7m14s[K[?25h[?2026l[?2026h[?25l[A[1Gpulling manifest [K
pulling f5c702d8820d:   5% ▕                  ▏ 1.5 GB/ 28 GB   62 MB/s   7m14s[K[?25h[?2026l[?2026h[?25l[A[1Gpulling manifest [K
pulling f5c702d8820d:   5% ▕                  ▏ 1.5 GB/ 28 GB   62 MB/s   7m14s[K[?25h[?2026l[?2026h[?25l[A[1Gpulling manifest [K
pulling f5c702d8820d:   5% ▕                  ▏ 1.5 GB/ 28 GB   62 MB/s   7m14s[K[?25h[?2026l[?2026h[?25l[A[1Gpulling manifest [K
pulling f5c702d8820d:   5% ▕                  ▏ 1.5 GB/ 28 GB   62 MB/s   7m14s[K[?25h[?2026l[?2026h[?25l[A[1Gpulling manifest [K
pulling f5c702d8820d:   5% ▕                  ▏ 1.5 GB/ 28 GB   62 MB/s   7m13s[K[?25h[?2026l[?2026h[?25l[A[1Gpulling manifest [K
pulling f5c702d8820d:   5% ▕                  ▏ 1.5 GB/ 28 GB   62 MB/s   7m13s[K[?25h[?2026l[?2026h[?25l[A[1Gpulling manifest [K
pulling f5c702d8820d:   5% ▕                  ▏ 1.5 GB/ 28 GB   62 MB/s   7m13s[K[?25h[?2026l[?2026h[?25l[A[1Gpulling manifest [K
pulling f5c702d8820d:   5% ▕                  ▏ 1.5 GB/ 28 GB   62 MB/s   7m13s[K[?25h[?2026l[?2026h[?25l[A[1Gpulling manifest [K
pulling f5c702d8820d:   5% ▕                  ▏ 1.5 GB/ 28 GB   62 MB/s   7m13s[K[?25h[?2026l[?2026h[?25l[A[1Gpulling manifest [K
pulling f5c702d8820d:   5% ▕                  ▏ 1.6 GB/ 28 GB   62 MB/s   7m13s[K[?25h[?2026l[?2026h[?25l[A[1Gpulling manifest [K
pulling f5c702d8820d:   5% ▕                  ▏ 1.6 GB/ 28 GB   62 MB/s   7m13s[K[?25h[?2026l[?2026h[?25l[A[1Gpulling manifest [K
pulling f5c702d8820d:   5% ▕                  ▏ 1.6 GB/ 28 GB   62 MB/s   7m13s[K[?25h[?2026l[?2026h[?25l[A[1Gpulling manifest [K
pulling f5c702d8820d:   6% ▕                  ▏ 1.6 GB/ 28 GB   62 MB/s   7m13s[K[?25h[?2026l[?2026h[?25l[A[1Gpulling manifest [K
pulling f5c702d8820d:   6% ▕                  ▏ 1.6 GB/ 28 GB   62 MB/s   7m12s[K[?25h[?2026l[?2026h[?25l[A[1Gpulling manifest [K
pulling f5c702d8820d:   6% ▕                  ▏ 1.6 GB/ 28 GB   62 MB/s   7m12s[K[?25h[?2026l[?2026h[?25l[A[1Gpulling manifest [K
pulling f5c702d8820d:   6% ▕█                 ▏ 1.6 GB/ 28 GB   62 MB/s    7m9s[K[?25h[?2026l[?2026h[?25l[A[1Gpulling manifest [K
pulling f5c702d8820d:   6% ▕█                 ▏ 1.6 GB/ 28 GB   62 MB/s    7m9s[K[?25h[?2026l[?2026h[?25l[A[1Gpulling manifest [K
pulling f5c702d8820d:   6% ▕█                 ▏ 1.6 GB/ 28 GB   62 MB/s    7m9s[K[?25h[?2026l[?2026h[?25l[A[1Gpulling manifest [K
pulling f5c702d8820d:   6% ▕█                 ▏ 1.6 GB/ 28 GB   62 MB/s    7m9s[K[?25h[?2026l[?2026h[?25l[A[1Gpulling manifest [K
pulling f5c702d8820d:   6% ▕█                 ▏ 1.6 GB/ 28 GB   62 MB/s    7m9s[K[?25h[?2026l[?2026h[?25l[A[1Gpulling manifest [K
pulling f5c702d8820d:   6% ▕█                 ▏ 1.6 GB/ 28 GB   62 MB/s    7m9s[K[?25h[?2026l[?2026h[?25l[A[1Gpulling manifest [K
pulling f5c702d8820d:   6% ▕█                 ▏ 1.6 GB/ 28 GB   62 MB/s    7m9s[K[?25h[?2026l[?2026h[?25l[A[1Gpulling manifest [K
pulling f5c702d8820d:   6% ▕█                 ▏ 1.6 GB/ 28 GB   62 MB/s    7m8s[K[?25h[?2026l[?2026h[?25l[A[1Gpulling manifest [K
pulling f5c702d8820d:   6% ▕█                 ▏ 1.6 GB/ 28 GB   62 MB/s    7m8s[K[?25h[?2026l[?2026h[?25l[A[1Gpulling manifest [K
pulling f5c702d8820d:   6% ▕█                 ▏ 1.6 GB/ 28 GB   62 MB/s    7m8s[K[?25h[?2026l[?2026h[?25l[A[1Gpulling manifest [K
pulling f5c702d8820d:   6% ▕█                 ▏ 1.6 GB/ 28 GB   61 MB/s   7m18s[K[?25h[?2026l[?2026h[?25l[A[1Gpulling manifest [K
pulling f5c702d8820d:   6% ▕█                 ▏ 1.6 GB/ 28 GB   61 MB/s   7m18s[K[?25h[?2026l[?2026h[?25l[A[1Gpulling manifest [K
pulling f5c702d8820d:   6% ▕█                 ▏ 1.6 GB/ 28 GB   61 MB/s   7m18s[K[?25h[?2026l[?2026h[?25l[A[1Gpulling manifest [K
pulling f5c702d8820d:   6% ▕█                 ▏ 1.7 GB/ 28 GB   61 MB/s   7m17s[K[?25h[?2026l[?2026h[?25l[A[1Gpulling manifest [K
pulling f5c702d8820d:   6% ▕█                 ▏ 1.7 GB/ 28 GB   61 MB/s   7m17s[K[?25h[?2026l[?2026h[?25l[A[1Gpulling manifest [K
pulling f5c702d8820d:   6% ▕█                 ▏ 1.7 GB/ 28 GB   61 MB/s   7m17s[K[?25h[?2026l[?2026h[?25l[A[1Gpulling manifest [K
pulling f5c702d8820d:   6% ▕█                 ▏ 1.7 GB/ 28 GB   61 MB/s   7m17s[K[?25h[?2026l[?2026h[?25l[A[1Gpulling manifest [K
pulling f5c702d8820d:   6% ▕█                 ▏ 1.7 GB/ 28 GB   61 MB/s   7m17s[K[?25h[?2026l[?2026h[?25l[A[1Gpulling manifest [K
pulling f5c702d8820d:   6% ▕█                 ▏ 1.7 GB/ 28 GB   61 MB/s   7m17s[K[?25h[?2026l[?2026h[?25l[A[1Gpulling manifest [K
pulling f5c702d8820d:   6% ▕█                 ▏ 1.7 GB/ 28 GB   61 MB/s   7m17s[K[?25h[?2026l[?2026h[?25l[A[1Gpulling manifest [K
pulling f5c702d8820d:   6% ▕█                 ▏ 1.7 GB/ 28 GB   60 MB/s   7m25s[K[?25h[?2026l[?2026h[?25l[A[1Gpulling manifest [K
pulling f5c702d8820d:   6% ▕█                 ▏ 1.7 GB/ 28 GB   60 MB/s   7m24s[K[?25h[?2026l[?2026h[?25l[A[1Gpulling manifest [K
pulling f5c702d8820d:   6% ▕█                 ▏ 1.7 GB/ 28 GB   60 MB/s   7m24s[K[?25h[?2026l[?2026h[?25l[A[1Gpulling manifest [K
pulling f5c702d8820d:   6% ▕█                 ▏ 1.7 GB/ 28 GB   60 MB/s   7m24s[K[?25h[?2026l[?2026h[?25l[A[1Gpulling manifest [K
pulling f5c702d8820d:   6% ▕█                 ▏ 1.7 GB/ 28 GB   60 MB/s   7m24s[K[?25h[?2026l[?2026h[?25l[A[1Gpulling manifest [K
pulling f5c702d8820d:   6% ▕█                 ▏ 1.7 GB/ 28 GB   60 MB/s   7m24s[K[?25h[?2026l[?2026h[?25l[A[1Gpulling manifest [K
pulling f5c702d8820d:   6% ▕█                 ▏ 1.7 GB/ 28 GB   60 MB/s   7m24s[K[?25h[?2026l[?2026h[?25l[A[1Gpulling manifest [K
pulling f5c702d8820d:   6% ▕█                 ▏ 1.7 GB/ 28 GB   60 MB/s   7m24s[K[?25h[?2026l[?2026h[?25l[A[1Gpulling manifest [K
pulling f5c702d8820d:   6% ▕█                 ▏ 1.7 GB/ 28 GB   60 MB/s   7m24s[K[?25h[?2026l[?2026h[?25l[A[1Gpulling manifest [K
pulling f5c702d8820d:   6% ▕█                 ▏ 1.7 GB/ 28 GB   60 MB/s   7m24s[K[?25h[?2026l[?2026h[?25l[A[1Gpulling manifest [K
pulling f5c702d8820d:   6% ▕█                 ▏ 1.8 GB/ 28 GB   60 MB/s   7m23s[K[?25h[?2026l[?2026h[?25l[A[1Gpulling manifest [K
pulling f5c702d8820d:   6% ▕█                 ▏ 1.8 GB/ 28 GB   60 MB/s   7m23s[K[?25h[?2026l[?2026h[?25l[A[1Gpulling manifest [K
pulling f5c702d8820d:   6% ▕█                 ▏ 1.8 GB/ 28 GB   60 MB/s   7m23s[K[?25h[?2026l[?2026h[?25l[A[1Gpulling manifest [K
pulling f5c702d8820d:   6% ▕█                 ▏ 1.8 GB/ 28 GB   60 MB/s   7m23s[K[?25h[?2026l[?2026h[?25l[A[1Gpulling manifest [K
pulling f5c702d8820d:   6% ▕█                 ▏ 1.8 GB/ 28 GB   60 MB/s   7m23s[K[?25h[?2026l[?2026h[?25l[A[1Gpulling manifest [K
pulling f5c702d8820d:   6% ▕█                 ▏ 1.8 GB/ 28 GB   60 MB/s   7m23s[K[?25h[?2026l[?2026h[?25l[A[1Gpulling manifest [K
pulling f5c702d8820d:   6% ▕█                 ▏ 1.8 GB/ 28 GB   60 MB/s   7m23s[K[?25h[?2026l[?2026h[?25l[A[1Gpulling manifest [K
pulling f5c702d8820d:   6% ▕█                 ▏ 1.8 GB/ 28 GB   60 MB/s   7m23s[K[?25h[?2026l[?2026h[?25l[A[1Gpulling manifest [K
pulling f5c702d8820d:   6% ▕█                 ▏ 1.8 GB/ 28 GB   60 MB/s   7m23s[K[?25h[?2026l[?2026h[?25l[A[1Gpulling manifest [K
pulling f5c702d8820d:   6% ▕█                 ▏ 1.8 GB/ 28 GB   60 MB/s   7m22s[K[?25h[?2026l[?2026h[?25l[A[1Gpulling manifest [K
pulling f5c702d8820d:   6% ▕█                 ▏ 1.8 GB/ 28 GB   60 MB/s   7m22s[K[?25h[?2026l[?2026h[?25l[A[1Gpulling manifest [K
pulling f5c702d8820d:   6% ▕█                 ▏ 1.8 GB/ 28 GB   60 MB/s   7m22s[K[?25h[?2026l[?2026h[?25l[A[1Gpulling manifest [K
pulling f5c702d8820d:   6% ▕█                 ▏ 1.8 GB/ 28 GB   60 MB/s   7m22s[K[?25h[?2026l[?2026h[?25l[A[1Gpulling manifest [K
pulling f5c702d8820d:   6% ▕█                 ▏ 1.8 GB/ 28 GB   60 MB/s   7m22s[K[?25h[?2026l[?2026h[?25l[A[1Gpulling manifest [K
pulling f5c702d8820d:   6% ▕█                 ▏ 1.8 GB/ 28 GB   60 MB/s   7m22s[K[?25h[?2026l[?2026h[?25l[A[1Gpulling manifest [K
pulling f5c702d8820d:   6% ▕█                 ▏ 1.8 GB/ 28 GB   60 MB/s   7m22s[K[?25h[?2026l[?2026h[?25l[A[1Gpulling manifest [K
pulling f5c702d8820d:   6% ▕█                 ▏ 1.9 GB/ 28 GB   60 MB/s   7m22s[K[?25h[?2026l[?2026h[?25l[A[1Gpulling manifest [K
pulling f5c702d8820d:   7% ▕█                 ▏ 1.9 GB/ 28 GB   60 MB/s   7m22s[K[?25h[?2026l[?2026h[?25l[A[1Gpulling manifest [K
pulling f5c702d8820d:   7% ▕█                 ▏ 1.9 GB/ 28 GB   60 MB/s   7m22s[K[?25h[?2026l[?2026h[?25l[A[1Gpulling manifest [K
pulling f5c702d8820d:   7% ▕█                 ▏ 1.9 GB/ 28 GB   60 MB/s   7m21s[K[?25h[?2026l[?2026h[?25l[A[1Gpulling manifest [K
pulling f5c702d8820d:   7% ▕█                 ▏ 1.9 GB/ 28 GB   60 MB/s   7m21s[K[?25h[?2026l[?2026h[?25l[A[1Gpulling manifest [K
pulling f5c702d8820d:   7% ▕█                 ▏ 1.9 GB/ 28 GB   60 MB/s   7m21s[K[?25h[?2026l[?2026h[?25l[A[1Gpulling manifest [K
pulling f5c702d8820d:   7% ▕█                 ▏ 1.9 GB/ 28 GB   60 MB/s   7m21s[K[?25h[?2026l[?2026h[?25l[A[1Gpulling manifest [K
pulling f5c702d8820d:   7% ▕█                 ▏ 1.9 GB/ 28 GB   60 MB/s   7m21s[K[?25h[?2026l[?2026h[?25l[A[1Gpulling manifest [K
pulling f5c702d8820d:   7% ▕█                 ▏ 1.9 GB/ 28 GB   60 MB/s   7m21s[K[?25h[?2026l[?2026h[?25l[A[1Gpulling manifest [K
pulling f5c702d8820d:   7% ▕█                 ▏ 1.9 GB/ 28 GB   60 MB/s   7m21s[K[?25h[?2026l[?2026h[?25l[A[1Gpulling manifest [K
pulling f5c702d8820d:   7% ▕█                 ▏ 1.9 GB/ 28 GB   60 MB/s   7m21s[K[?25h[?2026l[?2026h[?25l[A[1Gpulling manifest [K
pulling f5c702d8820d:   7% ▕█                 ▏ 1.9 GB/ 28 GB   60 MB/s   7m21s[K[?25h[?2026l[?2026h[?25l[A[1Gpulling manifest [K
pulling f5c702d8820d:   7% ▕█                 ▏ 1.9 GB/ 28 GB   60 MB/s   7m21s[K[?25h[?2026l[?2026h[?25l[A[1Gpulling manifest [K
pulling f5c702d8820d:   7% ▕█                 ▏ 1.9 GB/ 28 GB   60 MB/s   7m21s[K[?25h[?2026l[?2026h[?25l[A[1Gpulling manifest [K
pulling f5c702d8820d:   7% ▕█                 ▏ 1.9 GB/ 28 GB   60 MB/s   7m20s[K[?25h[?2026l[?2026h[?25l[A[1Gpulling manifest [K
pulling f5c702d8820d:   7% ▕█                 ▏ 1.9 GB/ 28 GB   60 MB/s   7m20s[K[?25h[?2026l[?2026h[?25l[A[1Gpulling manifest [K
pulling f5c702d8820d:   7% ▕█                 ▏ 2.0 GB/ 28 GB   60 MB/s   7m20s[K[?25h[?2026l[?2026h[?25l[A[1Gpulling manifest [K
pulling f5c702d8820d:   7% ▕█                 ▏ 2.0 GB/ 28 GB   60 MB/s   7m20s[K[?25h[?2026l[?2026h[?25l[A[1Gpulling manifest [K
pulling f5c702d8820d:   7% ▕█                 ▏ 2.0 GB/ 28 GB   60 MB/s   7m20s[K[?25h[?2026l[?2026h[?25l[A[1Gpulling manifest [K
pulling f5c702d8820d:   7% ▕█                 ▏ 2.0 GB/ 28 GB   60 MB/s   7m20s[K[?25h[?2026l[?2026h[?25l[A[1Gpulling manifest [K
pulling f5c702d8820d:   7% ▕█                 ▏ 2.0 GB/ 28 GB   60 MB/s   7m20s[K[?25h[?2026l[?2026h[?25l[A[1Gpulling manifest [K
pulling f5c702d8820d:   7% ▕█                 ▏ 2.0 GB/ 28 GB   60 MB/s   7m20s[K[?25h[?2026l[?2026h[?25l[A[1Gpulling manifest [K
pulling f5c702d8820d:   7% ▕█                 ▏ 2.0 GB/ 28 GB   60 MB/s   7m20s[K[?25h[?2026l[?2026h[?25l[A[1Gpulling manifest [K
pulling f5c702d8820d:   7% ▕█                 ▏ 2.0 GB/ 28 GB   60 MB/s   7m20s[K[?25h[?2026l[?2026h[?25l[A[1Gpulling manifest [K
pulling f5c702d8820d:   7% ▕█                 ▏ 2.0 GB/ 28 GB   60 MB/s   7m19s[K[?25h[?2026l[?2026h[?25l[A[1Gpulling manifest [K
pulling f5c702d8820d:   7% ▕█                 ▏ 2.0 GB/ 28 GB   60 MB/s   7m19s[K[?25h[?2026l[?2026h[?25l[A[1Gpulling manifest [K
pulling f5c702d8820d:   7% ▕█                 ▏ 2.0 GB/ 28 GB   60 MB/s   7m19s[K[?25h[?2026l[?2026h[?25l[A[1Gpulling manifest [K
pulling f5c702d8820d:   7% ▕█                 ▏ 2.0 GB/ 28 GB   60 MB/s   7m19s[K[?25h[?2026l[?2026h[?25l[A[1Gpulling manifest [K
pulling f5c702d8820d:   7% ▕█                 ▏ 2.0 GB/ 28 GB   60 MB/s   7m19s[K[?25h[?2026l[?2026h[?25l[A[1Gpulling manifest [K
pulling f5c702d8820d:   7% ▕█                 ▏ 2.0 GB/ 28 GB   60 MB/s   7m19s[K[?25h[?2026l[?2026h[?25l[A[1Gpulling manifest [K
pulling f5c702d8820d:   7% ▕█                 ▏ 2.0 GB/ 28 GB   60 MB/s   7m18s[K[?25h[?2026l[?2026h[?25l[A[1Gpulling manifest [K
pulling f5c702d8820d:   7% ▕█                 ▏ 2.0 GB/ 28 GB   60 MB/s   7m18s[K[?25h[?2026l[?2026h[?25l[A[1Gpulling manifest [K
pulling f5c702d8820d:   7% ▕█                 ▏ 2.1 GB/ 28 GB   60 MB/s   7m18s[K[?25h[?2026l[?2026h[?25l[A[1Gpulling manifest [K
pulling f5c702d8820d:   7% ▕█                 ▏ 2.1 GB/ 28 GB   60 MB/s   7m18s[K[?25h[?2026l[?2026h[?25l[A[1Gpulling manifest [K
pulling f5c702d8820d:   7% ▕█                 ▏ 2.1 GB/ 28 GB   60 MB/s   7m18s[K[?25h[?2026l[?2026h[?25l[A[1Gpulling manifest [K
pulling f5c702d8820d:   7% ▕█                 ▏ 2.1 GB/ 28 GB   60 MB/s   7m19s[K[?25h[?2026l[?2026h[?25l[A[1Gpulling manifest [K
pulling f5c702d8820d:   7% ▕█                 ▏ 2.1 GB/ 28 GB   60 MB/s   7m18s[K[?25h[?2026l[?2026h[?25l[A[1Gpulling manifest [K
pulling f5c702d8820d:   7% ▕█                 ▏ 2.1 GB/ 28 GB   60 MB/s   7m18s[K[?25h[?2026l[?2026h[?25l[A[1Gpulling manifest [K
pulling f5c702d8820d:   7% ▕█                 ▏ 2.1 GB/ 28 GB   60 MB/s   7m18s[K[?25h[?2026l[?2026h[?25l[A[1Gpulling manifest [K
pulling f5c702d8820d:   7% ▕█                 ▏ 2.1 GB/ 28 GB   60 MB/s   7m18s[K[?25h[?2026l[?2026h[?25l[A[1Gpulling manifest [K
pulling f5c702d8820d:   7% ▕█                 ▏ 2.1 GB/ 28 GB   60 MB/s   7m18s[K[?25h[?2026l[?2026h[?25l[A[1Gpulling manifest [K
pulling f5c702d8820d:   7% ▕█                 ▏ 2.1 GB/ 28 GB   60 MB/s   7m18s[K[?25h[?2026l[?2026h[?25l[A[1Gpulling manifest [K
pulling f5c702d8820d:   7% ▕█                 ▏ 2.1 GB/ 28 GB   60 MB/s   7m18s[K[?25h[?2026l[?2026h[?25l[A[1Gpulling manifest [K
pulling f5c702d8820d:   7% ▕█                 ▏ 2.1 GB/ 28 GB   60 MB/s   7m18s[K[?25h[?2026l[?2026h[?25l[A[1Gpulling manifest [K
pulling f5c702d8820d:   7% ▕█                 ▏ 2.1 GB/ 28 GB   60 MB/s   7m18s[K[?25h[?2026l[?2026h[?25l[A[1Gpulling manifest [K
pulling f5c702d8820d:   7% ▕█                 ▏ 2.1 GB/ 28 GB   60 MB/s   7m17s[K[?25h[?2026l[?2026h[?25l[A[1Gpulling manifest [K
pulling f5c702d8820d:   7% ▕█                 ▏ 2.1 GB/ 28 GB   60 MB/s   7m17s[K[?25h[?2026l[?2026h[?25l[A[1Gpulling manifest [K
pulling f5c702d8820d:   8% ▕█                 ▏ 2.1 GB/ 28 GB   60 MB/s   7m17s[K[?25h[?2026l[?2026h[?25l[A[1Gpulling manifest [K
pulling f5c702d8820d:   8% ▕█                 ▏ 2.1 GB/ 28 GB   60 MB/s   7m17s[K[?25h[?2026l[?2026h[?25l[A[1Gpulling manifest [K
pulling f5c702d8820d:   8% ▕█                 ▏ 2.2 GB/ 28 GB   60 MB/s   7m17s[K[?25h[?2026l[?2026h[?25l[A[1Gpulling manifest [K
pulling f5c702d8820d:   8% ▕█                 ▏ 2.2 GB/ 28 GB   60 MB/s   7m17s[K[?25h[?2026l[?2026h[?25l[A[1Gpulling manifest [K
pulling f5c702d8820d:   8% ▕█                 ▏ 2.2 GB/ 28 GB   60 MB/s   7m16s[K[?25h[?2026l[?2026h[?25l[A[1Gpulling manifest [K
pulling f5c702d8820d:   8% ▕█                 ▏ 2.2 GB/ 28 GB   60 MB/s   7m16s[K[?25h[?2026l[?2026h[?25l[A[1Gpulling manifest [K
pulling f5c702d8820d:   8% ▕█                 ▏ 2.2 GB/ 28 GB   60 MB/s   7m16s[K[?25h[?2026l[?2026h[?25l[A[1Gpulling manifest [K
pulling f5c702d8820d:   8% ▕█                 ▏ 2.2 GB/ 28 GB   60 MB/s   7m16s[K[?25h[?2026l[?2026h[?25l[A[1Gpulling manifest [K
pulling f5c702d8820d:   8% ▕█                 ▏ 2.2 GB/ 28 GB   60 MB/s   7m16s[K[?25h[?2026l[?2026h[?25l[A[1Gpulling manifest [K
pulling f5c702d8820d:   8% ▕█                 ▏ 2.2 GB/ 28 GB   61 MB/s    7m7s[K[?25h[?2026l[?2026h[?25l[A[1Gpulling manifest [K
pulling f5c702d8820d:   8% ▕█                 ▏ 2.2 GB/ 28 GB   61 MB/s    7m7s[K[?25h[?2026l[?2026h[?25l[A[1Gpulling manifest [K
pulling f5c702d8820d:   8% ▕█                 ▏ 2.2 GB/ 28 GB   61 MB/s    7m7s[K[?25h[?2026l[?2026h[?25l[A[1Gpulling manifest [K
pulling f5c702d8820d:   8% ▕█                 ▏ 2.2 GB/ 28 GB   61 MB/s    7m7s[K[?25h[?2026l[?2026h[?25l[A[1Gpulling manifest [K
pulling f5c702d8820d:   8% ▕█                 ▏ 2.2 GB/ 28 GB   61 MB/s    7m7s[K[?25h[?2026l[?2026h[?25l[A[1Gpulling manifest [K
pulling f5c702d8820d:   8% ▕█                 ▏ 2.2 GB/ 28 GB   61 MB/s    7m7s[K[?25h[?2026l[?2026h[?25l[A[1Gpulling manifest [K
pulling f5c702d8820d:   8% ▕█                 ▏ 2.2 GB/ 28 GB   61 MB/s    7m6s[K[?25h[?2026l[?2026h[?25l[A[1Gpulling manifest [K
pulling f5c702d8820d:   8% ▕█                 ▏ 2.2 GB/ 28 GB   61 MB/s    7m6s[K[?25h[?2026l[?2026h[?25l[A[1Gpulling manifest [K
pulling f5c702d8820d:   8% ▕█                 ▏ 2.2 GB/ 28 GB   61 MB/s    7m6s[K[?25h[?2026l[?2026h[?25l[A[1Gpulling manifest [K
pulling f5c702d8820d:   8% ▕█                 ▏ 2.3 GB/ 28 GB   61 MB/s    7m6s[K[?25h[?2026l[?2026h[?25l[A[1Gpulling manifest [K
pulling f5c702d8820d:   8% ▕█                 ▏ 2.3 GB/ 28 GB   62 MB/s   6m59s[K[?25h[?2026l[?2026h[?25l[A[1Gpulling manifest [K
pulling f5c702d8820d:   8% ▕█                 ▏ 2.3 GB/ 28 GB   62 MB/s   6m58s[K[?25h[?2026l[?2026h[?25l[A[1Gpulling manifest [K
pulling f5c702d8820d:   8% ▕█                 ▏ 2.3 GB/ 28 GB   62 MB/s   6m58s[K[?25h[?2026l[?2026h[?25l[A[1Gpulling manifest [K
pulling f5c702d8820d:   8% ▕█                 ▏ 2.3 GB/ 28 GB   62 MB/s   6m58s[K[?25h[?2026l[?2026h[?25l[A[1Gpulling manifest [K
pulling f5c702d8820d:   8% ▕█                 ▏ 2.3 GB/ 28 GB   62 MB/s   6m58s[K[?25h[?2026l[?2026h[?25l[A[1Gpulling manifest [K
pulling f5c702d8820d:   8% ▕█                 ▏ 2.3 GB/ 28 GB   62 MB/s   6m58s[K[?25h[?2026l[?2026h[?25l[A[1Gpulling manifest [K
pulling f5c702d8820d:   8% ▕█                 ▏ 2.3 GB/ 28 GB   62 MB/s   6m58s[K[?25h[?2026l[?2026h[?25l[A[1Gpulling manifest [K
pulling f5c702d8820d:   8% ▕█                 ▏ 2.3 GB/ 28 GB   62 MB/s   6m58s[K[?25h[?2026l[?2026h[?25l[A[1Gpulling manifest [K
pulling f5c702d8820d:   8% ▕█                 ▏ 2.3 GB/ 28 GB   62 MB/s   6m58s[K[?25h[?2026l[?2026h[?25l[A[1Gpulling manifest [K
pulling f5c702d8820d:   8% ▕█                 ▏ 2.3 GB/ 28 GB   62 MB/s   6m58s[K[?25h[?2026l[?2026h[?25l[A[1Gpulling manifest [K
pulling f5c702d8820d:   8% ▕█                 ▏ 2.3 GB/ 28 GB   62 MB/s    7m2s[K[?25h[?2026l[?2026h[?25l[A[1Gpulling manifest [K
pulling f5c702d8820d:   8% ▕█                 ▏ 2.3 GB/ 28 GB   62 MB/s    7m1s[K[?25h[?2026l[?2026h[?25l[A[1Gpulling manifest [K
pulling f5c702d8820d:   8% ▕█                 ▏ 2.3 GB/ 28 GB   62 MB/s    7m1s[K[?25h[?2026l[?2026h[?25l[A[1Gpulling manifest [K
pulling f5c702d8820d:   8% ▕█                 ▏ 2.3 GB/ 28 GB   62 MB/s    7m1s[K[?25h[?2026l[?2026h[?25l[A[1Gpulling manifest [K
pulling f5c702d8820d:   8% ▕█                 ▏ 2.3 GB/ 28 GB   62 MB/s    7m1s[K[?25h[?2026l[?2026h[?25l[A[1Gpulling manifest [K
pulling f5c702d8820d:   8% ▕█                 ▏ 2.4 GB/ 28 GB   62 MB/s    7m1s[K[?25h[?2026l[?2026h[?25l[A[1Gpulling manifest [K
pulling f5c702d8820d:   8% ▕█                 ▏ 2.4 GB/ 28 GB   62 MB/s    7m1s[K[?25h[?2026l[?2026h[?25l[A[1Gpulling manifest [K
pulling f5c702d8820d:   8% ▕█                 ▏ 2.4 GB/ 28 GB   62 MB/s    7m1s[K[?25h[?2026l[?2026h[?25l[A[1Gpulling manifest [K
pulling f5c702d8820d:   8% ▕█                 ▏ 2.4 GB/ 28 GB   62 MB/s    7m1s[K[?25h[?2026l[?2026h[?25l[A[1Gpulling manifest [K
pulling f5c702d8820d:   8% ▕█                 ▏ 2.4 GB/ 28 GB   62 MB/s    7m1s[K[?25h[?2026l[?2026h[?25l[A[1Gpulling manifest [K
pulling f5c702d8820d:   8% ▕█                 ▏ 2.4 GB/ 28 GB   62 MB/s    7m0s[K[?25h[?2026l[?2026h[?25l[A[1Gpulling manifest [K
pulling f5c702d8820d:   8% ▕█                 ▏ 2.4 GB/ 28 GB   62 MB/s    7m0s[K[?25h[?2026l[?2026h[?25l[A[1Gpulling manifest [K
pulling f5c702d8820d:   8% ▕█                 ▏ 2.4 GB/ 28 GB   62 MB/s    7m0s[K[?25h[?2026l[?2026h[?25l[A[1Gpulling manifest [K
pulling f5c702d8820d:   8% ▕█                 ▏ 2.4 GB/ 28 GB   62 MB/s    7m0s[K[?25h[?2026l[?2026h[?25l[A[1Gpulling manifest [K
pulling f5c702d8820d:   8% ▕█                 ▏ 2.4 GB/ 28 GB   62 MB/s    7m0s[K[?25h[?2026l[?2026h[?25l[A[1Gpulling manifest [K
pulling f5c702d8820d:   8% ▕█                 ▏ 2.4 GB/ 28 GB   62 MB/s    7m0s[K[?25h[?2026l[?2026h[?25l[A[1Gpulling manifest [K
pulling f5c702d8820d:   8% ▕█                 ▏ 2.4 GB/ 28 GB   62 MB/s    7m0s[K[?25h[?2026l[?2026h[?25l[A[1Gpulling manifest [K
pulling f5c702d8820d:   8% ▕█                 ▏ 2.4 GB/ 28 GB   62 MB/s    7m0s[K[?25h[?2026l[?2026h[?25l[A[1Gpulling manifest [K
pulling f5c702d8820d:   8% ▕█                 ▏ 2.4 GB/ 28 GB   62 MB/s    7m0s[K[?25h[?2026l[?2026h[?25l[A[1Gpulling manifest [K
pulling f5c702d8820d:   9% ▕█                 ▏ 2.4 GB/ 28 GB   62 MB/s    7m0s[K[?25h[?2026l[?2026h[?25l[A[1Gpulling manifest [K
pulling f5c702d8820d:   9% ▕█                 ▏ 2.4 GB/ 28 GB   62 MB/s   6m59s[K[?25h[?2026l[?2026h[?25l[A[1Gpulling manifest [K
pulling f5c702d8820d:   9% ▕█                 ▏ 2.4 GB/ 28 GB   62 MB/s   6m59s[K[?25h[?2026l[?2026h[?25l[A[1Gpulling manifest [K
pulling f5c702d8820d:   9% ▕█                 ▏ 2.5 GB/ 28 GB   62 MB/s   6m59s[K[?25h[?2026l[?2026h[?25l[A[1Gpulling manifest [K
pulling f5c702d8820d:   9% ▕█                 ▏ 2.5 GB/ 28 GB   62 MB/s   6m59s[K[?25h[?2026l[?2026h[?25l[A[1Gpulling manifest [K
pulling f5c702d8820d:   9% ▕█                 ▏ 2.5 GB/ 28 GB   62 MB/s   6m59s[K[?25h[?2026l[?2026h[?25l[A[1Gpulling manifest [K
pulling f5c702d8820d:   9% ▕█                 ▏ 2.5 GB/ 28 GB   62 MB/s   6m59s[K[?25h[?2026l[?2026h[?25l[A[1Gpulling manifest [K
pulling f5c702d8820d:   9% ▕█                 ▏ 2.5 GB/ 28 GB   62 MB/s   6m59s[K[?25h[?2026l[?2026h[?25l[A[1Gpulling manifest [K
pulling f5c702d8820d:   9% ▕█                 ▏ 2.5 GB/ 28 GB   62 MB/s   6m59s[K[?25h[?2026l[?2026h[?25l[A[1Gpulling manifest [K
pulling f5c702d8820d:   9% ▕█                 ▏ 2.5 GB/ 28 GB   62 MB/s   6m59s[K[?25h[?2026l[?2026h[?25l[A[1Gpulling manifest [K
pulling f5c702d8820d:   9% ▕█                 ▏ 2.5 GB/ 28 GB   62 MB/s   6m59s[K[?25h[?2026l[?2026h[?25l[A[1Gpulling manifest [K
pulling f5c702d8820d:   9% ▕█                 ▏ 2.5 GB/ 28 GB   62 MB/s   6m58s[K[?25h[?2026l[?2026h[?25l[A[1Gpulling manifest [K
pulling f5c702d8820d:   9% ▕█                 ▏ 2.5 GB/ 28 GB   62 MB/s   6m58s[K[?25h[?2026l[?2026h[?25l[A[1Gpulling manifest [K
pulling f5c702d8820d:   9% ▕█                 ▏ 2.5 GB/ 28 GB   62 MB/s   6m58s[K[?25h[?2026l[?2026h[?25l[A[1Gpulling manifest [K
pulling f5c702d8820d:   9% ▕█                 ▏ 2.5 GB/ 28 GB   62 MB/s   6m58s[K[?25h[?2026l[?2026h[?25l[A[1Gpulling manifest [K
pulling f5c702d8820d:   9% ▕█                 ▏ 2.5 GB/ 28 GB   62 MB/s   6m58s[K[?25h[?2026l[?2026h[?25l[A[1Gpulling manifest [K
pulling f5c702d8820d:   9% ▕█                 ▏ 2.5 GB/ 28 GB   62 MB/s   6m58s[K[?25h[?2026l[?2026h[?25l[A[1Gpulling manifest [K
pulling f5c702d8820d:   9% ▕█                 ▏ 2.5 GB/ 28 GB   62 MB/s   6m58s[K[?25h[?2026l[?2026h[?25l[A[1Gpulling manifest [K
pulling f5c702d8820d:   9% ▕█                 ▏ 2.5 GB/ 28 GB   62 MB/s   6m58s[K[?25h[?2026l[?2026h[?25l[A[1Gpulling manifest [K
pulling f5c702d8820d:   9% ▕█                 ▏ 2.6 GB/ 28 GB   62 MB/s   6m58s[K[?25h[?2026l[?2026h[?25l[A[1Gpulling manifest [K
pulling f5c702d8820d:   9% ▕█                 ▏ 2.6 GB/ 28 GB   62 MB/s   6m58s[K[?25h[?2026l[?2026h[?25l[A[1Gpulling manifest [K
pulling f5c702d8820d:   9% ▕█                 ▏ 2.6 GB/ 28 GB   62 MB/s   6m57s[K[?25h[?2026l[?2026h[?25l[A[1Gpulling manifest [K
pulling f5c702d8820d:   9% ▕█                 ▏ 2.6 GB/ 28 GB   62 MB/s   6m58s[K[?25h[?2026l[?2026h[?25l[A[1Gpulling manifest [K
pulling f5c702d8820d:   9% ▕█                 ▏ 2.6 GB/ 28 GB   62 MB/s   6m57s[K[?25h[?2026l[?2026h[?25l[A[1Gpulling manifest [K
pulling f5c702d8820d:   9% ▕█                 ▏ 2.6 GB/ 28 GB   62 MB/s   6m57s[K[?25h[?2026l[?2026h[?25l[A[1Gpulling manifest [K
pulling f5c702d8820d:   9% ▕█                 ▏ 2.6 GB/ 28 GB   62 MB/s   6m57s[K[?25h[?2026l[?2026h[?25l[A[1Gpulling manifest [K
pulling f5c702d8820d:   9% ▕█                 ▏ 2.6 GB/ 28 GB   62 MB/s   6m57s[K[?25h[?2026l[?2026h[?25l[A[1Gpulling manifest [K
pulling f5c702d8820d:   9% ▕█                 ▏ 2.6 GB/ 28 GB   62 MB/s   6m57s[K[?25h[?2026l[?2026h[?25l[A[1Gpulling manifest [K
pulling f5c702d8820d:   9% ▕█                 ▏ 2.6 GB/ 28 GB   62 MB/s   6m57s[K[?25h[?2026l[?2026h[?25l[A[1Gpulling manifest [K
pulling f5c702d8820d:   9% ▕█                 ▏ 2.6 GB/ 28 GB   62 MB/s   6m57s[K[?25h[?2026l[?2026h[?25l[A[1Gpulling manifest [K
pulling f5c702d8820d:   9% ▕█                 ▏ 2.6 GB/ 28 GB   62 MB/s   6m57s[K[?25h[?2026l[?2026h[?25l[A[1Gpulling manifest [K
pulling f5c702d8820d:   9% ▕█                 ▏ 2.6 GB/ 28 GB   62 MB/s   6m57s[K[?25h[?2026l[?2026h[?25l[A[1Gpulling manifest [K
pulling f5c702d8820d:   9% ▕█                 ▏ 2.6 GB/ 28 GB   62 MB/s   6m56s[K[?25h[?2026l[?2026h[?25l[A[1Gpulling manifest [K
pulling f5c702d8820d:   9% ▕█                 ▏ 2.6 GB/ 28 GB   62 MB/s   6m56s[K[?25h[?2026l[?2026h[?25l[A[1Gpulling manifest [K
pulling f5c702d8820d:   9% ▕█                 ▏ 2.6 GB/ 28 GB   62 MB/s   6m56s[K[?25h[?2026l[?2026h[?25l[A[1Gpulling manifest [K
pulling f5c702d8820d:   9% ▕█                 ▏ 2.7 GB/ 28 GB   62 MB/s   6m56s[K[?25h[?2026l[?2026h[?25l[A[1Gpulling manifest [K
pulling f5c702d8820d:   9% ▕█                 ▏ 2.7 GB/ 28 GB   62 MB/s   6m56s[K[?25h[?2026l[?2026h[?25l[A[1Gpulling manifest [K
pulling f5c702d8820d:   9% ▕█                 ▏ 2.7 GB/ 28 GB   62 MB/s   6m55s[K[?25h[?2026l[?2026h[?25l[A[1Gpulling manifest [K
pulling f5c702d8820d:   9% ▕█                 ▏ 2.7 GB/ 28 GB   62 MB/s   6m55s[K[?25h[?2026l[?2026h[?25l[A[1Gpulling manifest [K
pulling f5c702d8820d:   9% ▕█                 ▏ 2.7 GB/ 28 GB   62 MB/s   6m55s[K[?25h[?2026l[?2026h[?25l[A[1Gpulling manifest [K
pulling f5c702d8820d:   9% ▕█                 ▏ 2.7 GB/ 28 GB   62 MB/s   6m55s[K[?25h[?2026l[?2026h[?25l[A[1Gpulling manifest [K
pulling f5c702d8820d:   9% ▕█                 ▏ 2.7 GB/ 28 GB   62 MB/s   6m55s[K[?25h[?2026l[?2026h[?25l[A[1Gpulling manifest [K
pulling f5c702d8820d:   9% ▕█                 ▏ 2.7 GB/ 28 GB   62 MB/s   6m55s[K[?25h[?2026l[?2026h[?25l[A[1Gpulling manifest [K
pulling f5c702d8820d:   9% ▕█                 ▏ 2.7 GB/ 28 GB   62 MB/s   6m55s[K[?25h[?2026l[?2026h[?25l[A[1Gpulling manifest [K
pulling f5c702d8820d:   9% ▕█                 ▏ 2.7 GB/ 28 GB   62 MB/s   6m55s[K[?25h[?2026l[?2026h[?25l[A[1Gpulling manifest [K
pulling f5c702d8820d:   9% ▕█                 ▏ 2.7 GB/ 28 GB   62 MB/s   6m55s[K[?25h[?2026l[?2026h[?25l[A[1Gpulling manifest [K
pulling f5c702d8820d:  10% ▕█                 ▏ 2.7 GB/ 28 GB   62 MB/s   6m55s[K[?25h[?2026l[?2026h[?25l[A[1Gpulling manifest [K
pulling f5c702d8820d:  10% ▕█                 ▏ 2.7 GB/ 28 GB   62 MB/s   6m55s[K[?25h[?2026l[?2026h[?25l[A[1Gpulling manifest [K
pulling f5c702d8820d:  10% ▕█                 ▏ 2.7 GB/ 28 GB   62 MB/s   6m55s[K[?25h[?2026l[?2026h[?25l[A[1Gpulling manifest [K
pulling f5c702d8820d:  10% ▕█                 ▏ 2.7 GB/ 28 GB   62 MB/s   6m55s[K[?25h[?2026l[?2026h[?25l[A[1Gpulling manifest [K
pulling f5c702d8820d:  10% ▕█                 ▏ 2.7 GB/ 28 GB   62 MB/s   6m55s[K[?25h[?2026l[?2026h[?25l[A[1Gpulling manifest [K
pulling f5c702d8820d:  10% ▕█                 ▏ 2.7 GB/ 28 GB   62 MB/s   6m55s[K[?25h[?2026l[?2026h[?25l[A[1Gpulling manifest [K
pulling f5c702d8820d:  10% ▕█                 ▏ 2.8 GB/ 28 GB   62 MB/s   6m54s[K[?25h[?2026l[?2026h[?25l[A[1Gpulling manifest [K
pulling f5c702d8820d:  10% ▕█                 ▏ 2.8 GB/ 28 GB   62 MB/s   6m54s[K[?25h[?2026l[?2026h[?25l[A[1Gpulling manifest [K
pulling f5c702d8820d:  10% ▕█                 ▏ 2.8 GB/ 28 GB   62 MB/s   6m54s[K[?25h[?2026l[?2026h[?25l[A[1Gpulling manifest [K
pulling f5c702d8820d:  10% ▕█                 ▏ 2.8 GB/ 28 GB   62 MB/s   6m54s[K[?25h[?2026l[?2026h[?25l[A[1Gpulling manifest [K
pulling f5c702d8820d:  10% ▕█                 ▏ 2.8 GB/ 28 GB   62 MB/s   6m54s[K[?25h[?2026l[?2026h[?25l[A[1Gpulling manifest [K
pulling f5c702d8820d:  10% ▕█                 ▏ 2.8 GB/ 28 GB   62 MB/s   6m54s[K[?25h[?2026l[?2026h[?25l[A[1Gpulling manifest [K
pulling f5c702d8820d:  10% ▕█                 ▏ 2.8 GB/ 28 GB   62 MB/s   6m53s[K[?25h[?2026l[?2026h[?25l[A[1Gpulling manifest [K
pulling f5c702d8820d:  10% ▕█                 ▏ 2.8 GB/ 28 GB   62 MB/s   6m53s[K[?25h[?2026l[?2026h[?25l[A[1Gpulling manifest [K
pulling f5c702d8820d:  10% ▕█                 ▏ 2.8 GB/ 28 GB   62 MB/s   6m53s[K[?25h[?2026l[?2026h[?25l[A[1Gpulling manifest [K
pulling f5c702d8820d:  10% ▕█                 ▏ 2.8 GB/ 28 GB   62 MB/s   6m53s[K[?25h[?2026l[?2026h[?25l[A[1Gpulling manifest [K
pulling f5c702d8820d:  10% ▕█                 ▏ 2.8 GB/ 28 GB   62 MB/s   6m53s[K[?25h[?2026l[?2026h[?25l[A[1Gpulling manifest [K
pulling f5c702d8820d:  10% ▕█                 ▏ 2.8 GB/ 28 GB   62 MB/s   6m53s[K[?25h[?2026l[?2026h[?25l[A[1Gpulling manifest [K
pulling f5c702d8820d:  10% ▕█                 ▏ 2.8 GB/ 28 GB   62 MB/s   6m53s[K[?25h[?2026l[?2026h[?25l[A[1Gpulling manifest [K
pulling f5c702d8820d:  10% ▕█                 ▏ 2.8 GB/ 28 GB   62 MB/s   6m53s[K[?25h[?2026l[?2026h[?25l[A[1Gpulling manifest [K
pulling f5c702d8820d:  10% ▕█                 ▏ 2.8 GB/ 28 GB   62 MB/s   6m53s[K[?25h[?2026l[?2026h[?25l[A[1Gpulling manifest [K
pulling f5c702d8820d:  10% ▕█                 ▏ 2.8 GB/ 28 GB   62 MB/s   6m53s[K[?25h[?2026l[?2026h[?25l[A[1Gpulling manifest [K
pulling f5c702d8820d:  10% ▕█                 ▏ 2.9 GB/ 28 GB   62 MB/s   6m53s[K[?25h[?2026l[?2026h[?25l[A[1Gpulling manifest [K
pulling f5c702d8820d:  10% ▕█                 ▏ 2.9 GB/ 28 GB   62 MB/s   6m53s[K[?25h[?2026l[?2026h[?25l[A[1Gpulling manifest [K
pulling f5c702d8820d:  10% ▕█                 ▏ 2.9 GB/ 28 GB   62 MB/s   6m53s[K[?25h[?2026l[?2026h[?25l[A[1Gpulling manifest [K
pulling f5c702d8820d:  10% ▕█                 ▏ 2.9 GB/ 28 GB   62 MB/s   6m53s[K[?25h[?2026l[?2026h[?25l[A[1Gpulling manifest [K
pulling f5c702d8820d:  10% ▕█                 ▏ 2.9 GB/ 28 GB   62 MB/s   6m52s[K[?25h[?2026l[?2026h[?25l[A[1Gpulling manifest [K
pulling f5c702d8820d:  10% ▕█                 ▏ 2.9 GB/ 28 GB   62 MB/s   6m49s[K[?25h[?2026l[?2026h[?25l[A[1Gpulling manifest [K
pulling f5c702d8820d:  10% ▕█                 ▏ 2.9 GB/ 28 GB   62 MB/s   6m49s[K[?25h[?2026l[?2026h[?25l[A[1Gpulling manifest [K
pulling f5c702d8820d:  10% ▕█                 ▏ 2.9 GB/ 28 GB   62 MB/s   6m49s[K[?25h[?2026l[?2026h[?25l[A[1Gpulling manifest [K
pulling f5c702d8820d:  10% ▕█                 ▏ 2.9 GB/ 28 GB   62 MB/s   6m49s[K[?25h[?2026l[?2026h[?25l[A[1Gpulling manifest [K
pulling f5c702d8820d:  10% ▕█                 ▏ 2.9 GB/ 28 GB   62 MB/s   6m49s[K[?25h[?2026l[?2026h[?25l[A[1Gpulling manifest [K
pulling f5c702d8820d:  10% ▕█                 ▏ 2.9 GB/ 28 GB   62 MB/s   6m48s[K[?25h[?2026l[?2026h[?25l[A[1Gpulling manifest [K
pulling f5c702d8820d:  10% ▕█                 ▏ 2.9 GB/ 28 GB   62 MB/s   6m48s[K[?25h[?2026l[?2026h[?25l[A[1Gpulling manifest [K
pulling f5c702d8820d:  10% ▕█                 ▏ 2.9 GB/ 28 GB   62 MB/s   6m48s[K[?25h[?2026l[?2026h[?25l[A[1Gpulling manifest [K
pulling f5c702d8820d:  10% ▕█                 ▏ 2.9 GB/ 28 GB   62 MB/s   6m48s[K[?25h[?2026l[?2026h[?25l[A[1Gpulling manifest [K
pulling f5c702d8820d:  10% ▕█                 ▏ 2.9 GB/ 28 GB   62 MB/s   6m48s[K[?25h[?2026l[?2026h[?25l[A[1Gpulling manifest [K
pulling f5c702d8820d:  10% ▕█                 ▏ 2.9 GB/ 28 GB   60 MB/s    7m1s[K[?25h[?2026l[?2026h[?25l[A[1Gpulling manifest [K
pulling f5c702d8820d:  10% ▕█                 ▏ 2.9 GB/ 28 GB   60 MB/s    7m1s[K[?25h[?2026l[?2026h[?25l[A[1Gpulling manifest [K
pulling f5c702d8820d:  10% ▕█                 ▏ 2.9 GB/ 28 GB   60 MB/s    7m1s[K[?25h[?2026l[?2026h[?25l[A[1Gpulling manifest [K
pulling f5c702d8820d:  10% ▕█                 ▏ 2.9 GB/ 28 GB   60 MB/s    7m1s[K[?25h[?2026l[?2026h[?25l[A[1Gpulling manifest [K
pulling f5c702d8820d:  10% ▕█                 ▏ 3.0 GB/ 28 GB   60 MB/s    7m1s[K[?25h[?2026l[?2026h[?25l[A[1Gpulling manifest [K
pulling f5c702d8820d:  10% ▕█                 ▏ 3.0 GB/ 28 GB   60 MB/s    7m0s[K[?25h[?2026l[?2026h[?25l[A[1Gpulling manifest [K
pulling f5c702d8820d:  10% ▕█                 ▏ 3.0 GB/ 28 GB   60 MB/s    7m0s[K[?25h[?2026l[?2026h[?25l[A[1Gpulling manifest [K
pulling f5c702d8820d:  10% ▕█                 ▏ 3.0 GB/ 28 GB   60 MB/s    7m0s[K[?25h[?2026l[?2026h[?25l[A[1Gpulling manifest [K
pulling f5c702d8820d:  10% ▕█                 ▏ 3.0 GB/ 28 GB   60 MB/s    7m0s[K[?25h[?2026l[?2026h[?25l[A[1Gpulling manifest [K
pulling f5c702d8820d:  10% ▕█                 ▏ 3.0 GB/ 28 GB   60 MB/s    7m0s[K[?25h[?2026l[?2026h[?25l[A[1Gpulling manifest [K
pulling f5c702d8820d:  10% ▕█                 ▏ 3.0 GB/ 28 GB   60 MB/s    7m0s[K[?25h[?2026l[?2026h[?25l[A[1Gpulling manifest [K
pulling f5c702d8820d:  10% ▕█                 ▏ 3.0 GB/ 28 GB   60 MB/s    7m0s[K[?25h[?2026l[?2026h[?25l[A[1Gpulling manifest [K
pulling f5c702d8820d:  10% ▕█                 ▏ 3.0 GB/ 28 GB   60 MB/s    7m0s[K[?25h[?2026l[?2026h[?25l[A[1Gpulling manifest [K
pulling f5c702d8820d:  11% ▕█                 ▏ 3.0 GB/ 28 GB   60 MB/s    7m0s[K[?25h[?2026l[?2026h[?25l[A[1Gpulling manifest [K
pulling f5c702d8820d:  11% ▕█                 ▏ 3.0 GB/ 28 GB   60 MB/s    7m0s[K[?25h[?2026l[?2026h[?25l[A[1Gpulling manifest [K
pulling f5c702d8820d:  11% ▕█                 ▏ 3.0 GB/ 28 GB   60 MB/s    7m0s[K[?25h[?2026l[?2026h[?25l[A[1Gpulling manifest [K
pulling f5c702d8820d:  11% ▕█                 ▏ 3.0 GB/ 28 GB   60 MB/s   6m59s[K[?25h[?2026l[?2026h[?25l[A[1Gpulling manifest [K
pulling f5c702d8820d:  11% ▕█                 ▏ 3.0 GB/ 28 GB   60 MB/s   6m59s[K[?25h[?2026l[?2026h[?25l[A[1Gpulling manifest [K
pulling f5c702d8820d:  11% ▕█                 ▏ 3.0 GB/ 28 GB   60 MB/s   6m59s[K[?25h[?2026l[?2026h[?25l[A[1Gpulling manifest [K
pulling f5c702d8820d:  11% ▕█                 ▏ 3.0 GB/ 28 GB   60 MB/s   6m59s[K[?25h[?2026l[?2026h[?25l[A[1Gpulling manifest [K
pulling f5c702d8820d:  11% ▕█                 ▏ 3.1 GB/ 28 GB   60 MB/s   6m59s[K[?25h[?2026l[?2026h[?25l[A[1Gpulling manifest [K
pulling f5c702d8820d:  11% ▕█                 ▏ 3.1 GB/ 28 GB   60 MB/s   6m59s[K[?25h[?2026l[?2026h[?25l[A[1Gpulling manifest [K
pulling f5c702d8820d:  11% ▕█                 ▏ 3.1 GB/ 28 GB   60 MB/s   6m59s[K[?25h[?2026l[?2026h[?25l[A[1Gpulling manifest [K
pulling f5c702d8820d:  11% ▕█                 ▏ 3.1 GB/ 28 GB   60 MB/s   6m58s[K[?25h[?2026l[?2026h[?25l[A[1Gpulling manifest [K
pulling f5c702d8820d:  11% ▕█                 ▏ 3.1 GB/ 28 GB   60 MB/s   6m58s[K[?25h[?2026l[?2026h[?25l[A[1Gpulling manifest [K
pulling f5c702d8820d:  11% ▕█                 ▏ 3.1 GB/ 28 GB   60 MB/s   6m58s[K[?25h[?2026l[?2026h[?25l[A[1Gpulling manifest [K
pulling f5c702d8820d:  11% ▕█                 ▏ 3.1 GB/ 28 GB   60 MB/s   6m58s[K[?25h[?2026l[?2026h[?25l[A[1Gpulling manifest [K
pulling f5c702d8820d:  11% ▕█                 ▏ 3.1 GB/ 28 GB   60 MB/s   6m58s[K[?25h[?2026l[?2026h[?25l[A[1Gpulling manifest [K
pulling f5c702d8820d:  11% ▕█                 ▏ 3.1 GB/ 28 GB   60 MB/s   6m58s[K[?25h[?2026l[?2026h[?25l[A[1Gpulling manifest [K
pulling f5c702d8820d:  11% ▕█                 ▏ 3.1 GB/ 28 GB   60 MB/s   6m58s[K[?25h[?2026l[?2026h[?25l[A[1Gpulling manifest [K
pulling f5c702d8820d:  11% ▕█                 ▏ 3.1 GB/ 28 GB   60 MB/s   6m58s[K[?25h[?2026l[?2026h[?25l[A[1Gpulling manifest [K
pulling f5c702d8820d:  11% ▕█                 ▏ 3.1 GB/ 28 GB   60 MB/s   6m58s[K[?25h[?2026l[?2026h[?25l[A[1Gpulling manifest [K
pulling f5c702d8820d:  11% ▕█                 ▏ 3.1 GB/ 28 GB   60 MB/s   6m57s[K[?25h[?2026l[?2026h[?25l[A[1Gpulling manifest [K
pulling f5c702d8820d:  11% ▕█                 ▏ 3.1 GB/ 28 GB   60 MB/s   6m57s[K[?25h[?2026l[?2026h[?25l[A[1Gpulling manifest [K
pulling f5c702d8820d:  11% ▕█                 ▏ 3.1 GB/ 28 GB   60 MB/s   6m57s[K[?25h[?2026l[?2026h[?25l[A[1Gpulling manifest [K
pulling f5c702d8820d:  11% ▕█                 ▏ 3.1 GB/ 28 GB   60 MB/s   6m57s[K[?25h[?2026l[?2026h[?25l[A[1Gpulling manifest [K
pulling f5c702d8820d:  11% ▕█                 ▏ 3.2 GB/ 28 GB   60 MB/s   6m57s[K[?25h[?2026l[?2026h[?25l[A[1Gpulling manifest [K
pulling f5c702d8820d:  11% ▕█                 ▏ 3.2 GB/ 28 GB   60 MB/s   6m57s[K[?25h[?2026l[?2026h[?25l[A[1Gpulling manifest [K
pulling f5c702d8820d:  11% ▕█                 ▏ 3.2 GB/ 28 GB   60 MB/s   6m57s[K[?25h[?2026l[?2026h[?25l[A[1Gpulling manifest [K
pulling f5c702d8820d:  11% ▕█                 ▏ 3.2 GB/ 28 GB   60 MB/s   6m57s[K[?25h[?2026l[?2026h[?25l[A[1Gpulling manifest [K
pulling f5c702d8820d:  11% ▕█                 ▏ 3.2 GB/ 28 GB   60 MB/s   6m57s[K[?25h[?2026l[?2026h[?25l[A[1Gpulling manifest [K
pulling f5c702d8820d:  11% ▕██                ▏ 3.2 GB/ 28 GB   60 MB/s   6m57s[K[?25h[?2026l[?2026h[?25l[A[1Gpulling manifest [K
pulling f5c702d8820d:  11% ▕██                ▏ 3.2 GB/ 28 GB   60 MB/s   6m57s[K[?25h[?2026l[?2026h[?25l[A[1Gpulling manifest [K
pulling f5c702d8820d:  11% ▕██                ▏ 3.2 GB/ 28 GB   60 MB/s   6m57s[K[?25h[?2026l[?2026h[?25l[A[1Gpulling manifest [K
pulling f5c702d8820d:  11% ▕██                ▏ 3.2 GB/ 28 GB   60 MB/s   6m56s[K[?25h[?2026l[?2026h[?25l[A[1Gpulling manifest [K
pulling f5c702d8820d:  11% ▕██                ▏ 3.2 GB/ 28 GB   60 MB/s   6m56s[K[?25h[?2026l[?2026h[?25l[A[1Gpulling manifest [K
pulling f5c702d8820d:  11% ▕██                ▏ 3.2 GB/ 28 GB   60 MB/s   6m56s[K[?25h[?2026l[?2026h[?25l[A[1Gpulling manifest [K
pulling f5c702d8820d:  11% ▕██                ▏ 3.2 GB/ 28 GB   60 MB/s   6m56s[K[?25h[?2026l[?2026h[?25l[A[1Gpulling manifest [K
pulling f5c702d8820d:  11% ▕██                ▏ 3.2 GB/ 28 GB   60 MB/s   6m56s[K[?25h[?2026l[?2026h[?25l[A[1Gpulling manifest [K
pulling f5c702d8820d:  11% ▕██                ▏ 3.2 GB/ 28 GB   60 MB/s   6m56s[K[?25h[?2026l[?2026h[?25l[A[1Gpulling manifest [K
pulling f5c702d8820d:  11% ▕██                ▏ 3.2 GB/ 28 GB   60 MB/s   6m56s[K[?25h[?2026l[?2026h[?25l[A[1Gpulling manifest [K
pulling f5c702d8820d:  11% ▕██                ▏ 3.2 GB/ 28 GB   60 MB/s   6m56s[K[?25h[?2026l[?2026h[?25l[A[1Gpulling manifest [K
pulling f5c702d8820d:  11% ▕██                ▏ 3.3 GB/ 28 GB   60 MB/s   6m56s[K[?25h[?2026l[?2026h[?25l[A[1Gpulling manifest [K
pulling f5c702d8820d:  11% ▕██                ▏ 3.3 GB/ 28 GB   60 MB/s   6m56s[K[?25h[?2026l[?2026h[?25l[A[1Gpulling manifest [K
pulling f5c702d8820d:  11% ▕██                ▏ 3.3 GB/ 28 GB   60 MB/s   6m56s[K[?25h[?2026l[?2026h[?25l[A[1Gpulling manifest [K
pulling f5c702d8820d:  11% ▕██                ▏ 3.3 GB/ 28 GB   60 MB/s   6m56s[K[?25h[?2026l[?2026h[?25l[A[1Gpulling manifest [K
pulling f5c702d8820d:  11% ▕██                ▏ 3.3 GB/ 28 GB   60 MB/s   6m56s[K[?25h[?2026l[?2026h[?25l[A[1Gpulling manifest [K
pulling f5c702d8820d:  11% ▕██                ▏ 3.3 GB/ 28 GB   60 MB/s   6m55s[K[?25h[?2026l[?2026h[?25l[A[1Gpulling manifest [K
pulling f5c702d8820d:  11% ▕██                ▏ 3.3 GB/ 28 GB   60 MB/s   6m55s[K[?25h[?2026l[?2026h[?25l[A[1Gpulling manifest [K
pulling f5c702d8820d:  12% ▕██                ▏ 3.3 GB/ 28 GB   60 MB/s   6m55s[K[?25h[?2026l[?2026h[?25l[A[1Gpulling manifest [K
pulling f5c702d8820d:  12% ▕██                ▏ 3.3 GB/ 28 GB   60 MB/s   6m55s[K[?25h[?2026l[?2026h[?25l[A[1Gpulling manifest [K
pulling f5c702d8820d:  12% ▕██                ▏ 3.3 GB/ 28 GB   60 MB/s   6m55s[K[?25h[?2026l[?2026h[?25l[A[1Gpulling manifest [K
pulling f5c702d8820d:  12% ▕██                ▏ 3.3 GB/ 28 GB   60 MB/s   6m55s[K[?25h[?2026l[?2026h[?25l[A[1Gpulling manifest [K
pulling f5c702d8820d:  12% ▕██                ▏ 3.3 GB/ 28 GB   60 MB/s   6m55s[K[?25h[?2026l[?2026h[?25l[A[1Gpulling manifest [K
pulling f5c702d8820d:  12% ▕██                ▏ 3.3 GB/ 28 GB   60 MB/s   6m55s[K[?25h[?2026l[?2026h[?25l[A[1Gpulling manifest [K
pulling f5c702d8820d:  12% ▕██                ▏ 3.3 GB/ 28 GB   60 MB/s   6m54s[K[?25h[?2026l[?2026h[?25l[A[1Gpulling manifest [K
pulling f5c702d8820d:  12% ▕██                ▏ 3.3 GB/ 28 GB   60 MB/s   6m54s[K[?25h[?2026l[?2026h[?25l[A[1Gpulling manifest [K
pulling f5c702d8820d:  12% ▕██                ▏ 3.3 GB/ 28 GB   60 MB/s   6m54s[K[?25h[?2026l[?2026h[?25l[A[1Gpulling manifest [K
pulling f5c702d8820d:  12% ▕██                ▏ 3.3 GB/ 28 GB   60 MB/s   6m54s[K[?25h[?2026l[?2026h[?25l[A[1Gpulling manifest [K
pulling f5c702d8820d:  12% ▕██                ▏ 3.4 GB/ 28 GB   60 MB/s   6m54s[K[?25h[?2026l[?2026h[?25l[A[1Gpulling manifest [K
pulling f5c702d8820d:  12% ▕██                ▏ 3.4 GB/ 28 GB   60 MB/s   6m54s[K[?25h[?2026l[?2026h[?25l[A[1Gpulling manifest [K
pulling f5c702d8820d:  12% ▕██                ▏ 3.4 GB/ 28 GB   60 MB/s   6m54s[K[?25h[?2026l[?2026h[?25l[A[1Gpulling manifest [K
pulling f5c702d8820d:  12% ▕██                ▏ 3.4 GB/ 28 GB   60 MB/s   6m54s[K[?25h[?2026l[?2026h[?25l[A[1Gpulling manifest [K
pulling f5c702d8820d:  12% ▕██                ▏ 3.4 GB/ 28 GB   60 MB/s   6m54s[K[?25h[?2026l[?2026h[?25l[A[1Gpulling manifest [K
pulling f5c702d8820d:  12% ▕██                ▏ 3.4 GB/ 28 GB   60 MB/s   6m53s[K[?25h[?2026l[?2026h[?25l[A[1Gpulling manifest [K
pulling f5c702d8820d:  12% ▕██                ▏ 3.4 GB/ 28 GB   60 MB/s   6m53s[K[?25h[?2026l[?2026h[?25l[A[1Gpulling manifest [K
pulling f5c702d8820d:  12% ▕██                ▏ 3.4 GB/ 28 GB   60 MB/s   6m53s[K[?25h[?2026l[?2026h[?25l[A[1Gpulling manifest [K
pulling f5c702d8820d:  12% ▕██                ▏ 3.4 GB/ 28 GB   60 MB/s   6m53s[K[?25h[?2026l[?2026h[?25l[A[1Gpulling manifest [K
pulling f5c702d8820d:  12% ▕██                ▏ 3.4 GB/ 28 GB   60 MB/s   6m53s[K[?25h[?2026l[?2026h[?25l[A[1Gpulling manifest [K
pulling f5c702d8820d:  12% ▕██                ▏ 3.4 GB/ 28 GB   60 MB/s   6m53s[K[?25h[?2026l[?2026h[?25l[A[1Gpulling manifest [K
pulling f5c702d8820d:  12% ▕██                ▏ 3.4 GB/ 28 GB   60 MB/s   6m53s[K[?25h[?2026l[?2026h[?25l[A[1Gpulling manifest [K
pulling f5c702d8820d:  12% ▕██                ▏ 3.4 GB/ 28 GB   60 MB/s   6m53s[K[?25h[?2026l[?2026h[?25l[A[1Gpulling manifest [K
pulling f5c702d8820d:  12% ▕██                ▏ 3.4 GB/ 28 GB   60 MB/s   6m53s[K[?25h[?2026l[?2026h[?25l[A[1Gpulling manifest [K
pulling f5c702d8820d:  12% ▕██                ▏ 3.4 GB/ 28 GB   60 MB/s   6m53s[K[?25h[?2026l[?2026h[?25l[A[1Gpulling manifest [K
pulling f5c702d8820d:  12% ▕██                ▏ 3.4 GB/ 28 GB   60 MB/s   6m53s[K[?25h[?2026l[?2026h[?25l[A[1Gpulling manifest [K
pulling f5c702d8820d:  12% ▕██                ▏ 3.5 GB/ 28 GB   60 MB/s   6m53s[K[?25h[?2026l[?2026h[?25l[A[1Gpulling manifest [K
pulling f5c702d8820d:  12% ▕██                ▏ 3.5 GB/ 28 GB   60 MB/s   6m52s[K[?25h[?2026l[?2026h[?25l[A[1Gpulling manifest [K
pulling f5c702d8820d:  12% ▕██                ▏ 3.5 GB/ 28 GB   60 MB/s   6m52s[K[?25h[?2026l[?2026h[?25l[A[1Gpulling manifest [K
pulling f5c702d8820d:  12% ▕██                ▏ 3.5 GB/ 28 GB   60 MB/s   6m52s[K[?25h[?2026l[?2026h[?25l[A[1Gpulling manifest [K
pulling f5c702d8820d:  12% ▕██                ▏ 3.5 GB/ 28 GB   60 MB/s   6m52s[K[?25h[?2026l[?2026h[?25l[A[1Gpulling manifest [K
pulling f5c702d8820d:  12% ▕██                ▏ 3.5 GB/ 28 GB   60 MB/s   6m52s[K[?25h[?2026l[?2026h[?25l[A[1Gpulling manifest [K
pulling f5c702d8820d:  12% ▕██                ▏ 3.5 GB/ 28 GB   60 MB/s   6m52s[K[?25h[?2026l[?2026h[?25l[A[1Gpulling manifest [K
pulling f5c702d8820d:  12% ▕██                ▏ 3.5 GB/ 28 GB   62 MB/s   6m39s[K[?25h[?2026l[?2026h[?25l[A[1Gpulling manifest [K
pulling f5c702d8820d:  12% ▕██                ▏ 3.5 GB/ 28 GB   62 MB/s   6m39s[K[?25h[?2026l[?2026h[?25l[A[1Gpulling manifest [K
pulling f5c702d8820d:  12% ▕██                ▏ 3.5 GB/ 28 GB   62 MB/s   6m39s[K[?25h[?2026l[?2026h[?25l[A[1Gpulling manifest [K
pulling f5c702d8820d:  12% ▕██                ▏ 3.5 GB/ 28 GB   62 MB/s   6m39s[K[?25h[?2026l[?2026h[?25l[A[1Gpulling manifest [K
pulling f5c702d8820d:  12% ▕██                ▏ 3.5 GB/ 28 GB   62 MB/s   6m39s[K[?25h[?2026l[?2026h[?25l[A[1Gpulling manifest [K
pulling f5c702d8820d:  12% ▕██                ▏ 3.5 GB/ 28 GB   62 MB/s   6m39s[K[?25h[?2026l[?2026h[?25l[A[1Gpulling manifest [K
pulling f5c702d8820d:  12% ▕██                ▏ 3.5 GB/ 28 GB   62 MB/s   6m39s[K[?25h[?2026l[?2026h[?25l[A[1Gpulling manifest [K
pulling f5c702d8820d:  12% ▕██                ▏ 3.5 GB/ 28 GB   62 MB/s   6m39s[K[?25h[?2026l[?2026h[?25l[A[1Gpulling manifest [K
pulling f5c702d8820d:  12% ▕██                ▏ 3.5 GB/ 28 GB   62 MB/s   6m39s[K[?25h[?2026l[?2026h[?25l[A[1Gpulling manifest [K
pulling f5c702d8820d:  12% ▕██                ▏ 3.6 GB/ 28 GB   62 MB/s   6m39s[K[?25h[?2026l[?2026h[?25l[A[1Gpulling manifest [K
pulling f5c702d8820d:  12% ▕██                ▏ 3.6 GB/ 28 GB   62 MB/s   6m38s[K[?25h[?2026l[?2026h[?25l[A[1Gpulling manifest [K
pulling f5c702d8820d:  12% ▕██                ▏ 3.6 GB/ 28 GB   62 MB/s   6m38s[K[?25h[?2026l[?2026h[?25l[A[1Gpulling manifest [K
pulling f5c702d8820d:  12% ▕██                ▏ 3.6 GB/ 28 GB   62 MB/s   6m38s[K[?25h[?2026l[?2026h[?25l[A[1Gpulling manifest [K
pulling f5c702d8820d:  12% ▕██                ▏ 3.6 GB/ 28 GB   62 MB/s   6m38s[K[?25h[?2026l[?2026h[?25l[A[1Gpulling manifest [K
pulling f5c702d8820d:  13% ▕██                ▏ 3.6 GB/ 28 GB   62 MB/s   6m38s[K[?25h[?2026l[?2026h[?25l[A[1Gpulling manifest [K
pulling f5c702d8820d:  13% ▕██                ▏ 3.6 GB/ 28 GB   62 MB/s   6m38s[K[?25h[?2026l[?2026h[?25l[A[1Gpulling manifest [K
pulling f5c702d8820d:  13% ▕██                ▏ 3.6 GB/ 28 GB   62 MB/s   6m38s[K[?25h[?2026l[?2026h[?25l[A[1Gpulling manifest [K
pulling f5c702d8820d:  13% ▕██                ▏ 3.6 GB/ 28 GB   62 MB/s   6m37s[K[?25h[?2026l[?2026h[?25l[A[1Gpulling manifest [K
pulling f5c702d8820d:  13% ▕██                ▏ 3.6 GB/ 28 GB   62 MB/s   6m37s[K[?25h[?2026l[?2026h[?25l[A[1Gpulling manifest [K
pulling f5c702d8820d:  13% ▕██                ▏ 3.6 GB/ 28 GB   62 MB/s   6m37s[K[?25h[?2026l[?2026h[?25l[A[1Gpulling manifest [K
pulling f5c702d8820d:  13% ▕██                ▏ 3.6 GB/ 28 GB   62 MB/s   6m41s[K[?25h[?2026l[?2026h[?25l[A[1Gpulling manifest [K
pulling f5c702d8820d:  13% ▕██                ▏ 3.6 GB/ 28 GB   62 MB/s   6m40s[K[?25h[?2026l[?2026h[?25l[A[1Gpulling manifest [K
pulling f5c702d8820d:  13% ▕██                ▏ 3.6 GB/ 28 GB   62 MB/s   6m40s[K[?25h[?2026l[?2026h[?25l[A[1Gpulling manifest [K
pulling f5c702d8820d:  13% ▕██                ▏ 3.6 GB/ 28 GB   62 MB/s   6m40s[K[?25h[?2026l[?2026h[?25l[A[1Gpulling manifest [K
pulling f5c702d8820d:  13% ▕██                ▏ 3.6 GB/ 28 GB   62 MB/s   6m40s[K[?25h[?2026l[?2026h[?25l[A[1Gpulling manifest [K
pulling f5c702d8820d:  13% ▕██                ▏ 3.6 GB/ 28 GB   62 MB/s   6m40s[K[?25h[?2026l[?2026h[?25l[A[1Gpulling manifest [K
pulling f5c702d8820d:  13% ▕██                ▏ 3.7 GB/ 28 GB   62 MB/s   6m40s[K[?25h[?2026l[?2026h[?25l[A[1Gpulling manifest [K
pulling f5c702d8820d:  13% ▕██                ▏ 3.7 GB/ 28 GB   62 MB/s   6m40s[K[?25h[?2026l[?2026h[?25l[A[1Gpulling manifest [K
pulling f5c702d8820d:  13% ▕██                ▏ 3.7 GB/ 28 GB   62 MB/s   6m40s[K[?25h[?2026l[?2026h[?25l[A[1Gpulling manifest [K
pulling f5c702d8820d:  13% ▕██                ▏ 3.7 GB/ 28 GB   62 MB/s   6m40s[K[?25h[?2026l[?2026h[?25l[A[1Gpulling manifest [K
pulling f5c702d8820d:  13% ▕██                ▏ 3.7 GB/ 28 GB   62 MB/s   6m40s[K[?25h[?2026l[?2026h[?25l[A[1Gpulling manifest [K
pulling f5c702d8820d:  13% ▕██                ▏ 3.7 GB/ 28 GB   62 MB/s   6m40s[K[?25h[?2026l[?2026h[?25l[A[1Gpulling manifest [K
pulling f5c702d8820d:  13% ▕██                ▏ 3.7 GB/ 28 GB   62 MB/s   6m39s[K[?25h[?2026l[?2026h[?25l[A[1Gpulling manifest [K
pulling f5c702d8820d:  13% ▕██                ▏ 3.7 GB/ 28 GB   62 MB/s   6m39s[K[?25h[?2026l[?2026h[?25l[A[1Gpulling manifest [K
pulling f5c702d8820d:  13% ▕██                ▏ 3.7 GB/ 28 GB   62 MB/s   6m39s[K[?25h[?2026l[?2026h[?25l[A[1Gpulling manifest [K
pulling f5c702d8820d:  13% ▕██                ▏ 3.7 GB/ 28 GB   62 MB/s   6m39s[K[?25h[?2026l[?2026h[?25l[A[1Gpulling manifest [K
pulling f5c702d8820d:  13% ▕██                ▏ 3.7 GB/ 28 GB   62 MB/s   6m39s[K[?25h[?2026l[?2026h[?25l[A[1Gpulling manifest [K
pulling f5c702d8820d:  13% ▕██                ▏ 3.7 GB/ 28 GB   62 MB/s   6m39s[K[?25h[?2026l[?2026h[?25l[A[1Gpulling manifest [K
pulling f5c702d8820d:  13% ▕██                ▏ 3.7 GB/ 28 GB   62 MB/s   6m39s[K[?25h[?2026l[?2026h[?25l[A[1Gpulling manifest [K
pulling f5c702d8820d:  13% ▕██                ▏ 3.7 GB/ 28 GB   62 MB/s   6m39s[K[?25h[?2026l[?2026h[?25l[A[1Gpulling manifest [K
pulling f5c702d8820d:  13% ▕██                ▏ 3.7 GB/ 28 GB   62 MB/s   6m39s[K[?25h[?2026l[?2026h[?25l[A[1Gpulling manifest [K
pulling f5c702d8820d:  13% ▕██                ▏ 3.7 GB/ 28 GB   62 MB/s   6m39s[K[?25h[?2026l[?2026h[?25l[A[1Gpulling manifest [K
pulling f5c702d8820d:  13% ▕██                ▏ 3.8 GB/ 28 GB   62 MB/s   6m39s[K[?25h[?2026l[?2026h[?25l[A[1Gpulling manifest [K
pulling f5c702d8820d:  13% ▕██                ▏ 3.8 GB/ 28 GB   62 MB/s   6m39s[K[?25h[?2026l[?2026h[?25l[A[1Gpulling manifest [K
pulling f5c702d8820d:  13% ▕██                ▏ 3.8 GB/ 28 GB   62 MB/s   6m38s[K[?25h[?2026l[?2026h[?25l[A[1Gpulling manifest [K
pulling f5c702d8820d:  13% ▕██                ▏ 3.8 GB/ 28 GB   62 MB/s   6m38s[K[?25h[?2026l[?2026h[?25l[A[1Gpulling manifest [K
pulling f5c702d8820d:  13% ▕██                ▏ 3.8 GB/ 28 GB   62 MB/s   6m38s[K[?25h[?2026l[?2026h[?25l[A[1Gpulling manifest [K
pulling f5c702d8820d:  13% ▕██                ▏ 3.8 GB/ 28 GB   62 MB/s   6m38s[K[?25h[?2026l[?2026h[?25l[A[1Gpulling manifest [K
pulling f5c702d8820d:  13% ▕██                ▏ 3.8 GB/ 28 GB   62 MB/s   6m38s[K[?25h[?2026l[?2026h[?25l[A[1Gpulling manifest [K
pulling f5c702d8820d:  13% ▕██                ▏ 3.8 GB/ 28 GB   62 MB/s   6m38s[K[?25h[?2026l[?2026h[?25l[A[1Gpulling manifest [K
pulling f5c702d8820d:  13% ▕██                ▏ 3.8 GB/ 28 GB   62 MB/s   6m38s[K[?25h[?2026l[?2026h[?25l[A[1Gpulling manifest [K
pulling f5c702d8820d:  13% ▕██                ▏ 3.8 GB/ 28 GB   61 MB/s   6m41s[K[?25h[?2026l[?2026h[?25l[A[1Gpulling manifest [K
pulling f5c702d8820d:  13% ▕██                ▏ 3.8 GB/ 28 GB   61 MB/s   6m41s[K[?25h[?2026l[?2026h[?25l[A[1Gpulling manifest [K
pulling f5c702d8820d:  13% ▕██                ▏ 3.8 GB/ 28 GB   61 MB/s   6m41s[K[?25h[?2026l[?2026h[?25l[A[1Gpulling manifest [K
pulling f5c702d8820d:  13% ▕██                ▏ 3.8 GB/ 28 GB   61 MB/s   6m41s[K[?25h[?2026l[?2026h[?25l[A[1Gpulling manifest [K
pulling f5c702d8820d:  13% ▕██                ▏ 3.8 GB/ 28 GB   61 MB/s   6m41s[K[?25h[?2026l[?2026h[?25l[A[1Gpulling manifest [K
pulling f5c702d8820d:  13% ▕██                ▏ 3.8 GB/ 28 GB   61 MB/s   6m40s[K[?25h[?2026l[?2026h[?25l[A[1Gpulling manifest [K
pulling f5c702d8820d:  13% ▕██                ▏ 3.8 GB/ 28 GB   61 MB/s   6m40s[K[?25h[?2026l[?2026h[?25l[A[1Gpulling manifest [K
pulling f5c702d8820d:  13% ▕██                ▏ 3.8 GB/ 28 GB   61 MB/s   6m40s[K[?25h[?2026l[?2026h[?25l[A[1Gpulling manifest [K
pulling f5c702d8820d:  13% ▕██                ▏ 3.8 GB/ 28 GB   61 MB/s   6m40s[K[?25h[?2026l[?2026h[?25l[A[1Gpulling manifest [K
pulling f5c702d8820d:  13% ▕██                ▏ 3.8 GB/ 28 GB   61 MB/s   6m40s[K[?25h[?2026l[?2026h[?25l[A[1Gpulling manifest [K
pulling f5c702d8820d:  13% ▕██                ▏ 3.8 GB/ 28 GB   60 MB/s   6m49s[K[?25h[?2026l[?2026h[?25l[A[1Gpulling manifest [K
pulling f5c702d8820d:  13% ▕██                ▏ 3.9 GB/ 28 GB   60 MB/s   6m49s[K[?25h[?2026l[?2026h[?25l[A[1Gpulling manifest [K
pulling f5c702d8820d:  14% ▕██                ▏ 3.9 GB/ 28 GB   60 MB/s   6m49s[K[?25h[?2026l[?2026h[?25l[A[1Gpulling manifest [K
pulling f5c702d8820d:  14% ▕██                ▏ 3.9 GB/ 28 GB   60 MB/s   6m49s[K[?25h[?2026l[?2026h[?25l[A[1Gpulling manifest [K
pulling f5c702d8820d:  14% ▕██                ▏ 3.9 GB/ 28 GB   60 MB/s   6m49s[K[?25h[?2026l[?2026h[?25l[A[1Gpulling manifest [K
pulling f5c702d8820d:  14% ▕██                ▏ 3.9 GB/ 28 GB   60 MB/s   6m49s[K[?25h[?2026l[?2026h[?25l[A[1Gpulling manifest [K
pulling f5c702d8820d:  14% ▕██                ▏ 3.9 GB/ 28 GB   60 MB/s   6m49s[K[?25h[?2026l[?2026h[?25l[A[1Gpulling manifest [K
pulling f5c702d8820d:  14% ▕██                ▏ 3.9 GB/ 28 GB   60 MB/s   6m49s[K[?25h[?2026l[?2026h[?25l[A[1Gpulling manifest [K
pulling f5c702d8820d:  14% ▕██                ▏ 3.9 GB/ 28 GB   60 MB/s   6m49s[K[?25h[?2026l[?2026h[?25l[A[1Gpulling manifest [K
pulling f5c702d8820d:  14% ▕██                ▏ 3.9 GB/ 28 GB   60 MB/s   6m48s[K[?25h[?2026l[?2026h[?25l[A[1Gpulling manifest [K
pulling f5c702d8820d:  14% ▕██                ▏ 3.9 GB/ 28 GB   60 MB/s   6m48s[K[?25h[?2026l[?2026h[?25l[A[1Gpulling manifest [K
pulling f5c702d8820d:  14% ▕██                ▏ 3.9 GB/ 28 GB   60 MB/s   6m48s[K[?25h[?2026l[?2026h[?25l[A[1Gpulling manifest [K
pulling f5c702d8820d:  14% ▕██                ▏ 3.9 GB/ 28 GB   60 MB/s   6m48s[K[?25h[?2026l[?2026h[?25l[A[1Gpulling manifest [K
pulling f5c702d8820d:  14% ▕██                ▏ 3.9 GB/ 28 GB   60 MB/s   6m48s[K[?25h[?2026l[?2026h[?25l[A[1Gpulling manifest [K
pulling f5c702d8820d:  14% ▕██                ▏ 3.9 GB/ 28 GB   60 MB/s   6m48s[K[?25h[?2026l[?2026h[?25l[A[1Gpulling manifest [K
pulling f5c702d8820d:  14% ▕██                ▏ 3.9 GB/ 28 GB   60 MB/s   6m48s[K[?25h[?2026l[?2026h[?25l[A[1Gpulling manifest [K
pulling f5c702d8820d:  14% ▕██                ▏ 3.9 GB/ 28 GB   60 MB/s   6m48s[K[?25h[?2026l[?2026h[?25l[A[1Gpulling manifest [K
pulling f5c702d8820d:  14% ▕██                ▏ 4.0 GB/ 28 GB   60 MB/s   6m48s[K[?25h[?2026l[?2026h[?25l[A[1Gpulling manifest [K
pulling f5c702d8820d:  14% ▕██                ▏ 4.0 GB/ 28 GB   60 MB/s   6m48s[K[?25h[?2026l[?2026h[?25l[A[1Gpulling manifest [K
pulling f5c702d8820d:  14% ▕██                ▏ 4.0 GB/ 28 GB   60 MB/s   6m47s[K[?25h[?2026l[?2026h[?25l[A[1Gpulling manifest [K
pulling f5c702d8820d:  14% ▕██                ▏ 4.0 GB/ 28 GB   60 MB/s   6m47s[K[?25h[?2026l[?2026h[?25l[A[1Gpulling manifest [K
pulling f5c702d8820d:  14% ▕██                ▏ 4.0 GB/ 28 GB   60 MB/s   6m47s[K[?25h[?2026l[?2026h[?25l[A[1Gpulling manifest [K
pulling f5c702d8820d:  14% ▕██                ▏ 4.0 GB/ 28 GB   60 MB/s   6m47s[K[?25h[?2026l[?2026h[?25l[A[1Gpulling manifest [K
pulling f5c702d8820d:  14% ▕██                ▏ 4.0 GB/ 28 GB   60 MB/s   6m47s[K[?25h[?2026l[?2026h[?25l[A[1Gpulling manifest [K
pulling f5c702d8820d:  14% ▕██                ▏ 4.0 GB/ 28 GB   60 MB/s   6m47s[K[?25h[?2026l[?2026h[?25l[A[1Gpulling manifest [K
pulling f5c702d8820d:  14% ▕██                ▏ 4.0 GB/ 28 GB   60 MB/s   6m47s[K[?25h[?2026l[?2026h[?25l[A[1Gpulling manifest [K
pulling f5c702d8820d:  14% ▕██                ▏ 4.0 GB/ 28 GB   60 MB/s   6m47s[K[?25h[?2026l[?2026h[?25l[A[1Gpulling manifest [K
pulling f5c702d8820d:  14% ▕██                ▏ 4.0 GB/ 28 GB   60 MB/s   6m46s[K[?25h[?2026l[?2026h[?25l[A[1Gpulling manifest [K
pulling f5c702d8820d:  14% ▕██                ▏ 4.0 GB/ 28 GB   60 MB/s   6m46s[K[?25h[?2026l[?2026h[?25l[A[1Gpulling manifest [K
pulling f5c702d8820d:  14% ▕██                ▏ 4.0 GB/ 28 GB   60 MB/s   6m46s[K[?25h[?2026l[?2026h[?25l[A[1Gpulling manifest [K
pulling f5c702d8820d:  14% ▕██                ▏ 4.0 GB/ 28 GB   60 MB/s   6m46s[K[?25h[?2026l[?2026h[?25l[A[1Gpulling manifest [K
pulling f5c702d8820d:  14% ▕██                ▏ 4.0 GB/ 28 GB   60 MB/s   6m46s[K[?25h[?2026l[?2026h[?25l[A[1Gpulling manifest [K
pulling f5c702d8820d:  14% ▕██                ▏ 4.0 GB/ 28 GB   60 MB/s   6m46s[K[?25h[?2026l[?2026h[?25l[A[1Gpulling manifest [K
pulling f5c702d8820d:  14% ▕██                ▏ 4.1 GB/ 28 GB   60 MB/s   6m46s[K[?25h[?2026l[?2026h[?25l[A[1Gpulling manifest [K
pulling f5c702d8820d:  14% ▕██                ▏ 4.1 GB/ 28 GB   60 MB/s   6m46s[K[?25h[?2026l[?2026h[?25l[A[1Gpulling manifest [K
pulling f5c702d8820d:  14% ▕██                ▏ 4.1 GB/ 28 GB   60 MB/s   6m46s[K[?25h[?2026l[?2026h[?25l[A[1Gpulling manifest [K
pulling f5c702d8820d:  14% ▕██                ▏ 4.1 GB/ 28 GB   60 MB/s   6m46s[K[?25h[?2026l[?2026h[?25l[A[1Gpulling manifest [K
pulling f5c702d8820d:  14% ▕██                ▏ 4.1 GB/ 28 GB   60 MB/s   6m45s[K[?25h[?2026l[?2026h[?25l[A[1Gpulling manifest [K
pulling f5c702d8820d:  14% ▕██                ▏ 4.1 GB/ 28 GB   60 MB/s   6m45s[K[?25h[?2026l[?2026h[?25l[A[1Gpulling manifest [K
pulling f5c702d8820d:  14% ▕██                ▏ 4.1 GB/ 28 GB   60 MB/s   6m45s[K[?25h[?2026l[?2026h[?25l[A[1Gpulling manifest [K
pulling f5c702d8820d:  14% ▕██                ▏ 4.1 GB/ 28 GB   60 MB/s   6m45s[K[?25h[?2026l[?2026h[?25l[A[1Gpulling manifest [K
pulling f5c702d8820d:  14% ▕██                ▏ 4.1 GB/ 28 GB   60 MB/s   6m45s[K[?25h[?2026l[?2026h[?25l[A[1Gpulling manifest [K
pulling f5c702d8820d:  14% ▕██                ▏ 4.1 GB/ 28 GB   60 MB/s   6m45s[K[?25h[?2026l[?2026h[?25l[A[1Gpulling manifest [K
pulling f5c702d8820d:  14% ▕██                ▏ 4.1 GB/ 28 GB   60 MB/s   6m45s[K[?25h[?2026l[?2026h[?25l[A[1Gpulling manifest [K
pulling f5c702d8820d:  14% ▕██                ▏ 4.1 GB/ 28 GB   60 MB/s   6m45s[K[?25h[?2026l[?2026h[?25l[A[1Gpulling manifest [K
pulling f5c702d8820d:  14% ▕██                ▏ 4.1 GB/ 28 GB   60 MB/s   6m45s[K[?25h[?2026l[?2026h[?25l[A[1Gpulling manifest [K
pulling f5c702d8820d:  14% ▕██                ▏ 4.1 GB/ 28 GB   60 MB/s   6m44s[K[?25h[?2026l[?2026h[?25l[A[1Gpulling manifest [K
pulling f5c702d8820d:  14% ▕██                ▏ 4.1 GB/ 28 GB   60 MB/s   6m44s[K[?25h[?2026l[?2026h[?25l[A[1Gpulling manifest [K
pulling f5c702d8820d:  14% ▕██                ▏ 4.1 GB/ 28 GB   60 MB/s   6m44s[K[?25h[?2026l[?2026h[?25l[A[1Gpulling manifest [K
pulling f5c702d8820d:  15% ▕██                ▏ 4.2 GB/ 28 GB   60 MB/s   6m44s[K[?25h[?2026l[?2026h[?25l[A[1Gpulling manifest [K
pulling f5c702d8820d:  15% ▕██                ▏ 4.2 GB/ 28 GB   60 MB/s   6m44s[K[?25h[?2026l[?2026h[?25l[A[1Gpulling manifest [K
pulling f5c702d8820d:  15% ▕██                ▏ 4.2 GB/ 28 GB   60 MB/s   6m41s[K[?25h[?2026l[?2026h[?25l[A[1Gpulling manifest [K
pulling f5c702d8820d:  15% ▕██                ▏ 4.2 GB/ 28 GB   60 MB/s   6m41s[K[?25h[?2026l[?2026h[?25l[A[1Gpulling manifest [K
pulling f5c702d8820d:  15% ▕██                ▏ 4.2 GB/ 28 GB   60 MB/s   6m40s[K[?25h[?2026l[?2026h[?25l[A[1Gpulling manifest [K
pulling f5c702d8820d:  15% ▕██                ▏ 4.2 GB/ 28 GB   60 MB/s   6m40s[K[?25h[?2026l[?2026h[?25l[A[1Gpulling manifest [K
pulling f5c702d8820d:  15% ▕██                ▏ 4.2 GB/ 28 GB   60 MB/s   6m40s[K[?25h[?2026l[?2026h[?25l[A[1Gpulling manifest [K
pulling f5c702d8820d:  15% ▕██                ▏ 4.2 GB/ 28 GB   60 MB/s   6m40s[K[?25h[?2026l[?2026h[?25l[A[1Gpulling manifest [K
pulling f5c702d8820d:  15% ▕██                ▏ 4.2 GB/ 28 GB   60 MB/s   6m40s[K[?25h[?2026l[?2026h[?25l[A[1Gpulling manifest [K
pulling f5c702d8820d:  15% ▕██                ▏ 4.2 GB/ 28 GB   60 MB/s   6m40s[K[?25h[?2026l[?2026h[?25l[A[1Gpulling manifest [K
pulling f5c702d8820d:  15% ▕██                ▏ 4.2 GB/ 28 GB   60 MB/s   6m40s[K[?25h[?2026l[?2026h[?25l[A[1Gpulling manifest [K
pulling f5c702d8820d:  15% ▕██                ▏ 4.2 GB/ 28 GB   60 MB/s   6m40s[K[?25h[?2026l[?2026h[?25l[A[1Gpulling manifest [K
pulling f5c702d8820d:  15% ▕██                ▏ 4.2 GB/ 28 GB   60 MB/s   6m40s[K[?25h[?2026l[?2026h[?25l[A[1Gpulling manifest [K
pulling f5c702d8820d:  15% ▕██                ▏ 4.2 GB/ 28 GB   60 MB/s   6m39s[K[?25h[?2026l[?2026h[?25l[A[1Gpulling manifest [K
pulling f5c702d8820d:  15% ▕██                ▏ 4.2 GB/ 28 GB   60 MB/s   6m39s[K[?25h[?2026l[?2026h[?25l[A[1Gpulling manifest [K
pulling f5c702d8820d:  15% ▕██                ▏ 4.2 GB/ 28 GB   60 MB/s   6m39s[K[?25h[?2026l[?2026h[?25l[A[1Gpulling manifest [K
pulling f5c702d8820d:  15% ▕██                ▏ 4.3 GB/ 28 GB   60 MB/s   6m39s[K[?25h[?2026l[?2026h[?25l[A[1Gpulling manifest [K
pulling f5c702d8820d:  15% ▕██                ▏ 4.3 GB/ 28 GB   60 MB/s   6m39s[K[?25h[?2026l[?2026h[?25l[A[1Gpulling manifest [K
pulling f5c702d8820d:  15% ▕██                ▏ 4.3 GB/ 28 GB   60 MB/s   6m39s[K[?25h[?2026l[?2026h[?25l[A[1Gpulling manifest [K
pulling f5c702d8820d:  15% ▕██                ▏ 4.3 GB/ 28 GB   60 MB/s   6m39s[K[?25h[?2026l[?2026h[?25l[A[1Gpulling manifest [K
pulling f5c702d8820d:  15% ▕██                ▏ 4.3 GB/ 28 GB   60 MB/s   6m39s[K[?25h[?2026l[?2026h[?25l[A[1Gpulling manifest [K
pulling f5c702d8820d:  15% ▕██                ▏ 4.3 GB/ 28 GB   60 MB/s   6m39s[K[?25h[?2026l[?2026h[?25l[A[1Gpulling manifest [K
pulling f5c702d8820d:  15% ▕██                ▏ 4.3 GB/ 28 GB   60 MB/s   6m39s[K[?25h[?2026l[?2026h[?25l[A[1Gpulling manifest [K
pulling f5c702d8820d:  15% ▕██                ▏ 4.3 GB/ 28 GB   60 MB/s   6m39s[K[?25h[?2026l[?2026h[?25l[A[1Gpulling manifest [K
pulling f5c702d8820d:  15% ▕██                ▏ 4.3 GB/ 28 GB   60 MB/s   6m39s[K[?25h[?2026l[?2026h[?25l[A[1Gpulling manifest [K
pulling f5c702d8820d:  15% ▕██                ▏ 4.3 GB/ 28 GB   60 MB/s   6m39s[K[?25h[?2026l[?2026h[?25l[A[1Gpulling manifest [K
pulling f5c702d8820d:  15% ▕██                ▏ 4.3 GB/ 28 GB   60 MB/s   6m39s[K[?25h[?2026l[?2026h[?25l[A[1Gpulling manifest [K
pulling f5c702d8820d:  15% ▕██                ▏ 4.3 GB/ 28 GB   60 MB/s   6m38s[K[?25h[?2026l[?2026h[?25l[A[1Gpulling manifest [K
pulling f5c702d8820d:  15% ▕██                ▏ 4.3 GB/ 28 GB   60 MB/s   6m38s[K[?25h[?2026l[?2026h[?25l[A[1Gpulling manifest [K
pulling f5c702d8820d:  15% ▕██                ▏ 4.3 GB/ 28 GB   60 MB/s   6m38s[K[?25h[?2026l[?2026h[?25l[A[1Gpulling manifest [K
pulling f5c702d8820d:  15% ▕██                ▏ 4.3 GB/ 28 GB   60 MB/s   6m38s[K[?25h[?2026l[?2026h[?25l[A[1Gpulling manifest [K
pulling f5c702d8820d:  15% ▕██                ▏ 4.3 GB/ 28 GB   60 MB/s   6m38s[K[?25h[?2026l[?2026h[?25l[A[1Gpulling manifest [K
pulling f5c702d8820d:  15% ▕██                ▏ 4.3 GB/ 28 GB   60 MB/s   6m38s[K[?25h[?2026l[?2026h[?25l[A[1Gpulling manifest [K
pulling f5c702d8820d:  15% ▕██                ▏ 4.4 GB/ 28 GB   61 MB/s   6m34s[K[?25h[?2026l[?2026h[?25l[A[1Gpulling manifest [K
pulling f5c702d8820d:  15% ▕██                ▏ 4.4 GB/ 28 GB   61 MB/s   6m34s[K[?25h[?2026l[?2026h[?25l[A[1Gpulling manifest [K
pulling f5c702d8820d:  15% ▕██                ▏ 4.4 GB/ 28 GB   61 MB/s   6m34s[K[?25h[?2026l[?2026h[?25l[A[1Gpulling manifest [K
pulling f5c702d8820d:  15% ▕██                ▏ 4.4 GB/ 28 GB   61 MB/s   6m34s[K[?25h[?2026l[?2026h[?25l[A[1Gpulling manifest [K
pulling f5c702d8820d:  15% ▕██                ▏ 4.4 GB/ 28 GB   61 MB/s   6m34s[K[?25h[?2026l[?2026h[?25l[A[1Gpulling manifest [K
pulling f5c702d8820d:  15% ▕██                ▏ 4.4 GB/ 28 GB   61 MB/s   6m34s[K[?25h[?2026l[?2026h[?25l[A[1Gpulling manifest [K
pulling f5c702d8820d:  15% ▕██                ▏ 4.4 GB/ 28 GB   61 MB/s   6m34s[K[?25h[?2026l[?2026h[?25l[A[1Gpulling manifest [K
pulling f5c702d8820d:  15% ▕██                ▏ 4.4 GB/ 28 GB   61 MB/s   6m34s[K[?25h[?2026l[?2026h[?25l[A[1Gpulling manifest [K
pulling f5c702d8820d:  15% ▕██                ▏ 4.4 GB/ 28 GB   61 MB/s   6m34s[K[?25h[?2026l[?2026h[?25l[A[1Gpulling manifest [K
pulling f5c702d8820d:  15% ▕██                ▏ 4.4 GB/ 28 GB   61 MB/s   6m34s[K[?25h[?2026l[?2026h[?25l[A[1Gpulling manifest [K
pulling f5c702d8820d:  15% ▕██                ▏ 4.4 GB/ 28 GB   62 MB/s   6m25s[K[?25h[?2026l[?2026h[?25l[A[1Gpulling manifest [K
pulling f5c702d8820d:  15% ▕██                ▏ 4.4 GB/ 28 GB   62 MB/s   6m25s[K[?25h[?2026l[?2026h[?25l[A[1Gpulling manifest [K
pulling f5c702d8820d:  15% ▕██                ▏ 4.4 GB/ 28 GB   62 MB/s   6m25s[K[?25h[?2026l[?2026h[?25l[A[1Gpulling manifest [K
pulling f5c702d8820d:  16% ▕██                ▏ 4.4 GB/ 28 GB   62 MB/s   6m24s[K[?25h[?2026l[?2026h[?25l[A[1Gpulling manifest [K
pulling f5c702d8820d:  16% ▕██                ▏ 4.4 GB/ 28 GB   62 MB/s   6m24s[K[?25h[?2026l[?2026h[?25l[A[1Gpulling manifest [K
pulling f5c702d8820d:  16% ▕██                ▏ 4.4 GB/ 28 GB   62 MB/s   6m24s[K[?25h[?2026l[?2026h[?25l[A[1Gpulling manifest [K
pulling f5c702d8820d:  16% ▕██                ▏ 4.5 GB/ 28 GB   62 MB/s   6m24s[K[?25h[?2026l[?2026h[?25l[A[1Gpulling manifest [K
pulling f5c702d8820d:  16% ▕██                ▏ 4.5 GB/ 28 GB   62 MB/s   6m24s[K[?25h[?2026l[?2026h[?25l[A[1Gpulling manifest [K
pulling f5c702d8820d:  16% ▕██                ▏ 4.5 GB/ 28 GB   62 MB/s   6m24s[K[?25h[?2026l[?2026h[?25l[A[1Gpulling manifest [K
pulling f5c702d8820d:  16% ▕██                ▏ 4.5 GB/ 28 GB   62 MB/s   6m24s[K[?25h[?2026l[?2026h[?25l[A[1Gpulling manifest [K
pulling f5c702d8820d:  16% ▕██                ▏ 4.5 GB/ 28 GB   62 MB/s   6m24s[K[?25h[?2026l[?2026h[?25l[A[1Gpulling manifest [K
pulling f5c702d8820d:  16% ▕██                ▏ 4.5 GB/ 28 GB   62 MB/s   6m24s[K[?25h[?2026l[?2026h[?25l[A[1Gpulling manifest [K
pulling f5c702d8820d:  16% ▕██                ▏ 4.5 GB/ 28 GB   62 MB/s   6m23s[K[?25h[?2026l[?2026h[?25l[A[1Gpulling manifest [K
pulling f5c702d8820d:  16% ▕██                ▏ 4.5 GB/ 28 GB   62 MB/s   6m23s[K[?25h[?2026l[?2026h[?25l[A[1Gpulling manifest [K
pulling f5c702d8820d:  16% ▕██                ▏ 4.5 GB/ 28 GB   62 MB/s   6m23s[K[?25h[?2026l[?2026h[?25l[A[1Gpulling manifest [K
pulling f5c702d8820d:  16% ▕██                ▏ 4.5 GB/ 28 GB   62 MB/s   6m23s[K[?25h[?2026l[?2026h[?25l[A[1Gpulling manifest [K
pulling f5c702d8820d:  16% ▕██                ▏ 4.5 GB/ 28 GB   62 MB/s   6m23s[K[?25h[?2026l[?2026h[?25l[A[1Gpulling manifest [K
pulling f5c702d8820d:  16% ▕██                ▏ 4.5 GB/ 28 GB   62 MB/s   6m23s[K[?25h[?2026l[?2026h[?25l[A[1Gpulling manifest [K
pulling f5c702d8820d:  16% ▕██                ▏ 4.5 GB/ 28 GB   62 MB/s   6m23s[K[?25h[?2026l[?2026h[?25l[A[1Gpulling manifest [K
pulling f5c702d8820d:  16% ▕██                ▏ 4.5 GB/ 28 GB   62 MB/s   6m23s[K[?25h[?2026l[?2026h[?25l[A[1Gpulling manifest [K
pulling f5c702d8820d:  16% ▕██                ▏ 4.5 GB/ 28 GB   62 MB/s   6m23s[K[?25h[?2026l[?2026h[?25l[A[1Gpulling manifest [K
pulling f5c702d8820d:  16% ▕██                ▏ 4.5 GB/ 28 GB   62 MB/s   6m22s[K[?25h[?2026l[?2026h[?25l[A[1Gpulling manifest [K
pulling f5c702d8820d:  16% ▕██                ▏ 4.5 GB/ 28 GB   62 MB/s   6m22s[K[?25h[?2026l[?2026h[?25l[A[1Gpulling manifest [K
pulling f5c702d8820d:  16% ▕██                ▏ 4.6 GB/ 28 GB   62 MB/s   6m22s[K[?25h[?2026l[?2026h[?25l[A[1Gpulling manifest [K
pulling f5c702d8820d:  16% ▕██                ▏ 4.6 GB/ 28 GB   62 MB/s   6m22s[K[?25h[?2026l[?2026h[?25l[A[1Gpulling manifest [K
pulling f5c702d8820d:  16% ▕██                ▏ 4.6 GB/ 28 GB   62 MB/s   6m22s[K[?25h[?2026l[?2026h[?25l[A[1Gpulling manifest [K
pulling f5c702d8820d:  16% ▕██                ▏ 4.6 GB/ 28 GB   62 MB/s   6m22s[K[?25h[?2026l[?2026h[?25l[A[1Gpulling manifest [K
pulling f5c702d8820d:  16% ▕██                ▏ 4.6 GB/ 28 GB   62 MB/s   6m22s[K[?25h[?2026l[?2026h[?25l[A[1Gpulling manifest [K
pulling f5c702d8820d:  16% ▕██                ▏ 4.6 GB/ 28 GB   62 MB/s   6m22s[K[?25h[?2026l[?2026h[?25l[A[1Gpulling manifest [K
pulling f5c702d8820d:  16% ▕██                ▏ 4.6 GB/ 28 GB   62 MB/s   6m22s[K[?25h[?2026l[?2026h[?25l[A[1Gpulling manifest [K
pulling f5c702d8820d:  16% ▕██                ▏ 4.6 GB/ 28 GB   62 MB/s   6m22s[K[?25h[?2026l[?2026h[?25l[A[1Gpulling manifest [K
pulling f5c702d8820d:  16% ▕██                ▏ 4.6 GB/ 28 GB   62 MB/s   6m22s[K[?25h[?2026l[?2026h[?25l[A[1Gpulling manifest [K
pulling f5c702d8820d:  16% ▕██                ▏ 4.6 GB/ 28 GB   62 MB/s   6m21s[K[?25h[?2026l[?2026h[?25l[A[1Gpulling manifest [K
pulling f5c702d8820d:  16% ▕██                ▏ 4.6 GB/ 28 GB   62 MB/s   6m21s[K[?25h[?2026l[?2026h[?25l[A[1Gpulling manifest [K
pulling f5c702d8820d:  16% ▕██                ▏ 4.6 GB/ 28 GB   62 MB/s   6m21s[K[?25h[?2026l[?2026h[?25l[A[1Gpulling manifest [K
pulling f5c702d8820d:  16% ▕██                ▏ 4.6 GB/ 28 GB   62 MB/s   6m21s[K[?25h[?2026l[?2026h[?25l[A[1Gpulling manifest [K
pulling f5c702d8820d:  16% ▕██                ▏ 4.6 GB/ 28 GB   62 MB/s   6m21s[K[?25h[?2026l[?2026h[?25l[A[1Gpulling manifest [K
pulling f5c702d8820d:  16% ▕██                ▏ 4.6 GB/ 28 GB   62 MB/s   6m21s[K[?25h[?2026l[?2026h[?25l[A[1Gpulling manifest [K
pulling f5c702d8820d:  16% ▕██                ▏ 4.6 GB/ 28 GB   62 MB/s   6m21s[K[?25h[?2026l[?2026h[?25l[A[1Gpulling manifest [K
pulling f5c702d8820d:  16% ▕██                ▏ 4.6 GB/ 28 GB   62 MB/s   6m21s[K[?25h[?2026l[?2026h[?25l[A[1Gpulling manifest [K
pulling f5c702d8820d:  16% ▕██                ▏ 4.7 GB/ 28 GB   62 MB/s   6m21s[K[?25h[?2026l[?2026h[?25l[A[1Gpulling manifest [K
pulling f5c702d8820d:  16% ▕██                ▏ 4.7 GB/ 28 GB   61 MB/s   6m28s[K[?25h[?2026l[?2026h[?25l[A[1Gpulling manifest [K
pulling f5c702d8820d:  16% ▕██                ▏ 4.7 GB/ 28 GB   61 MB/s   6m28s[K[?25h[?2026l[?2026h[?25l[A[1Gpulling manifest [K
pulling f5c702d8820d:  16% ▕██                ▏ 4.7 GB/ 28 GB   61 MB/s   6m28s[K[?25h[?2026l[?2026h[?25l[A[1Gpulling manifest [K
pulling f5c702d8820d:  16% ▕██                ▏ 4.7 GB/ 28 GB   61 MB/s   6m28s[K[?25h[?2026l[?2026h[?25l[A[1Gpulling manifest [K
pulling f5c702d8820d:  16% ▕██                ▏ 4.7 GB/ 28 GB   61 MB/s   6m28s[K[?25h[?2026l[?2026h[?25l[A[1Gpulling manifest [K
pulling f5c702d8820d:  16% ▕██                ▏ 4.7 GB/ 28 GB   61 MB/s   6m28s[K[?25h[?2026l[?2026h[?25l[A[1Gpulling manifest [K
pulling f5c702d8820d:  16% ▕██                ▏ 4.7 GB/ 28 GB   61 MB/s   6m28s[K[?25h[?2026l[?2026h[?25l[A[1Gpulling manifest [K
pulling f5c702d8820d:  16% ▕██                ▏ 4.7 GB/ 28 GB   61 MB/s   6m28s[K[?25h[?2026l[?2026h[?25l[A[1Gpulling manifest [K
pulling f5c702d8820d:  16% ▕██                ▏ 4.7 GB/ 28 GB   61 MB/s   6m27s[K[?25h[?2026l[?2026h[?25l[A[1Gpulling manifest [K
pulling f5c702d8820d:  16% ▕██                ▏ 4.7 GB/ 28 GB   61 MB/s   6m27s[K[?25h[?2026l[?2026h[?25l[A[1Gpulling manifest [K
pulling f5c702d8820d:  17% ▕██                ▏ 4.7 GB/ 28 GB   61 MB/s   6m27s[K[?25h[?2026l[?2026h[?25l[A[1Gpulling manifest [K
pulling f5c702d8820d:  17% ▕██                ▏ 4.7 GB/ 28 GB   61 MB/s   6m27s[K[?25h[?2026l[?2026h[?25l[A[1Gpulling manifest [K
pulling f5c702d8820d:  17% ▕██                ▏ 4.7 GB/ 28 GB   61 MB/s   6m27s[K[?25h[?2026l[?2026h[?25l[A[1Gpulling manifest [K
pulling f5c702d8820d:  17% ▕██                ▏ 4.7 GB/ 28 GB   61 MB/s   6m27s[K[?25h[?2026l[?2026h[?25l[A[1Gpulling manifest [K
pulling f5c702d8820d:  17% ▕██                ▏ 4.7 GB/ 28 GB   61 MB/s   6m27s[K[?25h[?2026l[?2026h[?25l[A[1Gpulling manifest [K
pulling f5c702d8820d:  17% ▕██                ▏ 4.7 GB/ 28 GB   61 MB/s   6m27s[K[?25h[?2026l[?2026h[?25l[A[1Gpulling manifest [K
pulling f5c702d8820d:  17% ▕██                ▏ 4.8 GB/ 28 GB   61 MB/s   6m27s[K[?25h[?2026l[?2026h[?25l[A[1Gpulling manifest [K
pulling f5c702d8820d:  17% ▕██                ▏ 4.8 GB/ 28 GB   61 MB/s   6m27s[K[?25h[?2026l[?2026h[?25l[A[1Gpulling manifest [K
pulling f5c702d8820d:  17% ▕███               ▏ 4.8 GB/ 28 GB   61 MB/s   6m27s[K[?25h[?2026l[?2026h[?25l[A[1Gpulling manifest [K
pulling f5c702d8820d:  17% ▕███               ▏ 4.8 GB/ 28 GB   61 MB/s   6m26s[K[?25h[?2026l[?2026h[?25l[A[1Gpulling manifest [K
pulling f5c702d8820d:  17% ▕███               ▏ 4.8 GB/ 28 GB   61 MB/s   6m26s[K[?25h[?2026l[?2026h[?25l[A[1Gpulling manifest [K
pulling f5c702d8820d:  17% ▕███               ▏ 4.8 GB/ 28 GB   61 MB/s   6m26s[K[?25h[?2026l[?2026h[?25l[A[1Gpulling manifest [K
pulling f5c702d8820d:  17% ▕███               ▏ 4.8 GB/ 28 GB   61 MB/s   6m26s[K[?25h[?2026l[?2026h[?25l[A[1Gpulling manifest [K
pulling f5c702d8820d:  17% ▕███               ▏ 4.8 GB/ 28 GB   61 MB/s   6m26s[K[?25h[?2026l[?2026h[?25l[A[1Gpulling manifest [K
pulling f5c702d8820d:  17% ▕███               ▏ 4.8 GB/ 28 GB   61 MB/s   6m26s[K[?25h[?2026l[?2026h[?25l[A[1Gpulling manifest [K
pulling f5c702d8820d:  17% ▕███               ▏ 4.8 GB/ 28 GB   61 MB/s   6m26s[K[?25h[?2026l[?2026h[?25l[A[1Gpulling manifest [K
pulling f5c702d8820d:  17% ▕███               ▏ 4.8 GB/ 28 GB   61 MB/s   6m26s[K[?25h[?2026l[?2026h[?25l[A[1Gpulling manifest [K
pulling f5c702d8820d:  17% ▕███               ▏ 4.8 GB/ 28 GB   61 MB/s   6m26s[K[?25h[?2026l[?2026h[?25l[A[1Gpulling manifest [K
pulling f5c702d8820d:  17% ▕███               ▏ 4.8 GB/ 28 GB   61 MB/s   6m26s[K[?25h[?2026l[?2026h[?25l[A[1Gpulling manifest [K
pulling f5c702d8820d:  17% ▕███               ▏ 4.8 GB/ 28 GB   61 MB/s   6m26s[K[?25h[?2026l[?2026h[?25l[A[1Gpulling manifest [K
pulling f5c702d8820d:  17% ▕███               ▏ 4.8 GB/ 28 GB   61 MB/s   6m25s[K[?25h[?2026l[?2026h[?25l[A[1Gpulling manifest [K
pulling f5c702d8820d:  17% ▕███               ▏ 4.8 GB/ 28 GB   61 MB/s   6m25s[K[?25h[?2026l[?2026h[?25l[A[1Gpulling manifest [K
pulling f5c702d8820d:  17% ▕███               ▏ 4.9 GB/ 28 GB   61 MB/s   6m25s[K[?25h[?2026l[?2026h[?25l[A[1Gpulling manifest [K
pulling f5c702d8820d:  17% ▕███               ▏ 4.9 GB/ 28 GB   61 MB/s   6m25s[K[?25h[?2026l[?2026h[?25l[A[1Gpulling manifest [K
pulling f5c702d8820d:  17% ▕███               ▏ 4.9 GB/ 28 GB   61 MB/s   6m24s[K[?25h[?2026l[?2026h[?25l[A[1Gpulling manifest [K
pulling f5c702d8820d:  17% ▕███               ▏ 4.9 GB/ 28 GB   61 MB/s   6m24s[K[?25h[?2026l[?2026h[?25l[A[1Gpulling manifest [K
pulling f5c702d8820d:  17% ▕███               ▏ 4.9 GB/ 28 GB   61 MB/s   6m24s[K[?25h[?2026l[?2026h[?25l[A[1Gpulling manifest [K
pulling f5c702d8820d:  17% ▕███               ▏ 4.9 GB/ 28 GB   61 MB/s   6m24s[K[?25h[?2026l[?2026h[?25l[A[1Gpulling manifest [K
pulling f5c702d8820d:  17% ▕███               ▏ 4.9 GB/ 28 GB   61 MB/s   6m24s[K[?25h[?2026l[?2026h[?25l[A[1Gpulling manifest [K
pulling f5c702d8820d:  17% ▕███               ▏ 4.9 GB/ 28 GB   61 MB/s   6m24s[K[?25h[?2026l[?2026h[?25l[A[1Gpulling manifest [K
pulling f5c702d8820d:  17% ▕███               ▏ 4.9 GB/ 28 GB   61 MB/s   6m24s[K[?25h[?2026l[?2026h[?25l[A[1Gpulling manifest [K
pulling f5c702d8820d:  17% ▕███               ▏ 4.9 GB/ 28 GB   61 MB/s   6m24s[K[?25h[?2026l[?2026h[?25l[A[1Gpulling manifest [K
pulling f5c702d8820d:  17% ▕███               ▏ 4.9 GB/ 28 GB   61 MB/s   6m24s[K[?25h[?2026l[?2026h[?25l[A[1Gpulling manifest [K
pulling f5c702d8820d:  17% ▕███               ▏ 4.9 GB/ 28 GB   61 MB/s   6m24s[K[?25h[?2026l[?2026h[?25l[A[1Gpulling manifest [K
pulling f5c702d8820d:  17% ▕███               ▏ 4.9 GB/ 28 GB   61 MB/s   6m24s[K[?25h[?2026l[?2026h[?25l[A[1Gpulling manifest [K
pulling f5c702d8820d:  17% ▕███               ▏ 4.9 GB/ 28 GB   61 MB/s   6m23s[K[?25h[?2026l[?2026h[?25l[A[1Gpulling manifest [K
pulling f5c702d8820d:  17% ▕███               ▏ 4.9 GB/ 28 GB   61 MB/s   6m23s[K[?25h[?2026l[?2026h[?25l[A[1Gpulling manifest [K
pulling f5c702d8820d:  17% ▕███               ▏ 4.9 GB/ 28 GB   61 MB/s   6m23s[K[?25h[?2026l[?2026h[?25l[A[1Gpulling manifest [K
pulling f5c702d8820d:  17% ▕███               ▏ 5.0 GB/ 28 GB   61 MB/s   6m23s[K[?25h[?2026l[?2026h[?25l[A[1Gpulling manifest [K
pulling f5c702d8820d:  17% ▕███               ▏ 5.0 GB/ 28 GB   61 MB/s   6m23s[K[?25h[?2026l[?2026h[?25l[A[1Gpulling manifest [K
pulling f5c702d8820d:  17% ▕███               ▏ 5.0 GB/ 28 GB   61 MB/s   6m23s[K[?25h[?2026l[?2026h[?25l[A[1Gpulling manifest [K
pulling f5c702d8820d:  17% ▕███               ▏ 5.0 GB/ 28 GB   61 MB/s   6m23s[K[?25h[?2026l[?2026h[?25l[A[1Gpulling manifest [K
pulling f5c702d8820d:  17% ▕███               ▏ 5.0 GB/ 28 GB   61 MB/s   6m23s[K[?25h[?2026l[?2026h[?25l[A[1Gpulling manifest [K
pulling f5c702d8820d:  17% ▕███               ▏ 5.0 GB/ 28 GB   61 MB/s   6m23s[K[?25h[?2026l[?2026h[?25l[A[1Gpulling manifest [K
pulling f5c702d8820d:  17% ▕███               ▏ 5.0 GB/ 28 GB   61 MB/s   6m22s[K[?25h[?2026l[?2026h[?25l[A[1Gpulling manifest [K
pulling f5c702d8820d:  17% ▕███               ▏ 5.0 GB/ 28 GB   61 MB/s   6m22s[K[?25h[?2026l[?2026h[?25l[A[1Gpulling manifest [K
pulling f5c702d8820d:  17% ▕███               ▏ 5.0 GB/ 28 GB   61 MB/s   6m22s[K[?25h[?2026l[?2026h[?25l[A[1Gpulling manifest [K
pulling f5c702d8820d:  18% ▕███               ▏ 5.0 GB/ 28 GB   61 MB/s   6m22s[K[?25h[?2026l[?2026h[?25l[A[1Gpulling manifest [K
pulling f5c702d8820d:  18% ▕███               ▏ 5.0 GB/ 28 GB   61 MB/s   6m22s[K[?25h[?2026l[?2026h[?25l[A[1Gpulling manifest [K
pulling f5c702d8820d:  18% ▕███               ▏ 5.0 GB/ 28 GB   61 MB/s   6m22s[K[?25h[?2026l[?2026h[?25l[A[1Gpulling manifest [K
pulling f5c702d8820d:  18% ▕███               ▏ 5.0 GB/ 28 GB   61 MB/s   6m22s[K[?25h[?2026l[?2026h[?25l[A[1Gpulling manifest [K
pulling f5c702d8820d:  18% ▕███               ▏ 5.0 GB/ 28 GB   61 MB/s   6m22s[K[?25h[?2026l[?2026h[?25l[A[1Gpulling manifest [K
pulling f5c702d8820d:  18% ▕███               ▏ 5.0 GB/ 28 GB   61 MB/s   6m22s[K[?25h[?2026l[?2026h[?25l[A[1Gpulling manifest [K
pulling f5c702d8820d:  18% ▕███               ▏ 5.0 GB/ 28 GB   61 MB/s   6m22s[K[?25h[?2026l[?2026h[?25l[A[1Gpulling manifest [K
pulling f5c702d8820d:  18% ▕███               ▏ 5.1 GB/ 28 GB   61 MB/s   6m21s[K[?25h[?2026l[?2026h[?25l[A[1Gpulling manifest [K
pulling f5c702d8820d:  18% ▕███               ▏ 5.1 GB/ 28 GB   61 MB/s   6m21s[K[?25h[?2026l[?2026h[?25l[A[1Gpulling manifest [K
pulling f5c702d8820d:  18% ▕███               ▏ 5.1 GB/ 28 GB   61 MB/s   6m21s[K[?25h[?2026l[?2026h[?25l[A[1Gpulling manifest [K
pulling f5c702d8820d:  18% ▕███               ▏ 5.1 GB/ 28 GB   61 MB/s   6m21s[K[?25h[?2026l[?2026h[?25l[A[1Gpulling manifest [K
pulling f5c702d8820d:  18% ▕███               ▏ 5.1 GB/ 28 GB   61 MB/s   6m21s[K[?25h[?2026l[?2026h[?25l[A[1Gpulling manifest [K
pulling f5c702d8820d:  18% ▕███               ▏ 5.1 GB/ 28 GB   61 MB/s   6m21s[K[?25h[?2026l[?2026h[?25l[A[1Gpulling manifest [K
pulling f5c702d8820d:  18% ▕███               ▏ 5.1 GB/ 28 GB   61 MB/s   6m21s[K[?25h[?2026l[?2026h[?25l[A[1Gpulling manifest [K
pulling f5c702d8820d:  18% ▕███               ▏ 5.1 GB/ 28 GB   61 MB/s   6m21s[K[?25h[?2026l[?2026h[?25l[A[1Gpulling manifest [K
pulling f5c702d8820d:  18% ▕███               ▏ 5.1 GB/ 28 GB   61 MB/s   6m21s[K[?25h[?2026l[?2026h[?25l[A[1Gpulling manifest [K
pulling f5c702d8820d:  18% ▕███               ▏ 5.1 GB/ 28 GB   61 MB/s   6m21s[K[?25h[?2026l[?2026h[?25l[A[1Gpulling manifest [K
pulling f5c702d8820d:  18% ▕███               ▏ 5.1 GB/ 28 GB   61 MB/s   6m21s[K[?25h[?2026l[?2026h[?25l[A[1Gpulling manifest [K
pulling f5c702d8820d:  18% ▕███               ▏ 5.1 GB/ 28 GB   61 MB/s   6m21s[K[?25h[?2026l[?2026h[?25l[A[1Gpulling manifest [K
pulling f5c702d8820d:  18% ▕███               ▏ 5.1 GB/ 28 GB   61 MB/s   6m21s[K[?25h[?2026l[?2026h[?25l[A[1Gpulling manifest [K
pulling f5c702d8820d:  18% ▕███               ▏ 5.1 GB/ 28 GB   61 MB/s   6m21s[K[?25h[?2026l[?2026h[?25l[A[1Gpulling manifest [K
pulling f5c702d8820d:  18% ▕███               ▏ 5.1 GB/ 28 GB   61 MB/s   6m20s[K[?25h[?2026l[?2026h[?25l[A[1Gpulling manifest [K
pulling f5c702d8820d:  18% ▕███               ▏ 5.1 GB/ 28 GB   61 MB/s   6m20s[K[?25h[?2026l[?2026h[?25l[A[1Gpulling manifest [K
pulling f5c702d8820d:  18% ▕███               ▏ 5.1 GB/ 28 GB   61 MB/s   6m20s[K[?25h[?2026l[?2026h[?25l[A[1Gpulling manifest [K
pulling f5c702d8820d:  18% ▕███               ▏ 5.2 GB/ 28 GB   61 MB/s   6m20s[K[?25h[?2026l[?2026h[?25l[A[1Gpulling manifest [K
pulling f5c702d8820d:  18% ▕███               ▏ 5.2 GB/ 28 GB   61 MB/s   6m20s[K[?25h[?2026l[?2026h[?25l[A[1Gpulling manifest [K
pulling f5c702d8820d:  18% ▕███               ▏ 5.2 GB/ 28 GB   61 MB/s   6m20s[K[?25h[?2026l[?2026h[?25l[A[1Gpulling manifest [K
pulling f5c702d8820d:  18% ▕███               ▏ 5.2 GB/ 28 GB   61 MB/s   6m20s[K[?25h[?2026l[?2026h[?25l[A[1Gpulling manifest [K
pulling f5c702d8820d:  18% ▕███               ▏ 5.2 GB/ 28 GB   61 MB/s   6m19s[K[?25h[?2026l[?2026h[?25l[A[1Gpulling manifest [K
pulling f5c702d8820d:  18% ▕███               ▏ 5.2 GB/ 28 GB   61 MB/s   6m19s[K[?25h[?2026l[?2026h[?25l[A[1Gpulling manifest [K
pulling f5c702d8820d:  18% ▕███               ▏ 5.2 GB/ 28 GB   61 MB/s   6m19s[K[?25h[?2026l[?2026h[?25l[A[1Gpulling manifest [K
pulling f5c702d8820d:  18% ▕███               ▏ 5.2 GB/ 28 GB   61 MB/s   6m19s[K[?25h[?2026l[?2026h[?25l[A[1Gpulling manifest [K
pulling f5c702d8820d:  18% ▕███               ▏ 5.2 GB/ 28 GB   61 MB/s   6m19s[K[?25h[?2026l[?2026h[?25l[A[1Gpulling manifest [K
pulling f5c702d8820d:  18% ▕███               ▏ 5.2 GB/ 28 GB   61 MB/s   6m19s[K[?25h[?2026l[?2026h[?25l[A[1Gpulling manifest [K
pulling f5c702d8820d:  18% ▕███               ▏ 5.2 GB/ 28 GB   62 MB/s   6m12s[K[?25h[?2026l[?2026h[?25l[A[1Gpulling manifest [K
pulling f5c702d8820d:  18% ▕███               ▏ 5.2 GB/ 28 GB   62 MB/s   6m12s[K[?25h[?2026l[?2026h[?25l[A[1Gpulling manifest [K
pulling f5c702d8820d:  18% ▕███               ▏ 5.2 GB/ 28 GB   62 MB/s   6m11s[K[?25h[?2026l[?2026h[?25l[A[1Gpulling manifest [K
pulling f5c702d8820d:  18% ▕███               ▏ 5.2 GB/ 28 GB   62 MB/s   6m11s[K[?25h[?2026l[?2026h[?25l[A[1Gpulling manifest [K
pulling f5c702d8820d:  18% ▕███               ▏ 5.2 GB/ 28 GB   62 MB/s   6m11s[K[?25h[?2026l[?2026h[?25l[A[1Gpulling manifest [K
pulling f5c702d8820d:  18% ▕███               ▏ 5.2 GB/ 28 GB   62 MB/s   6m11s[K[?25h[?2026l[?2026h[?25l[A[1Gpulling manifest [K
pulling f5c702d8820d:  18% ▕███               ▏ 5.3 GB/ 28 GB   62 MB/s   6m11s[K[?25h[?2026l[?2026h[?25l[A[1Gpulling manifest [K
pulling f5c702d8820d:  18% ▕███               ▏ 5.3 GB/ 28 GB   62 MB/s   6m11s[K[?25h[?2026l[?2026h[?25l[A[1Gpulling manifest [K
pulling f5c702d8820d:  18% ▕███               ▏ 5.3 GB/ 28 GB   62 MB/s   6m11s[K[?25h[?2026l[?2026h[?25l[A[1Gpulling manifest [K
pulling f5c702d8820d:  18% ▕███               ▏ 5.3 GB/ 28 GB   62 MB/s   6m11s[K[?25h[?2026l[?2026h[?25l[A[1Gpulling manifest [K
pulling f5c702d8820d:  18% ▕███               ▏ 5.3 GB/ 28 GB   62 MB/s   6m11s[K[?25h[?2026l[?2026h[?25l[A[1Gpulling manifest [K
pulling f5c702d8820d:  18% ▕███               ▏ 5.3 GB/ 28 GB   62 MB/s   6m10s[K[?25h[?2026l[?2026h[?25l[A[1Gpulling manifest [K
pulling f5c702d8820d:  19% ▕███               ▏ 5.3 GB/ 28 GB   62 MB/s   6m10s[K[?25h[?2026l[?2026h[?25l[A[1Gpulling manifest [K
pulling f5c702d8820d:  19% ▕███               ▏ 5.3 GB/ 28 GB   62 MB/s   6m10s[K[?25h[?2026l[?2026h[?25l[A[1Gpulling manifest [K
pulling f5c702d8820d:  19% ▕███               ▏ 5.3 GB/ 28 GB   62 MB/s   6m10s[K[?25h[?2026l[?2026h[?25l[A[1Gpulling manifest [K
pulling f5c702d8820d:  19% ▕███               ▏ 5.3 GB/ 28 GB   62 MB/s   6m10s[K[?25h[?2026l[?2026h[?25l[A[1Gpulling manifest [K
pulling f5c702d8820d:  19% ▕███               ▏ 5.3 GB/ 28 GB   62 MB/s   6m10s[K[?25h[?2026l[?2026h[?25l[A[1Gpulling manifest [K
pulling f5c702d8820d:  19% ▕███               ▏ 5.3 GB/ 28 GB   62 MB/s   6m10s[K[?25h[?2026l[?2026h[?25l[A[1Gpulling manifest [K
pulling f5c702d8820d:  19% ▕███               ▏ 5.3 GB/ 28 GB   62 MB/s    6m9s[K[?25h[?2026l[?2026h[?25l[A[1Gpulling manifest [K
pulling f5c702d8820d:  19% ▕███               ▏ 5.3 GB/ 28 GB   62 MB/s    6m9s[K[?25h[?2026l[?2026h[?25l[A[1Gpulling manifest [K
pulling f5c702d8820d:  19% ▕███               ▏ 5.3 GB/ 28 GB   62 MB/s    6m9s[K[?25h[?2026l[?2026h[?25l[A[1Gpulling manifest [K
pulling f5c702d8820d:  19% ▕███               ▏ 5.3 GB/ 28 GB   62 MB/s    6m9s[K[?25h[?2026l[?2026h[?25l[A[1Gpulling manifest [K
pulling f5c702d8820d:  19% ▕███               ▏ 5.4 GB/ 28 GB   62 MB/s    6m9s[K[?25h[?2026l[?2026h[?25l[A[1Gpulling manifest [K
pulling f5c702d8820d:  19% ▕███               ▏ 5.4 GB/ 28 GB   62 MB/s    6m9s[K[?25h[?2026l[?2026h[?25l[A[1Gpulling manifest [K
pulling f5c702d8820d:  19% ▕███               ▏ 5.4 GB/ 28 GB   62 MB/s    6m9s[K[?25h[?2026l[?2026h[?25l[A[1Gpulling manifest [K
pulling f5c702d8820d:  19% ▕███               ▏ 5.4 GB/ 28 GB   62 MB/s    6m9s[K[?25h[?2026l[?2026h[?25l[A[1Gpulling manifest [K
pulling f5c702d8820d:  19% ▕███               ▏ 5.4 GB/ 28 GB   62 MB/s    6m9s[K[?25h[?2026l[?2026h[?25l[A[1Gpulling manifest [K
pulling f5c702d8820d:  19% ▕███               ▏ 5.4 GB/ 28 GB   62 MB/s    6m9s[K[?25h[?2026l[?2026h[?25l[A[1Gpulling manifest [K
pulling f5c702d8820d:  19% ▕███               ▏ 5.4 GB/ 28 GB   62 MB/s    6m9s[K[?25h[?2026l[?2026h[?25l[A[1Gpulling manifest [K
pulling f5c702d8820d:  19% ▕███               ▏ 5.4 GB/ 28 GB   62 MB/s    6m9s[K[?25h[?2026l[?2026h[?25l[A[1Gpulling manifest [K
pulling f5c702d8820d:  19% ▕███               ▏ 5.4 GB/ 28 GB   62 MB/s    6m9s[K[?25h[?2026l[?2026h[?25l[A[1Gpulling manifest [K
pulling f5c702d8820d:  19% ▕███               ▏ 5.4 GB/ 28 GB   60 MB/s   6m20s[K[?25h[?2026l[?2026h[?25l[A[1Gpulling manifest [K
pulling f5c702d8820d:  19% ▕███               ▏ 5.4 GB/ 28 GB   60 MB/s   6m20s[K[?25h[?2026l[?2026h[?25l[A[1Gpulling manifest [K
pulling f5c702d8820d:  19% ▕███               ▏ 5.4 GB/ 28 GB   60 MB/s   6m20s[K[?25h[?2026l[?2026h[?25l[A[1Gpulling manifest [K
pulling f5c702d8820d:  19% ▕███               ▏ 5.4 GB/ 28 GB   60 MB/s   6m20s[K[?25h[?2026l[?2026h[?25l[A[1Gpulling manifest [K
pulling f5c702d8820d:  19% ▕███               ▏ 5.4 GB/ 28 GB   60 MB/s   6m20s[K[?25h[?2026l[?2026h[?25l[A[1Gpulling manifest [K
pulling f5c702d8820d:  19% ▕███               ▏ 5.4 GB/ 28 GB   60 MB/s   6m20s[K[?25h[?2026l[?2026h[?25l[A[1Gpulling manifest [K
pulling f5c702d8820d:  19% ▕███               ▏ 5.4 GB/ 28 GB   60 MB/s   6m20s[K[?25h[?2026l[?2026h[?25l[A[1Gpulling manifest [K
pulling f5c702d8820d:  19% ▕███               ▏ 5.4 GB/ 28 GB   60 MB/s   6m19s[K[?25h[?2026l[?2026h[?25l[A[1Gpulling manifest [K
pulling f5c702d8820d:  19% ▕███               ▏ 5.4 GB/ 28 GB   60 MB/s   6m19s[K[?25h[?2026l[?2026h[?25l[A[1Gpulling manifest [K
pulling f5c702d8820d:  19% ▕███               ▏ 5.4 GB/ 28 GB   60 MB/s   6m19s[K[?25h[?2026l[?2026h[?25l[A[1Gpulling manifest [K
pulling f5c702d8820d:  19% ▕███               ▏ 5.5 GB/ 28 GB   60 MB/s   6m19s[K[?25h[?2026l[?2026h[?25l[A[1Gpulling manifest [K
pulling f5c702d8820d:  19% ▕███               ▏ 5.5 GB/ 28 GB   60 MB/s   6m19s[K[?25h[?2026l[?2026h[?25l[A[1Gpulling manifest [K
pulling f5c702d8820d:  19% ▕███               ▏ 5.5 GB/ 28 GB   60 MB/s   6m19s[K[?25h[?2026l[?2026h[?25l[A[1Gpulling manifest [K
pulling f5c702d8820d:  19% ▕███               ▏ 5.5 GB/ 28 GB   60 MB/s   6m19s[K[?25h[?2026l[?2026h[?25l[A[1Gpulling manifest [K
pulling f5c702d8820d:  19% ▕███               ▏ 5.5 GB/ 28 GB   60 MB/s   6m19s[K[?25h[?2026l[?2026h[?25l[A[1Gpulling manifest [K
pulling f5c702d8820d:  19% ▕███               ▏ 5.5 GB/ 28 GB   60 MB/s   6m19s[K[?25h[?2026l[?2026h[?25l[A[1Gpulling manifest [K
pulling f5c702d8820d:  19% ▕███               ▏ 5.5 GB/ 28 GB   60 MB/s   6m18s[K[?25h[?2026l[?2026h[?25l[A[1Gpulling manifest [K
pulling f5c702d8820d:  19% ▕███               ▏ 5.5 GB/ 28 GB   60 MB/s   6m18s[K[?25h[?2026l[?2026h[?25l[A[1Gpulling manifest [K
pulling f5c702d8820d:  19% ▕███               ▏ 5.5 GB/ 28 GB   60 MB/s   6m18s[K[?25h[?2026l[?2026h[?25l[A[1Gpulling manifest [K
pulling f5c702d8820d:  19% ▕███               ▏ 5.5 GB/ 28 GB   60 MB/s   6m18s[K[?25h[?2026l[?2026h[?25l[A[1Gpulling manifest [K
pulling f5c702d8820d:  19% ▕███               ▏ 5.5 GB/ 28 GB   60 MB/s   6m18s[K[?25h[?2026l[?2026h[?25l[A[1Gpulling manifest [K
pulling f5c702d8820d:  19% ▕███               ▏ 5.5 GB/ 28 GB   60 MB/s   6m18s[K[?25h[?2026l[?2026h[?25l[A[1Gpulling manifest [K
pulling f5c702d8820d:  19% ▕███               ▏ 5.5 GB/ 28 GB   60 MB/s   6m18s[K[?25h[?2026l[?2026h[?25l[A[1Gpulling manifest [K
pulling f5c702d8820d:  19% ▕███               ▏ 5.5 GB/ 28 GB   60 MB/s   6m18s[K[?25h[?2026l[?2026h[?25l[A[1Gpulling manifest [K
pulling f5c702d8820d:  19% ▕███               ▏ 5.5 GB/ 28 GB   60 MB/s   6m18s[K[?25h[?2026l[?2026h[?25l[A[1Gpulling manifest [K
pulling f5c702d8820d:  19% ▕███               ▏ 5.5 GB/ 28 GB   60 MB/s   6m18s[K[?25h[?2026l[?2026h[?25l[A[1Gpulling manifest [K
pulling f5c702d8820d:  19% ▕███               ▏ 5.6 GB/ 28 GB   60 MB/s   6m18s[K[?25h[?2026l[?2026h[?25l[A[1Gpulling manifest [K
pulling f5c702d8820d:  19% ▕███               ▏ 5.6 GB/ 28 GB   60 MB/s   6m17s[K[?25h[?2026l[?2026h[?25l[A[1Gpulling manifest [K
pulling f5c702d8820d:  19% ▕███               ▏ 5.6 GB/ 28 GB   60 MB/s   6m17s[K[?25h[?2026l[?2026h[?25l[A[1Gpulling manifest [K
pulling f5c702d8820d:  19% ▕███               ▏ 5.6 GB/ 28 GB   60 MB/s   6m17s[K[?25h[?2026l[?2026h[?25l[A[1Gpulling manifest [K
pulling f5c702d8820d:  20% ▕███               ▏ 5.6 GB/ 28 GB   60 MB/s   6m17s[K[?25h[?2026l[?2026h[?25l[A[1Gpulling manifest [K
pulling f5c702d8820d:  20% ▕███               ▏ 5.6 GB/ 28 GB   61 MB/s   6m17s[K[?25h[?2026l[?2026h[?25l[A[1Gpulling manifest [K
pulling f5c702d8820d:  20% ▕███               ▏ 5.6 GB/ 28 GB   61 MB/s   6m17s[K[?25h[?2026l[?2026h[?25l[A[1Gpulling manifest [K
pulling f5c702d8820d:  20% ▕███               ▏ 5.6 GB/ 28 GB   61 MB/s   6m16s[K[?25h[?2026l[?2026h[?25l[A[1Gpulling manifest [K
pulling f5c702d8820d:  20% ▕███               ▏ 5.6 GB/ 28 GB   61 MB/s   6m16s[K[?25h[?2026l[?2026h[?25l[A[1Gpulling manifest [K
pulling f5c702d8820d:  20% ▕███               ▏ 5.6 GB/ 28 GB   61 MB/s   6m16s[K[?25h[?2026l[?2026h[?25l[A[1Gpulling manifest [K
pulling f5c702d8820d:  20% ▕███               ▏ 5.6 GB/ 28 GB   61 MB/s   6m16s[K[?25h[?2026l[?2026h[?25l[A[1Gpulling manifest [K
pulling f5c702d8820d:  20% ▕███               ▏ 5.6 GB/ 28 GB   61 MB/s   6m16s[K[?25h[?2026l[?2026h[?25l[A[1Gpulling manifest [K
pulling f5c702d8820d:  20% ▕███               ▏ 5.6 GB/ 28 GB   61 MB/s   6m16s[K[?25h[?2026l[?2026h[?25l[A[1Gpulling manifest [K
pulling f5c702d8820d:  20% ▕███               ▏ 5.6 GB/ 28 GB   61 MB/s   6m16s[K[?25h[?2026l[?2026h[?25l[A[1Gpulling manifest [K
pulling f5c702d8820d:  20% ▕███               ▏ 5.6 GB/ 28 GB   61 MB/s   6m16s[K[?25h[?2026l[?2026h[?25l[A[1Gpulling manifest [K
pulling f5c702d8820d:  20% ▕███               ▏ 5.6 GB/ 28 GB   61 MB/s   6m16s[K[?25h[?2026l[?2026h[?25l[A[1Gpulling manifest [K
pulling f5c702d8820d:  20% ▕███               ▏ 5.6 GB/ 28 GB   61 MB/s   6m15s[K[?25h[?2026l[?2026h[?25l[A[1Gpulling manifest [K
pulling f5c702d8820d:  20% ▕███               ▏ 5.7 GB/ 28 GB   61 MB/s   6m15s[K[?25h[?2026l[?2026h[?25l[A[1Gpulling manifest [K
pulling f5c702d8820d:  20% ▕███               ▏ 5.7 GB/ 28 GB   61 MB/s   6m15s[K[?25h[?2026l[?2026h[?25l[A[1Gpulling manifest [K
pulling f5c702d8820d:  20% ▕███               ▏ 5.7 GB/ 28 GB   61 MB/s   6m15s[K[?25h[?2026l[?2026h[?25l[A[1Gpulling manifest [K
pulling f5c702d8820d:  20% ▕███               ▏ 5.7 GB/ 28 GB   61 MB/s   6m15s[K[?25h[?2026l[?2026h[?25l[A[1Gpulling manifest [K
pulling f5c702d8820d:  20% ▕███               ▏ 5.7 GB/ 28 GB   61 MB/s   6m15s[K[?25h[?2026l[?2026h[?25l[A[1Gpulling manifest [K
pulling f5c702d8820d:  20% ▕███               ▏ 5.7 GB/ 28 GB   61 MB/s   6m15s[K[?25h[?2026l[?2026h[?25l[A[1Gpulling manifest [K
pulling f5c702d8820d:  20% ▕███               ▏ 5.7 GB/ 28 GB   61 MB/s   6m15s[K[?25h[?2026l[?2026h[?25l[A[1Gpulling manifest [K
pulling f5c702d8820d:  20% ▕███               ▏ 5.7 GB/ 28 GB   61 MB/s   6m15s[K[?25h[?2026l[?2026h[?25l[A[1Gpulling manifest [K
pulling f5c702d8820d:  20% ▕███               ▏ 5.7 GB/ 28 GB   60 MB/s   6m15s[K[?25h[?2026l[?2026h[?25l[A[1Gpulling manifest [K
pulling f5c702d8820d:  20% ▕███               ▏ 5.7 GB/ 28 GB   60 MB/s   6m15s[K[?25h[?2026l[?2026h[?25l[A[1Gpulling manifest [K
pulling f5c702d8820d:  20% ▕███               ▏ 5.7 GB/ 28 GB   60 MB/s   6m15s[K[?25h[?2026l[?2026h[?25l[A[1Gpulling manifest [K
pulling f5c702d8820d:  20% ▕███               ▏ 5.7 GB/ 28 GB   60 MB/s   6m15s[K[?25h[?2026l[?2026h[?25l[A[1Gpulling manifest [K
pulling f5c702d8820d:  20% ▕███               ▏ 5.7 GB/ 28 GB   60 MB/s   6m15s[K[?25h[?2026l[?2026h[?25l[A[1Gpulling manifest [K
pulling f5c702d8820d:  20% ▕███               ▏ 5.7 GB/ 28 GB   60 MB/s   6m15s[K[?25h[?2026l[?2026h[?25l[A[1Gpulling manifest [K
pulling f5c702d8820d:  20% ▕███               ▏ 5.7 GB/ 28 GB   60 MB/s   6m14s[K[?25h[?2026l[?2026h[?25l[A[1Gpulling manifest [K
pulling f5c702d8820d:  20% ▕███               ▏ 5.7 GB/ 28 GB   60 MB/s   6m14s[K[?25h[?2026l[?2026h[?25l[A[1Gpulling manifest [K
pulling f5c702d8820d:  20% ▕███               ▏ 5.8 GB/ 28 GB   60 MB/s   6m14s[K[?25h[?2026l[?2026h[?25l[A[1Gpulling manifest [K
pulling f5c702d8820d:  20% ▕███               ▏ 5.8 GB/ 28 GB   60 MB/s   6m14s[K[?25h[?2026l[?2026h[?25l[A[1Gpulling manifest [K
pulling f5c702d8820d:  20% ▕███               ▏ 5.8 GB/ 28 GB   60 MB/s   6m14s[K[?25h[?2026l[?2026h[?25l[A[1Gpulling manifest [K
pulling f5c702d8820d:  20% ▕███               ▏ 5.8 GB/ 28 GB   60 MB/s   6m14s[K[?25h[?2026l[?2026h[?25l[A[1Gpulling manifest [K
pulling f5c702d8820d:  20% ▕███               ▏ 5.8 GB/ 28 GB   60 MB/s   6m14s[K[?25h[?2026l[?2026h[?25l[A[1Gpulling manifest [K
pulling f5c702d8820d:  20% ▕███               ▏ 5.8 GB/ 28 GB   60 MB/s   6m14s[K[?25h[?2026l[?2026h[?25l[A[1Gpulling manifest [K
pulling f5c702d8820d:  20% ▕███               ▏ 5.8 GB/ 28 GB   60 MB/s   6m14s[K[?25h[?2026l[?2026h[?25l[A[1Gpulling manifest [K
pulling f5c702d8820d:  20% ▕███               ▏ 5.8 GB/ 28 GB   60 MB/s   6m14s[K[?25h[?2026l[?2026h[?25l[A[1Gpulling manifest [K
pulling f5c702d8820d:  20% ▕███               ▏ 5.8 GB/ 28 GB   60 MB/s   6m13s[K[?25h[?2026l[?2026h[?25l[A[1Gpulling manifest [K
pulling f5c702d8820d:  20% ▕███               ▏ 5.8 GB/ 28 GB   60 MB/s   6m13s[K[?25h[?2026l[?2026h[?25l[A[1Gpulling manifest [K
pulling f5c702d8820d:  20% ▕███               ▏ 5.8 GB/ 28 GB   60 MB/s   6m13s[K[?25h[?2026l[?2026h[?25l[A[1Gpulling manifest [K
pulling f5c702d8820d:  20% ▕███               ▏ 5.8 GB/ 28 GB   60 MB/s   6m13s[K[?25h[?2026l[?2026h[?25l[A[1Gpulling manifest [K
pulling f5c702d8820d:  20% ▕███               ▏ 5.8 GB/ 28 GB   60 MB/s   6m13s[K[?25h[?2026l[?2026h[?25l[A[1Gpulling manifest [K
pulling f5c702d8820d:  20% ▕███               ▏ 5.8 GB/ 28 GB   60 MB/s   6m13s[K[?25h[?2026l[?2026h[?25l[A[1Gpulling manifest [K
pulling f5c702d8820d:  20% ▕███               ▏ 5.8 GB/ 28 GB   60 MB/s   6m13s[K[?25h[?2026l[?2026h[?25l[A[1Gpulling manifest [K
pulling f5c702d8820d:  20% ▕███               ▏ 5.8 GB/ 28 GB   60 MB/s   6m13s[K[?25h[?2026l[?2026h[?25l[A[1Gpulling manifest [K
pulling f5c702d8820d:  20% ▕███               ▏ 5.9 GB/ 28 GB   60 MB/s   6m13s[K[?25h[?2026l[?2026h[?25l[A[1Gpulling manifest [K
pulling f5c702d8820d:  20% ▕███               ▏ 5.9 GB/ 28 GB   60 MB/s   6m13s[K[?25h[?2026l[?2026h[?25l[A[1Gpulling manifest [K
pulling f5c702d8820d:  21% ▕███               ▏ 5.9 GB/ 28 GB   60 MB/s   6m13s[K[?25h[?2026l[?2026h[?25l[A[1Gpulling manifest [K
pulling f5c702d8820d:  21% ▕███               ▏ 5.9 GB/ 28 GB   60 MB/s   6m12s[K[?25h[?2026l[?2026h[?25l[A[1Gpulling manifest [K
pulling f5c702d8820d:  21% ▕███               ▏ 5.9 GB/ 28 GB   60 MB/s   6m12s[K[?25h[?2026l[?2026h[?25l[A[1Gpulling manifest [K
pulling f5c702d8820d:  21% ▕███               ▏ 5.9 GB/ 28 GB   60 MB/s   6m12s[K[?25h[?2026l[?2026h[?25l[A[1Gpulling manifest [K
pulling f5c702d8820d:  21% ▕███               ▏ 5.9 GB/ 28 GB   60 MB/s   6m12s[K[?25h[?2026l[?2026h[?25l[A[1Gpulling manifest [K
pulling f5c702d8820d:  21% ▕███               ▏ 5.9 GB/ 28 GB   60 MB/s   6m12s[K[?25h[?2026l[?2026h[?25l[A[1Gpulling manifest [K
pulling f5c702d8820d:  21% ▕███               ▏ 5.9 GB/ 28 GB   60 MB/s   6m12s[K[?25h[?2026l[?2026h[?25l[A[1Gpulling manifest [K
pulling f5c702d8820d:  21% ▕███               ▏ 5.9 GB/ 28 GB   60 MB/s   6m12s[K[?25h[?2026l[?2026h[?25l[A[1Gpulling manifest [K
pulling f5c702d8820d:  21% ▕███               ▏ 5.9 GB/ 28 GB   60 MB/s   6m12s[K[?25h[?2026l[?2026h[?25l[A[1Gpulling manifest [K
pulling f5c702d8820d:  21% ▕███               ▏ 5.9 GB/ 28 GB   60 MB/s   6m11s[K[?25h[?2026l[?2026h[?25l[A[1Gpulling manifest [K
pulling f5c702d8820d:  21% ▕███               ▏ 5.9 GB/ 28 GB   60 MB/s   6m11s[K[?25h[?2026l[?2026h[?25l[A[1Gpulling manifest [K
pulling f5c702d8820d:  21% ▕███               ▏ 5.9 GB/ 28 GB   60 MB/s   6m11s[K[?25h[?2026l[?2026h[?25l[A[1Gpulling manifest [K
pulling f5c702d8820d:  21% ▕███               ▏ 5.9 GB/ 28 GB   60 MB/s   6m11s[K[?25h[?2026l[?2026h[?25l[A[1Gpulling manifest [K
pulling f5c702d8820d:  21% ▕███               ▏ 5.9 GB/ 28 GB   60 MB/s   6m11s[K[?25h[?2026l[?2026h[?25l[A[1Gpulling manifest [K
pulling f5c702d8820d:  21% ▕███               ▏ 6.0 GB/ 28 GB   60 MB/s   6m11s[K[?25h[?2026l[?2026h[?25l[A[1Gpulling manifest [K
pulling f5c702d8820d:  21% ▕███               ▏ 6.0 GB/ 28 GB   62 MB/s   5m59s[K[?25h[?2026l[?2026h[?25l[A[1Gpulling manifest [K
pulling f5c702d8820d:  21% ▕███               ▏ 6.0 GB/ 28 GB   62 MB/s   5m59s[K[?25h[?2026l[?2026h[?25l[A[1Gpulling manifest [K
pulling f5c702d8820d:  21% ▕███               ▏ 6.0 GB/ 28 GB   62 MB/s   5m59s[K[?25h[?2026l[?2026h[?25l[A[1Gpulling manifest [K
pulling f5c702d8820d:  21% ▕███               ▏ 6.0 GB/ 28 GB   62 MB/s   5m59s[K[?25h[?2026l[?2026h[?25l[A[1Gpulling manifest [K
pulling f5c702d8820d:  21% ▕███               ▏ 6.0 GB/ 28 GB   62 MB/s   5m59s[K[?25h[?2026l[?2026h[?25l[A[1Gpulling manifest [K
pulling f5c702d8820d:  21% ▕███               ▏ 6.0 GB/ 28 GB   62 MB/s   5m59s[K[?25h[?2026l[?2026h[?25l[A[1Gpulling manifest [K
pulling f5c702d8820d:  21% ▕███               ▏ 6.0 GB/ 28 GB   62 MB/s   5m59s[K[?25h[?2026l[?2026h[?25l[A[1Gpulling manifest [K
pulling f5c702d8820d:  21% ▕███               ▏ 6.0 GB/ 28 GB   62 MB/s   5m59s[K[?25h[?2026l[?2026h[?25l[A[1Gpulling manifest [K
pulling f5c702d8820d:  21% ▕███               ▏ 6.0 GB/ 28 GB   62 MB/s   5m59s[K[?25h[?2026l[?2026h[?25l[A[1Gpulling manifest [K
pulling f5c702d8820d:  21% ▕███               ▏ 6.0 GB/ 28 GB   62 MB/s   5m59s[K[?25h[?2026l[?2026h[?25l[A[1Gpulling manifest [K
pulling f5c702d8820d:  21% ▕███               ▏ 6.0 GB/ 28 GB   60 MB/s   6m11s[K[?25h[?2026l[?2026h[?25l[A[1Gpulling manifest [K
pulling f5c702d8820d:  21% ▕███               ▏ 6.0 GB/ 28 GB   60 MB/s   6m11s[K[?25h[?2026l[?2026h[?25l[A[1Gpulling manifest [K
pulling f5c702d8820d:  21% ▕███               ▏ 6.0 GB/ 28 GB   60 MB/s   6m11s[K[?25h[?2026l[?2026h[?25l[A[1Gpulling manifest [K
pulling f5c702d8820d:  21% ▕███               ▏ 6.0 GB/ 28 GB   60 MB/s   6m11s[K[?25h[?2026l[?2026h[?25l[A[1Gpulling manifest [K
pulling f5c702d8820d:  21% ▕███               ▏ 6.0 GB/ 28 GB   60 MB/s   6m11s[K[?25h[?2026l[?2026h[?25l[A[1Gpulling manifest [K
pulling f5c702d8820d:  21% ▕███               ▏ 6.0 GB/ 28 GB   60 MB/s   6m11s[K[?25h[?2026l[?2026h[?25l[A[1Gpulling manifest [K
pulling f5c702d8820d:  21% ▕███               ▏ 6.0 GB/ 28 GB   60 MB/s   6m11s[K[?25h[?2026l[?2026h[?25l[A[1Gpulling manifest [K
pulling f5c702d8820d:  21% ▕███               ▏ 6.0 GB/ 28 GB   60 MB/s   6m10s[K[?25h[?2026l[?2026h[?25l[A[1Gpulling manifest [K
pulling f5c702d8820d:  21% ▕███               ▏ 6.1 GB/ 28 GB   60 MB/s   6m10s[K[?25h[?2026l[?2026h[?25l[A[1Gpulling manifest [K
pulling f5c702d8820d:  21% ▕███               ▏ 6.1 GB/ 28 GB   60 MB/s   6m10s[K[?25h[?2026l[?2026h[?25l[A[1Gpulling manifest [K
pulling f5c702d8820d:  21% ▕███               ▏ 6.1 GB/ 28 GB   60 MB/s   6m11s[K[?25h[?2026l[?2026h[?25l[A[1Gpulling manifest [K
pulling f5c702d8820d:  21% ▕███               ▏ 6.1 GB/ 28 GB   60 MB/s   6m11s[K[?25h[?2026l[?2026h[?25l[A[1Gpulling manifest [K
pulling f5c702d8820d:  21% ▕███               ▏ 6.1 GB/ 28 GB   60 MB/s   6m11s[K[?25h[?2026l[?2026h[?25l[A[1Gpulling manifest [K
pulling f5c702d8820d:  21% ▕███               ▏ 6.1 GB/ 28 GB   60 MB/s   6m11s[K[?25h[?2026l[?2026h[?25l[A[1Gpulling manifest [K
pulling f5c702d8820d:  21% ▕███               ▏ 6.1 GB/ 28 GB   60 MB/s   6m11s[K[?25h[?2026l[?2026h[?25l[A[1Gpulling manifest [K
pulling f5c702d8820d:  21% ▕███               ▏ 6.1 GB/ 28 GB   60 MB/s   6m11s[K[?25h[?2026l[?2026h[?25l[A[1Gpulling manifest [K
pulling f5c702d8820d:  21% ▕███               ▏ 6.1 GB/ 28 GB   60 MB/s   6m11s[K[?25h[?2026l[?2026h[?25l[A[1Gpulling manifest [K
pulling f5c702d8820d:  21% ▕███               ▏ 6.1 GB/ 28 GB   60 MB/s   6m10s[K[?25h[?2026l[?2026h[?25l[A[1Gpulling manifest [K
pulling f5c702d8820d:  21% ▕███               ▏ 6.1 GB/ 28 GB   60 MB/s   6m10s[K[?25h[?2026l[?2026h[?25l[A[1Gpulling manifest [K
pulling f5c702d8820d:  21% ▕███               ▏ 6.1 GB/ 28 GB   60 MB/s   6m10s[K[?25h[?2026l[?2026h[?25l[A[1Gpulling manifest [K
pulling f5c702d8820d:  21% ▕███               ▏ 6.1 GB/ 28 GB   60 MB/s   6m12s[K[?25h[?2026l[?2026h[?25l[A[1Gpulling manifest [K
pulling f5c702d8820d:  21% ▕███               ▏ 6.1 GB/ 28 GB   60 MB/s   6m11s[K[?25h[?2026l[?2026h[?25l[A[1Gpulling manifest [K
pulling f5c702d8820d:  21% ▕███               ▏ 6.1 GB/ 28 GB   60 MB/s   6m11s[K[?25h[?2026l[?2026h[?25l[A[1Gpulling manifest [K
pulling f5c702d8820d:  21% ▕███               ▏ 6.1 GB/ 28 GB   60 MB/s   6m11s[K[?25h[?2026l[?2026h[?25l[A[1Gpulling manifest [K
pulling f5c702d8820d:  21% ▕███               ▏ 6.1 GB/ 28 GB   60 MB/s   6m11s[K[?25h[?2026l[?2026h[?25l[A[1Gpulling manifest [K
pulling f5c702d8820d:  22% ▕███               ▏ 6.2 GB/ 28 GB   60 MB/s   6m11s[K[?25h[?2026l[?2026h[?25l[A[1Gpulling manifest [K
pulling f5c702d8820d:  22% ▕███               ▏ 6.2 GB/ 28 GB   60 MB/s   6m11s[K[?25h[?2026l[?2026h[?25l[A[1Gpulling manifest [K
pulling f5c702d8820d:  22% ▕███               ▏ 6.2 GB/ 28 GB   60 MB/s   6m11s[K[?25h[?2026l[?2026h[?25l[A[1Gpulling manifest [K
pulling f5c702d8820d:  22% ▕███               ▏ 6.2 GB/ 28 GB   60 MB/s   6m11s[K[?25h[?2026l[?2026h[?25l[A[1Gpulling manifest [K
pulling f5c702d8820d:  22% ▕███               ▏ 6.2 GB/ 28 GB   60 MB/s   6m11s[K[?25h[?2026l[?2026h[?25l[A[1Gpulling manifest [K
pulling f5c702d8820d:  22% ▕███               ▏ 6.2 GB/ 28 GB   60 MB/s   6m11s[K[?25h[?2026l[?2026h[?25l[A[1Gpulling manifest [K
pulling f5c702d8820d:  22% ▕███               ▏ 6.2 GB/ 28 GB   60 MB/s   6m12s[K[?25h[?2026l[?2026h[?25l[A[1Gpulling manifest [K
pulling f5c702d8820d:  22% ▕███               ▏ 6.2 GB/ 28 GB   60 MB/s   6m12s[K[?25h[?2026l[?2026h[?25l[A[1Gpulling manifest [K
pulling f5c702d8820d:  22% ▕███               ▏ 6.2 GB/ 28 GB   60 MB/s   6m12s[K[?25h[?2026l[?2026h[?25l[A[1Gpulling manifest [K
pulling f5c702d8820d:  22% ▕███               ▏ 6.2 GB/ 28 GB   60 MB/s   6m12s[K[?25h[?2026l[?2026h[?25l[A[1Gpulling manifest [K
pulling f5c702d8820d:  22% ▕███               ▏ 6.2 GB/ 28 GB   60 MB/s   6m12s[K[?25h[?2026l[?2026h[?25l[A[1Gpulling manifest [K
pulling f5c702d8820d:  22% ▕███               ▏ 6.2 GB/ 28 GB   60 MB/s   6m12s[K[?25h[?2026l[?2026h[?25l[A[1Gpulling manifest [K
pulling f5c702d8820d:  22% ▕███               ▏ 6.2 GB/ 28 GB   60 MB/s   6m12s[K[?25h[?2026l[?2026h[?25l[A[1Gpulling manifest [K
pulling f5c702d8820d:  22% ▕███               ▏ 6.2 GB/ 28 GB   60 MB/s   6m12s[K[?25h[?2026l[?2026h[?25l[A[1Gpulling manifest [K
pulling f5c702d8820d:  22% ▕███               ▏ 6.2 GB/ 28 GB   60 MB/s   6m11s[K[?25h[?2026l[?2026h[?25l[A[1Gpulling manifest [K
pulling f5c702d8820d:  22% ▕███               ▏ 6.2 GB/ 28 GB   60 MB/s   6m11s[K[?25h[?2026l[?2026h[?25l[A[1Gpulling manifest [K
pulling f5c702d8820d:  22% ▕███               ▏ 6.2 GB/ 28 GB   60 MB/s   6m12s[K[?25h[?2026l[?2026h[?25l[A[1Gpulling manifest [K
pulling f5c702d8820d:  22% ▕███               ▏ 6.3 GB/ 28 GB   60 MB/s   6m12s[K[?25h[?2026l[?2026h[?25l[A[1Gpulling manifest [K
pulling f5c702d8820d:  22% ▕███               ▏ 6.3 GB/ 28 GB   60 MB/s   6m12s[K[?25h[?2026l[?2026h[?25l[A[1Gpulling manifest [K
pulling f5c702d8820d:  22% ▕███               ▏ 6.3 GB/ 28 GB   60 MB/s   6m11s[K[?25h[?2026l[?2026h[?25l[A[1Gpulling manifest [K
pulling f5c702d8820d:  22% ▕███               ▏ 6.3 GB/ 28 GB   60 MB/s   6m11s[K[?25h[?2026l[?2026h[?25l[A[1Gpulling manifest [K
pulling f5c702d8820d:  22% ▕███               ▏ 6.3 GB/ 28 GB   60 MB/s   6m11s[K[?25h[?2026l[?2026h[?25l[A[1Gpulling manifest [K
pulling f5c702d8820d:  22% ▕███               ▏ 6.3 GB/ 28 GB   60 MB/s   6m11s[K[?25h[?2026l[?2026h[?25l[A[1Gpulling manifest [K
pulling f5c702d8820d:  22% ▕███               ▏ 6.3 GB/ 28 GB   60 MB/s   6m11s[K[?25h[?2026l[?2026h[?25l[A[1Gpulling manifest [K
pulling f5c702d8820d:  22% ▕███               ▏ 6.3 GB/ 28 GB   60 MB/s   6m11s[K[?25h[?2026l[?2026h[?25l[A[1Gpulling manifest [K
pulling f5c702d8820d:  22% ▕███               ▏ 6.3 GB/ 28 GB   60 MB/s   6m11s[K[?25h[?2026l[?2026h[?25l[A[1Gpulling manifest [K
pulling f5c702d8820d:  22% ▕███               ▏ 6.3 GB/ 28 GB   59 MB/s   6m13s[K[?25h[?2026l[?2026h[?25l[A[1Gpulling manifest [K
pulling f5c702d8820d:  22% ▕███               ▏ 6.3 GB/ 28 GB   59 MB/s   6m12s[K[?25h[?2026l[?2026h[?25l[A[1Gpulling manifest [K
pulling f5c702d8820d:  22% ▕███               ▏ 6.3 GB/ 28 GB   59 MB/s   6m12s[K[?25h[?2026l[?2026h[?25l[A[1Gpulling manifest [K
pulling f5c702d8820d:  22% ▕███               ▏ 6.3 GB/ 28 GB   59 MB/s   6m12s[K[?25h[?2026l[?2026h[?25l[A[1Gpulling manifest [K
pulling f5c702d8820d:  22% ▕███               ▏ 6.3 GB/ 28 GB   59 MB/s   6m12s[K[?25h[?2026l[?2026h[?25l[A[1Gpulling manifest [K
pulling f5c702d8820d:  22% ▕███               ▏ 6.3 GB/ 28 GB   59 MB/s   6m12s[K[?25h[?2026l[?2026h[?25l[A[1Gpulling manifest [K
pulling f5c702d8820d:  22% ▕███               ▏ 6.3 GB/ 28 GB   59 MB/s   6m12s[K[?25h[?2026l[?2026h[?25l[A[1Gpulling manifest [K
pulling f5c702d8820d:  22% ▕███               ▏ 6.3 GB/ 28 GB   59 MB/s   6m12s[K[?25h[?2026l[?2026h[?25l[A[1Gpulling manifest [K
pulling f5c702d8820d:  22% ▕███               ▏ 6.4 GB/ 28 GB   59 MB/s   6m12s[K[?25h[?2026l[?2026h[?25l[A[1Gpulling manifest [K
pulling f5c702d8820d:  22% ▕████              ▏ 6.4 GB/ 28 GB   59 MB/s   6m12s[K[?25h[?2026l[?2026h[?25l[A[1Gpulling manifest [K
pulling f5c702d8820d:  22% ▕████              ▏ 6.4 GB/ 28 GB   59 MB/s   6m16s[K[?25h[?2026l[?2026h[?25l[A[1Gpulling manifest [K
pulling f5c702d8820d:  22% ▕████              ▏ 6.4 GB/ 28 GB   59 MB/s   6m16s[K[?25h[?2026l[?2026h[?25l[A[1Gpulling manifest [K
pulling f5c702d8820d:  22% ▕████              ▏ 6.4 GB/ 28 GB   59 MB/s   6m16s[K[?25h[?2026l[?2026h[?25l[A[1Gpulling manifest [K
pulling f5c702d8820d:  22% ▕████              ▏ 6.4 GB/ 28 GB   59 MB/s   6m16s[K[?25h[?2026l[?2026h[?25l[A[1Gpulling manifest [K
pulling f5c702d8820d:  22% ▕████              ▏ 6.4 GB/ 28 GB   59 MB/s   6m15s[K[?25h[?2026l[?2026h[?25l[A[1Gpulling manifest [K
pulling f5c702d8820d:  22% ▕████              ▏ 6.4 GB/ 28 GB   59 MB/s   6m15s[K[?25h[?2026l[?2026h[?25l[A[1Gpulling manifest [K
pulling f5c702d8820d:  22% ▕████              ▏ 6.4 GB/ 28 GB   59 MB/s   6m15s[K[?25h[?2026l[?2026h[?25l[A[1Gpulling manifest [K
pulling f5c702d8820d:  22% ▕████              ▏ 6.4 GB/ 28 GB   59 MB/s   6m15s[K[?25h[?2026l[?2026h[?25l[A[1Gpulling manifest [K
pulling f5c702d8820d:  22% ▕████              ▏ 6.4 GB/ 28 GB   59 MB/s   6m15s[K[?25h[?2026l[?2026h[?25l[A[1Gpulling manifest [K
pulling f5c702d8820d:  22% ▕████              ▏ 6.4 GB/ 28 GB   59 MB/s   6m15s[K[?25h[?2026l[?2026h[?25l[A[1Gpulling manifest [K
pulling f5c702d8820d:  22% ▕████              ▏ 6.4 GB/ 28 GB   58 MB/s   6m16s[K[?25h[?2026l[?2026h[?25l[A[1Gpulling manifest [K
pulling f5c702d8820d:  22% ▕████              ▏ 6.4 GB/ 28 GB   58 MB/s   6m16s[K[?25h[?2026l[?2026h[?25l[A[1Gpulling manifest [K
pulling f5c702d8820d:  23% ▕████              ▏ 6.4 GB/ 28 GB   58 MB/s   6m16s[K[?25h[?2026l[?2026h[?25l[A[1Gpulling manifest [K
pulling f5c702d8820d:  23% ▕████              ▏ 6.4 GB/ 28 GB   58 MB/s   6m16s[K[?25h[?2026l[?2026h[?25l[A[1Gpulling manifest [K
pulling f5c702d8820d:  23% ▕████              ▏ 6.4 GB/ 28 GB   58 MB/s   6m16s[K[?25h[?2026l[?2026h[?25l[A[1Gpulling manifest [K
pulling f5c702d8820d:  23% ▕████              ▏ 6.5 GB/ 28 GB   58 MB/s   6m16s[K[?25h[?2026l[?2026h[?25l[A[1Gpulling manifest [K
pulling f5c702d8820d:  23% ▕████              ▏ 6.5 GB/ 28 GB   58 MB/s   6m16s[K[?25h[?2026l[?2026h[?25l[A[1Gpulling manifest [K
pulling f5c702d8820d:  23% ▕████              ▏ 6.5 GB/ 28 GB   58 MB/s   6m16s[K[?25h[?2026l[?2026h[?25l[A[1Gpulling manifest [K
pulling f5c702d8820d:  23% ▕████              ▏ 6.5 GB/ 28 GB   58 MB/s   6m15s[K[?25h[?2026l[?2026h[?25l[A[1Gpulling manifest [K
pulling f5c702d8820d:  23% ▕████              ▏ 6.5 GB/ 28 GB   58 MB/s   6m15s[K[?25h[?2026l[?2026h[?25l[A[1Gpulling manifest [K
pulling f5c702d8820d:  23% ▕████              ▏ 6.5 GB/ 28 GB   58 MB/s   6m15s[K[?25h[?2026l[?2026h[?25l[A[1Gpulling manifest [K
pulling f5c702d8820d:  23% ▕████              ▏ 6.5 GB/ 28 GB   58 MB/s   6m16s[K[?25h[?2026l[?2026h[?25l[A[1Gpulling manifest [K
pulling f5c702d8820d:  23% ▕████              ▏ 6.5 GB/ 28 GB   58 MB/s   6m16s[K[?25h[?2026l[?2026h[?25l[A[1Gpulling manifest [K
pulling f5c702d8820d:  23% ▕████              ▏ 6.5 GB/ 28 GB   58 MB/s   6m16s[K[?25h[?2026l[?2026h[?25l[A[1Gpulling manifest [K
pulling f5c702d8820d:  23% ▕████              ▏ 6.5 GB/ 28 GB   58 MB/s   6m16s[K[?25h[?2026l[?2026h[?25l[A[1Gpulling manifest [K
pulling f5c702d8820d:  23% ▕████              ▏ 6.5 GB/ 28 GB   58 MB/s   6m16s[K[?25h[?2026l[?2026h[?25l[A[1Gpulling manifest [K
pulling f5c702d8820d:  23% ▕████              ▏ 6.5 GB/ 28 GB   58 MB/s   6m16s[K[?25h[?2026l[?2026h[?25l[A[1Gpulling manifest [K
pulling f5c702d8820d:  23% ▕████              ▏ 6.5 GB/ 28 GB   58 MB/s   6m16s[K[?25h[?2026l[?2026h[?25l[A[1Gpulling manifest [K
pulling f5c702d8820d:  23% ▕████              ▏ 6.5 GB/ 28 GB   58 MB/s   6m16s[K[?25h[?2026l[?2026h[?25l[A[1Gpulling manifest [K
pulling f5c702d8820d:  23% ▕████              ▏ 6.5 GB/ 28 GB   58 MB/s   6m15s[K[?25h[?2026l[?2026h[?25l[A[1Gpulling manifest [K
pulling f5c702d8820d:  23% ▕████              ▏ 6.5 GB/ 28 GB   58 MB/s   6m15s[K[?25h[?2026l[?2026h[?25l[A[1Gpulling manifest [K
pulling f5c702d8820d:  23% ▕████              ▏ 6.5 GB/ 28 GB   60 MB/s    6m4s[K[?25h[?2026l[?2026h[?25l[A[1Gpulling manifest [K
pulling f5c702d8820d:  23% ▕████              ▏ 6.6 GB/ 28 GB   60 MB/s    6m4s[K[?25h[?2026l[?2026h[?25l[A[1Gpulling manifest [K
pulling f5c702d8820d:  23% ▕████              ▏ 6.6 GB/ 28 GB   60 MB/s    6m3s[K[?25h[?2026l[?2026h[?25l[A[1Gpulling manifest [K
pulling f5c702d8820d:  23% ▕████              ▏ 6.6 GB/ 28 GB   60 MB/s    6m3s[K[?25h[?2026l[?2026h[?25l[A[1Gpulling manifest [K
pulling f5c702d8820d:  23% ▕████              ▏ 6.6 GB/ 28 GB   60 MB/s    6m3s[K[?25h[?2026l[?2026h[?25l[A[1Gpulling manifest [K
pulling f5c702d8820d:  23% ▕████              ▏ 6.6 GB/ 28 GB   60 MB/s    6m3s[K[?25h[?2026l[?2026h[?25l[A[1Gpulling manifest [K
pulling f5c702d8820d:  23% ▕████              ▏ 6.6 GB/ 28 GB   60 MB/s    6m3s[K[?25h[?2026l[?2026h[?25l[A[1Gpulling manifest [K
pulling f5c702d8820d:  23% ▕████              ▏ 6.6 GB/ 28 GB   60 MB/s    6m3s[K[?25h[?2026l[?2026h[?25l[A[1Gpulling manifest [K
pulling f5c702d8820d:  23% ▕████              ▏ 6.6 GB/ 28 GB   60 MB/s    6m3s[K[?25h[?2026l[?2026h[?25l[A[1Gpulling manifest [K
pulling f5c702d8820d:  23% ▕████              ▏ 6.6 GB/ 28 GB   60 MB/s    6m3s[K[?25h[?2026l[?2026h[?25l[A[1Gpulling manifest [K
pulling f5c702d8820d:  23% ▕████              ▏ 6.6 GB/ 28 GB   60 MB/s    6m3s[K[?25h[?2026l[?2026h[?25l[A[1Gpulling manifest [K
pulling f5c702d8820d:  23% ▕████              ▏ 6.6 GB/ 28 GB   60 MB/s    6m2s[K[?25h[?2026l[?2026h[?25l[A[1Gpulling manifest [K
pulling f5c702d8820d:  23% ▕████              ▏ 6.6 GB/ 28 GB   60 MB/s    6m2s[K[?25h[?2026l[?2026h[?25l[A[1Gpulling manifest [K
pulling f5c702d8820d:  23% ▕████              ▏ 6.6 GB/ 28 GB   60 MB/s    6m2s[K[?25h[?2026l[?2026h[?25l[A[1Gpulling manifest [K
pulling f5c702d8820d:  23% ▕████              ▏ 6.6 GB/ 28 GB   60 MB/s    6m2s[K[?25h[?2026l[?2026h[?25l[A[1Gpulling manifest [K
pulling f5c702d8820d:  23% ▕████              ▏ 6.6 GB/ 28 GB   60 MB/s    6m2s[K[?25h[?2026l[?2026h[?25l[A[1Gpulling manifest [K
pulling f5c702d8820d:  23% ▕████              ▏ 6.6 GB/ 28 GB   60 MB/s    6m2s[K[?25h[?2026l[?2026h[?25l[A[1Gpulling manifest [K
pulling f5c702d8820d:  23% ▕████              ▏ 6.6 GB/ 28 GB   60 MB/s    6m2s[K[?25h[?2026l[?2026h[?25l[A[1Gpulling manifest [K
pulling f5c702d8820d:  23% ▕████              ▏ 6.7 GB/ 28 GB   60 MB/s    6m2s[K[?25h[?2026l[?2026h[?25l[A[1Gpulling manifest [K
pulling f5c702d8820d:  23% ▕████              ▏ 6.7 GB/ 28 GB   60 MB/s    6m2s[K[?25h[?2026l[?2026h[?25l[A[1Gpulling manifest [K
pulling f5c702d8820d:  23% ▕████              ▏ 6.7 GB/ 28 GB   60 MB/s    6m5s[K[?25h[?2026l[?2026h[?25l[A[1Gpulling manifest [K
pulling f5c702d8820d:  23% ▕████              ▏ 6.7 GB/ 28 GB   60 MB/s    6m4s[K[?25h[?2026l[?2026h[?25l[A[1Gpulling manifest [K
pulling f5c702d8820d:  23% ▕████              ▏ 6.7 GB/ 28 GB   60 MB/s    6m4s[K[?25h[?2026l[?2026h[?25l[A[1Gpulling manifest [K
pulling f5c702d8820d:  23% ▕████              ▏ 6.7 GB/ 28 GB   60 MB/s    6m4s[K[?25h[?2026l[?2026h[?25l[A[1Gpulling manifest [K
pulling f5c702d8820d:  23% ▕████              ▏ 6.7 GB/ 28 GB   60 MB/s    6m4s[K[?25h[?2026l[?2026h[?25l[A[1Gpulling manifest [K
pulling f5c702d8820d:  23% ▕████              ▏ 6.7 GB/ 28 GB   60 MB/s    6m4s[K[?25h[?2026l[?2026h[?25l[A[1Gpulling manifest [K
pulling f5c702d8820d:  23% ▕████              ▏ 6.7 GB/ 28 GB   60 MB/s    6m4s[K[?25h[?2026l[?2026h[?25l[A[1Gpulling manifest [K
pulling f5c702d8820d:  23% ▕████              ▏ 6.7 GB/ 28 GB   60 MB/s    6m4s[K[?25h[?2026l[?2026h[?25l[A[1Gpulling manifest [K
pulling f5c702d8820d:  23% ▕████              ▏ 6.7 GB/ 28 GB   60 MB/s    6m4s[K[?25h[?2026l[?2026h[?25l[A[1Gpulling manifest [K
pulling f5c702d8820d:  23% ▕████              ▏ 6.7 GB/ 28 GB   60 MB/s    6m4s[K[?25h[?2026l[?2026h[?25l[A[1Gpulling manifest [K
pulling f5c702d8820d:  24% ▕████              ▏ 6.7 GB/ 28 GB   60 MB/s    6m3s[K[?25h[?2026l[?2026h[?25l[A[1Gpulling manifest [K
pulling f5c702d8820d:  24% ▕████              ▏ 6.7 GB/ 28 GB   60 MB/s    6m3s[K[?25h[?2026l[?2026h[?25l[A[1Gpulling manifest [K
pulling f5c702d8820d:  24% ▕████              ▏ 6.7 GB/ 28 GB   60 MB/s    6m3s[K[?25h[?2026l[?2026h[?25l[A[1Gpulling manifest [K
pulling f5c702d8820d:  24% ▕████              ▏ 6.7 GB/ 28 GB   60 MB/s    6m2s[K[?25h[?2026l[?2026h[?25l[A[1Gpulling manifest [K
pulling f5c702d8820d:  24% ▕████              ▏ 6.7 GB/ 28 GB   60 MB/s    6m2s[K[?25h[?2026l[?2026h[?25l[A[1Gpulling manifest [K
pulling f5c702d8820d:  24% ▕████              ▏ 6.8 GB/ 28 GB   60 MB/s    6m2s[K[?25h[?2026l[?2026h[?25l[A[1Gpulling manifest [K
pulling f5c702d8820d:  24% ▕████              ▏ 6.8 GB/ 28 GB   60 MB/s    6m2s[K[?25h[?2026l[?2026h[?25l[A[1Gpulling manifest [K
pulling f5c702d8820d:  24% ▕████              ▏ 6.8 GB/ 28 GB   60 MB/s    6m2s[K[?25h[?2026l[?2026h[?25l[A[1Gpulling manifest [K
pulling f5c702d8820d:  24% ▕████              ▏ 6.8 GB/ 28 GB   60 MB/s    6m2s[K[?25h[?2026l[?2026h[?25l[A[1Gpulling manifest [K
pulling f5c702d8820d:  24% ▕████              ▏ 6.8 GB/ 28 GB   60 MB/s    6m2s[K[?25h[?2026l[?2026h[?25l[A[1Gpulling manifest [K
pulling f5c702d8820d:  24% ▕████              ▏ 6.8 GB/ 28 GB   60 MB/s    6m2s[K[?25h[?2026l[?2026h[?25l[A[1Gpulling manifest [K
pulling f5c702d8820d:  24% ▕████              ▏ 6.8 GB/ 28 GB   60 MB/s    6m2s[K[?25h[?2026l[?2026h[?25l[A[1Gpulling manifest [K
pulling f5c702d8820d:  24% ▕████              ▏ 6.8 GB/ 28 GB   60 MB/s    6m2s[K[?25h[?2026l[?2026h[?25l[A[1Gpulling manifest [K
pulling f5c702d8820d:  24% ▕████              ▏ 6.8 GB/ 28 GB   60 MB/s    6m2s[K[?25h[?2026l[?2026h[?25l[A[1Gpulling manifest [K
pulling f5c702d8820d:  24% ▕████              ▏ 6.8 GB/ 28 GB   60 MB/s    6m2s[K[?25h[?2026l[?2026h[?25l[A[1Gpulling manifest [K
pulling f5c702d8820d:  24% ▕████              ▏ 6.8 GB/ 28 GB   60 MB/s    6m1s[K[?25h[?2026l[?2026h[?25l[A[1Gpulling manifest [K
pulling f5c702d8820d:  24% ▕████              ▏ 6.8 GB/ 28 GB   60 MB/s    6m1s[K[?25h[?2026l[?2026h[?25l[A[1Gpulling manifest [K
pulling f5c702d8820d:  24% ▕████              ▏ 6.8 GB/ 28 GB   60 MB/s    6m1s[K[?25h[?2026l[?2026h[?25l[A[1Gpulling manifest [K
pulling f5c702d8820d:  24% ▕████              ▏ 6.8 GB/ 28 GB   60 MB/s    6m1s[K[?25h[?2026l[?2026h[?25l[A[1Gpulling manifest [K
pulling f5c702d8820d:  24% ▕████              ▏ 6.8 GB/ 28 GB   60 MB/s    6m1s[K[?25h[?2026l[?2026h[?25l[A[1Gpulling manifest [K
pulling f5c702d8820d:  24% ▕████              ▏ 6.8 GB/ 28 GB   60 MB/s    6m1s[K[?25h[?2026l[?2026h[?25l[A[1Gpulling manifest [K
pulling f5c702d8820d:  24% ▕████              ▏ 6.9 GB/ 28 GB   60 MB/s    6m1s[K[?25h[?2026l[?2026h[?25l[A[1Gpulling manifest [K
pulling f5c702d8820d:  24% ▕████              ▏ 6.9 GB/ 28 GB   60 MB/s    6m0s[K[?25h[?2026l[?2026h[?25l[A[1Gpulling manifest [K
pulling f5c702d8820d:  24% ▕████              ▏ 6.9 GB/ 28 GB   60 MB/s    6m0s[K[?25h[?2026l[?2026h[?25l[A[1Gpulling manifest [K
pulling f5c702d8820d:  24% ▕████              ▏ 6.9 GB/ 28 GB   60 MB/s    6m0s[K[?25h[?2026l[?2026h[?25l[A[1Gpulling manifest [K
pulling f5c702d8820d:  24% ▕████              ▏ 6.9 GB/ 28 GB   60 MB/s    6m0s[K[?25h[?2026l[?2026h[?25l[A[1Gpulling manifest [K
pulling f5c702d8820d:  24% ▕████              ▏ 6.9 GB/ 28 GB   60 MB/s    6m0s[K[?25h[?2026l[?2026h[?25l[A[1Gpulling manifest [K
pulling f5c702d8820d:  24% ▕████              ▏ 6.9 GB/ 28 GB   60 MB/s    6m0s[K[?25h[?2026l[?2026h[?25l[A[1Gpulling manifest [K
pulling f5c702d8820d:  24% ▕████              ▏ 6.9 GB/ 28 GB   60 MB/s    6m0s[K[?25h[?2026l[?2026h[?25l[A[1Gpulling manifest [K
pulling f5c702d8820d:  24% ▕████              ▏ 6.9 GB/ 28 GB   60 MB/s    6m0s[K[?25h[?2026l[?2026h[?25l[A[1Gpulling manifest [K
pulling f5c702d8820d:  24% ▕████              ▏ 6.9 GB/ 28 GB   60 MB/s    6m0s[K[?25h[?2026l[?2026h[?25l[A[1Gpulling manifest [K
pulling f5c702d8820d:  24% ▕████              ▏ 6.9 GB/ 28 GB   60 MB/s    6m0s[K[?25h[?2026l[?2026h[?25l[A[1Gpulling manifest [K
pulling f5c702d8820d:  24% ▕████              ▏ 6.9 GB/ 28 GB   60 MB/s    6m0s[K[?25h[?2026l[?2026h[?25l[A[1Gpulling manifest [K
pulling f5c702d8820d:  24% ▕████              ▏ 6.9 GB/ 28 GB   60 MB/s    6m0s[K[?25h[?2026l[?2026h[?25l[A[1Gpulling manifest [K
pulling f5c702d8820d:  24% ▕████              ▏ 6.9 GB/ 28 GB   60 MB/s    6m0s[K[?25h[?2026l[?2026h[?25l[A[1Gpulling manifest [K
pulling f5c702d8820d:  24% ▕████              ▏ 6.9 GB/ 28 GB   60 MB/s    6m0s[K[?25h[?2026l[?2026h[?25l[A[1Gpulling manifest [K
pulling f5c702d8820d:  24% ▕████              ▏ 6.9 GB/ 28 GB   60 MB/s    6m0s[K[?25h[?2026l[?2026h[?25l[A[1Gpulling manifest [K
pulling f5c702d8820d:  24% ▕████              ▏ 6.9 GB/ 28 GB   60 MB/s    6m0s[K[?25h[?2026l[?2026h[?25l[A[1Gpulling manifest [K
pulling f5c702d8820d:  24% ▕████              ▏ 6.9 GB/ 28 GB   60 MB/s    6m0s[K[?25h[?2026l[?2026h[?25l[A[1Gpulling manifest [K
pulling f5c702d8820d:  24% ▕████              ▏ 6.9 GB/ 28 GB   60 MB/s   5m59s[K[?25h[?2026l[?2026h[?25l[A[1Gpulling manifest [K
pulling f5c702d8820d:  24% ▕████              ▏ 6.9 GB/ 28 GB   60 MB/s   5m59s[K[?25h[?2026l[?2026h[?25l[A[1Gpulling manifest [K
pulling f5c702d8820d:  24% ▕████              ▏ 7.0 GB/ 28 GB   58 MB/s    6m7s[K[?25h[?2026l[?2026h[?25l[A[1Gpulling manifest [K
pulling f5c702d8820d:  24% ▕████              ▏ 7.0 GB/ 28 GB   58 MB/s    6m6s[K[?25h[?2026l[?2026h[?25l[A[1Gpulling manifest [K
pulling f5c702d8820d:  24% ▕████              ▏ 7.0 GB/ 28 GB   58 MB/s    6m6s[K[?25h[?2026l[?2026h[?25l[A[1Gpulling manifest [K
pulling f5c702d8820d:  24% ▕████              ▏ 7.0 GB/ 28 GB   58 MB/s    6m6s[K[?25h[?2026l[?2026h[?25l[A[1Gpulling manifest [K
pulling f5c702d8820d:  24% ▕████              ▏ 7.0 GB/ 28 GB   58 MB/s    6m6s[K[?25h[?2026l[?2026h[?25l[A[1Gpulling manifest [K
pulling f5c702d8820d:  24% ▕████              ▏ 7.0 GB/ 28 GB   58 MB/s    6m6s[K[?25h[?2026l[?2026h[?25l[A[1Gpulling manifest [K
pulling f5c702d8820d:  24% ▕████              ▏ 7.0 GB/ 28 GB   58 MB/s    6m6s[K[?25h[?2026l[?2026h[?25l[A[1Gpulling manifest [K
pulling f5c702d8820d:  24% ▕████              ▏ 7.0 GB/ 28 GB   58 MB/s    6m6s[K[?25h[?2026l[?2026h[?25l[A[1Gpulling manifest [K
pulling f5c702d8820d:  24% ▕████              ▏ 7.0 GB/ 28 GB   58 MB/s    6m6s[K[?25h[?2026l[?2026h[?25l[A[1Gpulling manifest [K
pulling f5c702d8820d:  25% ▕████              ▏ 7.0 GB/ 28 GB   58 MB/s    6m6s[K[?25h[?2026l[?2026h[?25l[A[1Gpulling manifest [K
pulling f5c702d8820d:  25% ▕████              ▏ 7.0 GB/ 28 GB   58 MB/s    6m6s[K[?25h[?2026l[?2026h[?25l[A[1Gpulling manifest [K
pulling f5c702d8820d:  25% ▕████              ▏ 7.0 GB/ 28 GB   58 MB/s    6m6s[K[?25h[?2026l[?2026h[?25l[A[1Gpulling manifest [K
pulling f5c702d8820d:  25% ▕████              ▏ 7.0 GB/ 28 GB   58 MB/s    6m6s[K[?25h[?2026l[?2026h[?25l[A[1Gpulling manifest [K
pulling f5c702d8820d:  25% ▕████              ▏ 7.0 GB/ 28 GB   58 MB/s    6m5s[K[?25h[?2026l[?2026h[?25l[A[1Gpulling manifest [K
pulling f5c702d8820d:  25% ▕████              ▏ 7.0 GB/ 28 GB   58 MB/s    6m5s[K[?25h[?2026l[?2026h[?25l[A[1Gpulling manifest [K
pulling f5c702d8820d:  25% ▕████              ▏ 7.0 GB/ 28 GB   58 MB/s    6m5s[K[?25h[?2026l[?2026h[?25l[A[1Gpulling manifest [K
pulling f5c702d8820d:  25% ▕████              ▏ 7.0 GB/ 28 GB   58 MB/s    6m5s[K[?25h[?2026l[?2026h[?25l[A[1Gpulling manifest [K
pulling f5c702d8820d:  25% ▕████              ▏ 7.0 GB/ 28 GB   58 MB/s    6m5s[K[?25h[?2026l[?2026h[?25l[A[1Gpulling manifest [K
pulling f5c702d8820d:  25% ▕████              ▏ 7.1 GB/ 28 GB   58 MB/s    6m5s[K[?25h[?2026l[?2026h[?25l[A[1Gpulling manifest [K
pulling f5c702d8820d:  25% ▕████              ▏ 7.1 GB/ 28 GB   58 MB/s    6m5s[K[?25h[?2026l[?2026h[?25l[A[1Gpulling manifest [K
pulling f5c702d8820d:  25% ▕████              ▏ 7.1 GB/ 28 GB   58 MB/s    6m5s[K[?25h[?2026l[?2026h[?25l[A[1Gpulling manifest [K
pulling f5c702d8820d:  25% ▕████              ▏ 7.1 GB/ 28 GB   58 MB/s    6m8s[K[?25h[?2026l[?2026h[?25l[A[1Gpulling manifest [K
pulling f5c702d8820d:  25% ▕████              ▏ 7.1 GB/ 28 GB   58 MB/s    6m8s[K[?25h[?2026l[?2026h[?25l[A[1Gpulling manifest [K
pulling f5c702d8820d:  25% ▕████              ▏ 7.1 GB/ 28 GB   58 MB/s    6m8s[K[?25h[?2026l[?2026h[?25l[A[1Gpulling manifest [K
pulling f5c702d8820d:  25% ▕████              ▏ 7.1 GB/ 28 GB   58 MB/s    6m8s[K[?25h[?2026l[?2026h[?25l[A[1Gpulling manifest [K
pulling f5c702d8820d:  25% ▕████              ▏ 7.1 GB/ 28 GB   58 MB/s    6m8s[K[?25h[?2026l[?2026h[?25l[A[1Gpulling manifest [K
pulling f5c702d8820d:  25% ▕████              ▏ 7.1 GB/ 28 GB   58 MB/s    6m8s[K[?25h[?2026l[?2026h[?25l[A[1Gpulling manifest [K
pulling f5c702d8820d:  25% ▕████              ▏ 7.1 GB/ 28 GB   58 MB/s    6m8s[K[?25h[?2026l[?2026h[?25l[A[1Gpulling manifest [K
pulling f5c702d8820d:  25% ▕████              ▏ 7.1 GB/ 28 GB   58 MB/s    6m8s[K[?25h[?2026l[?2026h[?25l[A[1Gpulling manifest [K
pulling f5c702d8820d:  25% ▕████              ▏ 7.1 GB/ 28 GB   58 MB/s    6m8s[K[?25h[?2026l[?2026h[?25l[A[1Gpulling manifest [K
pulling f5c702d8820d:  25% ▕████              ▏ 7.1 GB/ 28 GB   58 MB/s    6m7s[K[?25h[?2026l[?2026h[?25l[A[1Gpulling manifest [K
pulling f5c702d8820d:  25% ▕████              ▏ 7.1 GB/ 28 GB   58 MB/s    6m7s[K[?25h[?2026l[?2026h[?25l[A[1Gpulling manifest [K
pulling f5c702d8820d:  25% ▕████              ▏ 7.1 GB/ 28 GB   58 MB/s    6m7s[K[?25h[?2026l[?2026h[?25l[A[1Gpulling manifest [K
pulling f5c702d8820d:  25% ▕████              ▏ 7.1 GB/ 28 GB   58 MB/s    6m7s[K[?25h[?2026l[?2026h[?25l[A[1Gpulling manifest [K
pulling f5c702d8820d:  25% ▕████              ▏ 7.2 GB/ 28 GB   58 MB/s    6m7s[K[?25h[?2026l[?2026h[?25l[A[1Gpulling manifest [K
pulling f5c702d8820d:  25% ▕████              ▏ 7.2 GB/ 28 GB   58 MB/s    6m7s[K[?25h[?2026l[?2026h[?25l[A[1Gpulling manifest [K
pulling f5c702d8820d:  25% ▕████              ▏ 7.2 GB/ 28 GB   58 MB/s    6m7s[K[?25h[?2026l[?2026h[?25l[A[1Gpulling manifest [K
pulling f5c702d8820d:  25% ▕████              ▏ 7.2 GB/ 28 GB   58 MB/s    6m7s[K[?25h[?2026l[?2026h[?25l[A[1Gpulling manifest [K
pulling f5c702d8820d:  25% ▕████              ▏ 7.2 GB/ 28 GB   58 MB/s    6m7s[K[?25h[?2026l[?2026h[?25l[A[1Gpulling manifest [K
pulling f5c702d8820d:  25% ▕████              ▏ 7.2 GB/ 28 GB   58 MB/s    6m7s[K[?25h[?2026l[?2026h[?25l[A[1Gpulling manifest [K
pulling f5c702d8820d:  25% ▕████              ▏ 7.2 GB/ 28 GB   58 MB/s    6m6s[K[?25h[?2026l[?2026h[?25l[A[1Gpulling manifest [K
pulling f5c702d8820d:  25% ▕████              ▏ 7.2 GB/ 28 GB   58 MB/s    6m3s[K[?25h[?2026l[?2026h[?25l[A[1Gpulling manifest [K
pulling f5c702d8820d:  25% ▕████              ▏ 7.2 GB/ 28 GB   58 MB/s    6m3s[K[?25h[?2026l[?2026h[?25l[A[1Gpulling manifest [K
pulling f5c702d8820d:  25% ▕████              ▏ 7.2 GB/ 28 GB   58 MB/s    6m3s[K[?25h[?2026l[?2026h[?25l[A[1Gpulling manifest [K
pulling f5c702d8820d:  25% ▕████              ▏ 7.2 GB/ 28 GB   58 MB/s    6m3s[K[?25h[?2026l[?2026h[?25l[A[1Gpulling manifest [K
pulling f5c702d8820d:  25% ▕████              ▏ 7.2 GB/ 28 GB   58 MB/s    6m3s[K[?25h[?2026l[?2026h[?25l[A[1Gpulling manifest [K
pulling f5c702d8820d:  25% ▕████              ▏ 7.2 GB/ 28 GB   58 MB/s    6m3s[K[?25h[?2026l[?2026h[?25l[A[1Gpulling manifest [K
pulling f5c702d8820d:  25% ▕████              ▏ 7.2 GB/ 28 GB   58 MB/s    6m3s[K[?25h[?2026l[?2026h[?25l[A[1Gpulling manifest [K
pulling f5c702d8820d:  25% ▕████              ▏ 7.2 GB/ 28 GB   58 MB/s    6m3s[K[?25h[?2026l[?2026h[?25l[A[1Gpulling manifest [K
pulling f5c702d8820d:  25% ▕████              ▏ 7.2 GB/ 28 GB   58 MB/s    6m2s[K[?25h[?2026l[?2026h[?25l[A[1Gpulling manifest [K
pulling f5c702d8820d:  25% ▕████              ▏ 7.2 GB/ 28 GB   58 MB/s    6m2s[K[?25h[?2026l[?2026h[?25l[A[1Gpulling manifest [K
pulling f5c702d8820d:  25% ▕████              ▏ 7.3 GB/ 28 GB   58 MB/s    6m2s[K[?25h[?2026l[?2026h[?25l[A[1Gpulling manifest [K
pulling f5c702d8820d:  25% ▕████              ▏ 7.3 GB/ 28 GB   58 MB/s    6m2s[K[?25h[?2026l[?2026h[?25l[A[1Gpulling manifest [K
pulling f5c702d8820d:  25% ▕████              ▏ 7.3 GB/ 28 GB   58 MB/s    6m2s[K[?25h[?2026l[?2026h[?25l[A[1Gpulling manifest [K
pulling f5c702d8820d:  25% ▕████              ▏ 7.3 GB/ 28 GB   58 MB/s    6m2s[K[?25h[?2026l[?2026h[?25l[A[1Gpulling manifest [K
pulling f5c702d8820d:  25% ▕████              ▏ 7.3 GB/ 28 GB   58 MB/s    6m2s[K[?25h[?2026l[?2026h[?25l[A[1Gpulling manifest [K
pulling f5c702d8820d:  25% ▕████              ▏ 7.3 GB/ 28 GB   58 MB/s    6m2s[K[?25h[?2026l[?2026h[?25l[A[1Gpulling manifest [K
pulling f5c702d8820d:  25% ▕████              ▏ 7.3 GB/ 28 GB   58 MB/s    6m2s[K[?25h[?2026l[?2026h[?25l[A[1Gpulling manifest [K
pulling f5c702d8820d:  26% ▕████              ▏ 7.3 GB/ 28 GB   58 MB/s    6m1s[K[?25h[?2026l[?2026h[?25l[A[1Gpulling manifest [K
pulling f5c702d8820d:  26% ▕████              ▏ 7.3 GB/ 28 GB   58 MB/s    6m1s[K[?25h[?2026l[?2026h[?25l[A[1Gpulling manifest [K
pulling f5c702d8820d:  26% ▕████              ▏ 7.3 GB/ 28 GB   58 MB/s    6m1s[K[?25h[?2026l[?2026h[?25l[A[1Gpulling manifest [K
pulling f5c702d8820d:  26% ▕████              ▏ 7.3 GB/ 28 GB   58 MB/s    6m1s[K[?25h[?2026l[?2026h[?25l[A[1Gpulling manifest [K
pulling f5c702d8820d:  26% ▕████              ▏ 7.3 GB/ 28 GB   58 MB/s    6m1s[K[?25h[?2026l[?2026h[?25l[A[1Gpulling manifest [K
pulling f5c702d8820d:  26% ▕████              ▏ 7.3 GB/ 28 GB   58 MB/s    6m1s[K[?25h[?2026l[?2026h[?25l[A[1Gpulling manifest [K
pulling f5c702d8820d:  26% ▕████              ▏ 7.3 GB/ 28 GB   58 MB/s    6m1s[K[?25h[?2026l[?2026h[?25l[A[1Gpulling manifest [K
pulling f5c702d8820d:  26% ▕████              ▏ 7.3 GB/ 28 GB   58 MB/s    6m1s[K[?25h[?2026l[?2026h[?25l[A[1Gpulling manifest [K
pulling f5c702d8820d:  26% ▕████              ▏ 7.3 GB/ 28 GB   58 MB/s    6m1s[K[?25h[?2026l[?2026h[?25l[A[1Gpulling manifest [K
pulling f5c702d8820d:  26% ▕████              ▏ 7.4 GB/ 28 GB   58 MB/s    6m1s[K[?25h[?2026l[?2026h[?25l[A[1Gpulling manifest [K
pulling f5c702d8820d:  26% ▕████              ▏ 7.4 GB/ 28 GB   58 MB/s    6m0s[K[?25h[?2026l[?2026h[?25l[A[1Gpulling manifest [K
pulling f5c702d8820d:  26% ▕████              ▏ 7.4 GB/ 28 GB   58 MB/s    6m0s[K[?25h[?2026l[?2026h[?25l[A[1Gpulling manifest [K
pulling f5c702d8820d:  26% ▕████              ▏ 7.4 GB/ 28 GB   58 MB/s    6m0s[K[?25h[?2026l[?2026h[?25l[A[1Gpulling manifest [K
pulling f5c702d8820d:  26% ▕████              ▏ 7.4 GB/ 28 GB   58 MB/s    6m0s[K[?25h[?2026l[?2026h[?25l[A[1Gpulling manifest [K
pulling f5c702d8820d:  26% ▕████              ▏ 7.4 GB/ 28 GB   58 MB/s    6m0s[K[?25h[?2026l[?2026h[?25l[A[1Gpulling manifest [K
pulling f5c702d8820d:  26% ▕████              ▏ 7.4 GB/ 28 GB   58 MB/s    6m0s[K[?25h[?2026l[?2026h[?25l[A[1Gpulling manifest [K
pulling f5c702d8820d:  26% ▕████              ▏ 7.4 GB/ 28 GB   58 MB/s    6m0s[K[?25h[?2026l[?2026h[?25l[A[1Gpulling manifest [K
pulling f5c702d8820d:  26% ▕████              ▏ 7.4 GB/ 28 GB   58 MB/s    6m0s[K[?25h[?2026l[?2026h[?25l[A[1Gpulling manifest [K
pulling f5c702d8820d:  26% ▕████              ▏ 7.4 GB/ 28 GB   58 MB/s    6m0s[K[?25h[?2026l[?2026h[?25l[A[1Gpulling manifest [K
pulling f5c702d8820d:  26% ▕████              ▏ 7.4 GB/ 28 GB   58 MB/s    6m0s[K[?25h[?2026l[?2026h[?25l[A[1Gpulling manifest [K
pulling f5c702d8820d:  26% ▕████              ▏ 7.4 GB/ 28 GB   58 MB/s   5m59s[K[?25h[?2026l[?2026h[?25l[A[1Gpulling manifest [K
pulling f5c702d8820d:  26% ▕████              ▏ 7.4 GB/ 28 GB   58 MB/s   5m59s[K[?25h[?2026l[?2026h[?25l[A[1Gpulling manifest [K
pulling f5c702d8820d:  26% ▕████              ▏ 7.4 GB/ 28 GB   58 MB/s   5m59s[K[?25h[?2026l[?2026h[?25l[A[1Gpulling manifest [K
pulling f5c702d8820d:  26% ▕████              ▏ 7.4 GB/ 28 GB   58 MB/s   5m59s[K[?25h[?2026l[?2026h[?25l[A[1Gpulling manifest [K
pulling f5c702d8820d:  26% ▕████              ▏ 7.4 GB/ 28 GB   59 MB/s   5m56s[K[?25h[?2026l[?2026h[?25l[A[1Gpulling manifest [K
pulling f5c702d8820d:  26% ▕████              ▏ 7.4 GB/ 28 GB   59 MB/s   5m56s[K[?25h[?2026l[?2026h[?25l[A[1Gpulling manifest [K
pulling f5c702d8820d:  26% ▕████              ▏ 7.5 GB/ 28 GB   59 MB/s   5m56s[K[?25h[?2026l[?2026h[?25l[A[1Gpulling manifest [K
pulling f5c702d8820d:  26% ▕████              ▏ 7.5 GB/ 28 GB   59 MB/s   5m56s[K[?25h[?2026l[?2026h[?25l[A[1Gpulling manifest [K
pulling f5c702d8820d:  26% ▕████              ▏ 7.5 GB/ 28 GB   59 MB/s   5m56s[K[?25h[?2026l[?2026h[?25l[A[1Gpulling manifest [K
pulling f5c702d8820d:  26% ▕████              ▏ 7.5 GB/ 28 GB   59 MB/s   5m55s[K[?25h[?2026l[?2026h[?25l[A[1Gpulling manifest [K
pulling f5c702d8820d:  26% ▕████              ▏ 7.5 GB/ 28 GB   59 MB/s   5m55s[K[?25h[?2026l[?2026h[?25l[A[1Gpulling manifest [K
pulling f5c702d8820d:  26% ▕████              ▏ 7.5 GB/ 28 GB   59 MB/s   5m55s[K[?25h[?2026l[?2026h[?25l[A[1Gpulling manifest [K
pulling f5c702d8820d:  26% ▕████              ▏ 7.5 GB/ 28 GB   59 MB/s   5m55s[K[?25h[?2026l[?2026h[?25l[A[1Gpulling manifest [K
pulling f5c702d8820d:  26% ▕████              ▏ 7.5 GB/ 28 GB   59 MB/s   5m55s[K[?25h[?2026l[?2026h[?25l[A[1Gpulling manifest [K
pulling f5c702d8820d:  26% ▕████              ▏ 7.5 GB/ 28 GB   60 MB/s   5m48s[K[?25h[?2026l[?2026h[?25l[A[1Gpulling manifest [K
pulling f5c702d8820d:  26% ▕████              ▏ 7.5 GB/ 28 GB   60 MB/s   5m48s[K[?25h[?2026l[?2026h[?25l[A[1Gpulling manifest [K
pulling f5c702d8820d:  26% ▕████              ▏ 7.5 GB/ 28 GB   60 MB/s   5m48s[K[?25h[?2026l[?2026h[?25l[A[1Gpulling manifest [K
pulling f5c702d8820d:  26% ▕████              ▏ 7.5 GB/ 28 GB   60 MB/s   5m48s[K[?25h[?2026l[?2026h[?25l[A[1Gpulling manifest [K
pulling f5c702d8820d:  26% ▕████              ▏ 7.5 GB/ 28 GB   60 MB/s   5m48s[K[?25h[?2026l[?2026h[?25l[A[1Gpulling manifest [K
pulling f5c702d8820d:  26% ▕████              ▏ 7.5 GB/ 28 GB   60 MB/s   5m47s[K[?25h[?2026l[?2026h[?25l[A[1Gpulling manifest [K
pulling f5c702d8820d:  26% ▕████              ▏ 7.5 GB/ 28 GB   60 MB/s   5m47s[K[?25h[?2026l[?2026h[?25l[A[1Gpulling manifest [K
pulling f5c702d8820d:  26% ▕████              ▏ 7.5 GB/ 28 GB   60 MB/s   5m47s[K[?25h[?2026l[?2026h[?25l[A[1Gpulling manifest [K
pulling f5c702d8820d:  26% ▕████              ▏ 7.5 GB/ 28 GB   60 MB/s   5m47s[K[?25h[?2026l[?2026h[?25l[A[1Gpulling manifest [K
pulling f5c702d8820d:  26% ▕████              ▏ 7.6 GB/ 28 GB   60 MB/s   5m47s[K[?25h[?2026l[?2026h[?25l[A[1Gpulling manifest [K
pulling f5c702d8820d:  26% ▕████              ▏ 7.6 GB/ 28 GB   60 MB/s   5m47s[K[?25h[?2026l[?2026h[?25l[A[1Gpulling manifest [K
pulling f5c702d8820d:  26% ▕████              ▏ 7.6 GB/ 28 GB   60 MB/s   5m47s[K[?25h[?2026l[?2026h[?25l[A[1Gpulling manifest [K
pulling f5c702d8820d:  26% ▕████              ▏ 7.6 GB/ 28 GB   60 MB/s   5m47s[K[?25h[?2026l[?2026h[?25l[A[1Gpulling manifest [K
pulling f5c702d8820d:  27% ▕████              ▏ 7.6 GB/ 28 GB   60 MB/s   5m47s[K[?25h[?2026l[?2026h[?25l[A[1Gpulling manifest [K
pulling f5c702d8820d:  27% ▕████              ▏ 7.6 GB/ 28 GB   60 MB/s   5m47s[K[?25h[?2026l[?2026h[?25l[A[1Gpulling manifest [K
pulling f5c702d8820d:  27% ▕████              ▏ 7.6 GB/ 28 GB   60 MB/s   5m47s[K[?25h[?2026l[?2026h[?25l[A[1Gpulling manifest [K
pulling f5c702d8820d:  27% ▕████              ▏ 7.6 GB/ 28 GB   60 MB/s   5m46s[K[?25h[?2026l[?2026h[?25l[A[1Gpulling manifest [K
pulling f5c702d8820d:  27% ▕████              ▏ 7.6 GB/ 28 GB   60 MB/s   5m46s[K[?25h[?2026l[?2026h[?25l[A[1Gpulling manifest [K
pulling f5c702d8820d:  27% ▕████              ▏ 7.6 GB/ 28 GB   60 MB/s   5m46s[K[?25h[?2026l[?2026h[?25l[A[1Gpulling manifest [K
pulling f5c702d8820d:  27% ▕████              ▏ 7.6 GB/ 28 GB   60 MB/s   5m46s[K[?25h[?2026l[?2026h[?25l[A[1Gpulling manifest [K
pulling f5c702d8820d:  27% ▕████              ▏ 7.6 GB/ 28 GB   61 MB/s   5m43s[K[?25h[?2026l[?2026h[?25l[A[1Gpulling manifest [K
pulling f5c702d8820d:  27% ▕████              ▏ 7.6 GB/ 28 GB   61 MB/s   5m43s[K[?25h[?2026l[?2026h[?25l[A[1Gpulling manifest [K
pulling f5c702d8820d:  27% ▕████              ▏ 7.6 GB/ 28 GB   61 MB/s   5m43s[K[?25h[?2026l[?2026h[?25l[A[1Gpulling manifest [K
pulling f5c702d8820d:  27% ▕████              ▏ 7.6 GB/ 28 GB   61 MB/s   5m42s[K[?25h[?2026l[?2026h[?25l[A[1Gpulling manifest [K
pulling f5c702d8820d:  27% ▕████              ▏ 7.6 GB/ 28 GB   61 MB/s   5m42s[K[?25h[?2026l[?2026h[?25l[A[1Gpulling manifest [K
pulling f5c702d8820d:  27% ▕████              ▏ 7.7 GB/ 28 GB   61 MB/s   5m42s[K[?25h[?2026l[?2026h[?25l[A[1Gpulling manifest [K
pulling f5c702d8820d:  27% ▕████              ▏ 7.7 GB/ 28 GB   61 MB/s   5m42s[K[?25h[?2026l[?2026h[?25l[A[1Gpulling manifest [K
pulling f5c702d8820d:  27% ▕████              ▏ 7.7 GB/ 28 GB   61 MB/s   5m42s[K[?25h[?2026l[?2026h[?25l[A[1Gpulling manifest [K
pulling f5c702d8820d:  27% ▕████              ▏ 7.7 GB/ 28 GB   61 MB/s   5m42s[K[?25h[?2026l[?2026h[?25l[A[1Gpulling manifest [K
pulling f5c702d8820d:  27% ▕████              ▏ 7.7 GB/ 28 GB   61 MB/s   5m42s[K[?25h[?2026l[?2026h[?25l[A[1Gpulling manifest [K
pulling f5c702d8820d:  27% ▕████              ▏ 7.7 GB/ 28 GB   61 MB/s   5m42s[K[?25h[?2026l[?2026h[?25l[A[1Gpulling manifest [K
pulling f5c702d8820d:  27% ▕████              ▏ 7.7 GB/ 28 GB   61 MB/s   5m42s[K[?25h[?2026l[?2026h[?25l[A[1Gpulling manifest [K
pulling f5c702d8820d:  27% ▕████              ▏ 7.7 GB/ 28 GB   61 MB/s   5m42s[K[?25h[?2026l[?2026h[?25l[A[1Gpulling manifest [K
pulling f5c702d8820d:  27% ▕████              ▏ 7.7 GB/ 28 GB   61 MB/s   5m42s[K[?25h[?2026l[?2026h[?25l[A[1Gpulling manifest [K
pulling f5c702d8820d:  27% ▕████              ▏ 7.7 GB/ 28 GB   61 MB/s   5m42s[K[?25h[?2026l[?2026h[?25l[A[1Gpulling manifest [K
pulling f5c702d8820d:  27% ▕████              ▏ 7.7 GB/ 28 GB   61 MB/s   5m41s[K[?25h[?2026l[?2026h[?25l[A[1Gpulling manifest [K
pulling f5c702d8820d:  27% ▕████              ▏ 7.7 GB/ 28 GB   61 MB/s   5m41s[K[?25h[?2026l[?2026h[?25l[A[1Gpulling manifest [K
pulling f5c702d8820d:  27% ▕████              ▏ 7.7 GB/ 28 GB   61 MB/s   5m41s[K[?25h[?2026l[?2026h[?25l[A[1Gpulling manifest [K
pulling f5c702d8820d:  27% ▕████              ▏ 7.7 GB/ 28 GB   61 MB/s   5m41s[K[?25h[?2026l[?2026h[?25l[A[1Gpulling manifest [K
pulling f5c702d8820d:  27% ▕████              ▏ 7.7 GB/ 28 GB   61 MB/s   5m41s[K[?25h[?2026l[?2026h[?25l[A[1Gpulling manifest [K
pulling f5c702d8820d:  27% ▕████              ▏ 7.7 GB/ 28 GB   61 MB/s   5m41s[K[?25h[?2026l[?2026h[?25l[A[1Gpulling manifest [K
pulling f5c702d8820d:  27% ▕████              ▏ 7.7 GB/ 28 GB   60 MB/s   5m41s[K[?25h[?2026l[?2026h[?25l[A[1Gpulling manifest [K
pulling f5c702d8820d:  27% ▕████              ▏ 7.8 GB/ 28 GB   60 MB/s   5m41s[K[?25h[?2026l[?2026h[?25l[A[1Gpulling manifest [K
pulling f5c702d8820d:  27% ▕████              ▏ 7.8 GB/ 28 GB   60 MB/s   5m41s[K[?25h[?2026l[?2026h[?25l[A[1Gpulling manifest [K
pulling f5c702d8820d:  27% ▕████              ▏ 7.8 GB/ 28 GB   60 MB/s   5m41s[K[?25h[?2026l[?2026h[?25l[A[1Gpulling manifest [K
pulling f5c702d8820d:  27% ▕████              ▏ 7.8 GB/ 28 GB   60 MB/s   5m41s[K[?25h[?2026l[?2026h[?25l[A[1Gpulling manifest [K
pulling f5c702d8820d:  27% ▕████              ▏ 7.8 GB/ 28 GB   60 MB/s   5m41s[K[?25h[?2026l[?2026h[?25l[A[1Gpulling manifest [K
pulling f5c702d8820d:  27% ▕████              ▏ 7.8 GB/ 28 GB   60 MB/s   5m41s[K[?25h[?2026l[?2026h[?25l[A[1Gpulling manifest [K
pulling f5c702d8820d:  27% ▕████              ▏ 7.8 GB/ 28 GB   60 MB/s   5m41s[K[?25h[?2026l[?2026h[?25l[A[1Gpulling manifest [K
pulling f5c702d8820d:  27% ▕████              ▏ 7.8 GB/ 28 GB   60 MB/s   5m41s[K[?25h[?2026l[?2026h[?25l[A[1Gpulling manifest [K
pulling f5c702d8820d:  27% ▕████              ▏ 7.8 GB/ 28 GB   60 MB/s   5m41s[K[?25h[?2026l[?2026h[?25l[A[1Gpulling manifest [K
pulling f5c702d8820d:  27% ▕████              ▏ 7.8 GB/ 28 GB   60 MB/s   5m41s[K[?25h[?2026l[?2026h[?25l[A[1Gpulling manifest [K
pulling f5c702d8820d:  27% ▕████              ▏ 7.8 GB/ 28 GB   60 MB/s   5m41s[K[?25h[?2026l[?2026h[?25l[A[1Gpulling manifest [K
pulling f5c702d8820d:  27% ▕████              ▏ 7.8 GB/ 28 GB   60 MB/s   5m40s[K[?25h[?2026l[?2026h[?25l[A[1Gpulling manifest [K
pulling f5c702d8820d:  27% ▕████              ▏ 7.8 GB/ 28 GB   60 MB/s   5m40s[K[?25h[?2026l[?2026h[?25l[A[1Gpulling manifest [K
pulling f5c702d8820d:  27% ▕████              ▏ 7.8 GB/ 28 GB   60 MB/s   5m40s[K[?25h[?2026l[?2026h[?25l[A[1Gpulling manifest [K
pulling f5c702d8820d:  27% ▕████              ▏ 7.8 GB/ 28 GB   60 MB/s   5m40s[K[?25h[?2026l[?2026h[?25l[A[1Gpulling manifest [K
pulling f5c702d8820d:  27% ▕████              ▏ 7.8 GB/ 28 GB   60 MB/s   5m40s[K[?25h[?2026l[?2026h[?25l[A[1Gpulling manifest [K
pulling f5c702d8820d:  27% ▕████              ▏ 7.8 GB/ 28 GB   60 MB/s   5m40s[K[?25h[?2026l[?2026h[?25l[A[1Gpulling manifest [K
pulling f5c702d8820d:  27% ▕████              ▏ 7.9 GB/ 28 GB   60 MB/s   5m40s[K[?25h[?2026l[?2026h[?25l[A[1Gpulling manifest [K
pulling f5c702d8820d:  27% ▕████              ▏ 7.9 GB/ 28 GB   60 MB/s   5m40s[K[?25h[?2026l[?2026h[?25l[A[1Gpulling manifest [K
pulling f5c702d8820d:  28% ▕████              ▏ 7.9 GB/ 28 GB   60 MB/s   5m40s[K[?25h[?2026l[?2026h[?25l[A[1Gpulling manifest [K
pulling f5c702d8820d:  28% ▕████              ▏ 7.9 GB/ 28 GB   60 MB/s   5m39s[K[?25h[?2026l[?2026h[?25l[A[1Gpulling manifest [K
pulling f5c702d8820d:  28% ▕████              ▏ 7.9 GB/ 28 GB   60 MB/s   5m39s[K[?25h[?2026l[?2026h[?25l[A[1Gpulling manifest [K
pulling f5c702d8820d:  28% ▕████              ▏ 7.9 GB/ 28 GB   60 MB/s   5m39s[K[?25h[?2026l[?2026h[?25l[A[1Gpulling manifest [K
pulling f5c702d8820d:  28% ▕████              ▏ 7.9 GB/ 28 GB   60 MB/s   5m39s[K[?25h[?2026l[?2026h[?25l[A[1Gpulling manifest [K
pulling f5c702d8820d:  28% ▕████              ▏ 7.9 GB/ 28 GB   60 MB/s   5m39s[K[?25h[?2026l[?2026h[?25l[A[1Gpulling manifest [K
pulling f5c702d8820d:  28% ▕████              ▏ 7.9 GB/ 28 GB   60 MB/s   5m39s[K[?25h[?2026l[?2026h[?25l[A[1Gpulling manifest [K
pulling f5c702d8820d:  28% ▕████              ▏ 7.9 GB/ 28 GB   60 MB/s   5m39s[K[?25h[?2026l[?2026h[?25l[A[1Gpulling manifest [K
pulling f5c702d8820d:  28% ▕████              ▏ 7.9 GB/ 28 GB   60 MB/s   5m39s[K[?25h[?2026l[?2026h[?25l[A[1Gpulling manifest [K
pulling f5c702d8820d:  28% ▕████              ▏ 7.9 GB/ 28 GB   60 MB/s   5m39s[K[?25h[?2026l[?2026h[?25l[A[1Gpulling manifest [K
pulling f5c702d8820d:  28% ▕████              ▏ 7.9 GB/ 28 GB   60 MB/s   5m41s[K[?25h[?2026l[?2026h[?25l[A[1Gpulling manifest [K
pulling f5c702d8820d:  28% ▕████              ▏ 7.9 GB/ 28 GB   60 MB/s   5m41s[K[?25h[?2026l[?2026h[?25l[A[1Gpulling manifest [K
pulling f5c702d8820d:  28% ▕████              ▏ 7.9 GB/ 28 GB   60 MB/s   5m41s[K[?25h[?2026l[?2026h[?25l[A[1Gpulling manifest [K
pulling f5c702d8820d:  28% ▕████              ▏ 7.9 GB/ 28 GB   60 MB/s   5m41s[K[?25h[?2026l[?2026h[?25l[A[1Gpulling manifest [K
pulling f5c702d8820d:  28% ▕█████             ▏ 7.9 GB/ 28 GB   60 MB/s   5m41s[K[?25h[?2026l[?2026h[?25l[A[1Gpulling manifest [K
pulling f5c702d8820d:  28% ▕█████             ▏ 8.0 GB/ 28 GB   60 MB/s   5m41s[K[?25h[?2026l[?2026h[?25l[A[1Gpulling manifest [K
pulling f5c702d8820d:  28% ▕█████             ▏ 8.0 GB/ 28 GB   60 MB/s   5m41s[K[?25h[?2026l[?2026h[?25l[A[1Gpulling manifest [K
pulling f5c702d8820d:  28% ▕█████             ▏ 8.0 GB/ 28 GB   60 MB/s   5m41s[K[?25h[?2026l[?2026h[?25l[A[1Gpulling manifest [K
pulling f5c702d8820d:  28% ▕█████             ▏ 8.0 GB/ 28 GB   60 MB/s   5m41s[K[?25h[?2026l[?2026h[?25l[A[1Gpulling manifest [K
pulling f5c702d8820d:  28% ▕█████             ▏ 8.0 GB/ 28 GB   60 MB/s   5m41s[K[?25h[?2026l[?2026h[?25l[A[1Gpulling manifest [K
pulling f5c702d8820d:  28% ▕█████             ▏ 8.0 GB/ 28 GB   60 MB/s   5m41s[K[?25h[?2026l[?2026h[?25l[A[1Gpulling manifest [K
pulling f5c702d8820d:  28% ▕█████             ▏ 8.0 GB/ 28 GB   60 MB/s   5m40s[K[?25h[?2026l[?2026h[?25l[A[1Gpulling manifest [K
pulling f5c702d8820d:  28% ▕█████             ▏ 8.0 GB/ 28 GB   60 MB/s   5m40s[K[?25h[?2026l[?2026h[?25l[A[1Gpulling manifest [K
pulling f5c702d8820d:  28% ▕█████             ▏ 8.0 GB/ 28 GB   60 MB/s   5m40s[K[?25h[?2026l[?2026h[?25l[A[1Gpulling manifest [K
pulling f5c702d8820d:  28% ▕█████             ▏ 8.0 GB/ 28 GB   60 MB/s   5m40s[K[?25h[?2026l[?2026h[?25l[A[1Gpulling manifest [K
pulling f5c702d8820d:  28% ▕█████             ▏ 8.0 GB/ 28 GB   60 MB/s   5m40s[K[?25h[?2026l[?2026h[?25l[A[1Gpulling manifest [K
pulling f5c702d8820d:  28% ▕█████             ▏ 8.0 GB/ 28 GB   60 MB/s   5m40s[K[?25h[?2026l[?2026h[?25l[A[1Gpulling manifest [K
pulling f5c702d8820d:  28% ▕█████             ▏ 8.0 GB/ 28 GB   60 MB/s   5m39s[K[?25h[?2026l[?2026h[?25l[A[1Gpulling manifest [K
pulling f5c702d8820d:  28% ▕█████             ▏ 8.0 GB/ 28 GB   60 MB/s   5m39s[K[?25h[?2026l[?2026h[?25l[A[1Gpulling manifest [K
pulling f5c702d8820d:  28% ▕█████             ▏ 8.0 GB/ 28 GB   60 MB/s   5m39s[K[?25h[?2026l[?2026h[?25l[A[1Gpulling manifest [K
pulling f5c702d8820d:  28% ▕█████             ▏ 8.0 GB/ 28 GB   60 MB/s   5m39s[K[?25h[?2026l[?2026h[?25l[A[1Gpulling manifest [K
pulling f5c702d8820d:  28% ▕█████             ▏ 8.0 GB/ 28 GB   60 MB/s   5m39s[K[?25h[?2026l[?2026h[?25l[A[1Gpulling manifest [K
pulling f5c702d8820d:  28% ▕█████             ▏ 8.1 GB/ 28 GB   60 MB/s   5m39s[K[?25h[?2026l[?2026h[?25l[A[1Gpulling manifest [K
pulling f5c702d8820d:  28% ▕█████             ▏ 8.1 GB/ 28 GB   60 MB/s   5m39s[K[?25h[?2026l[?2026h[?25l[A[1Gpulling manifest [K
pulling f5c702d8820d:  28% ▕█████             ▏ 8.1 GB/ 28 GB   60 MB/s   5m39s[K[?25h[?2026l[?2026h[?25l[A[1Gpulling manifest [K
pulling f5c702d8820d:  28% ▕█████             ▏ 8.1 GB/ 28 GB   60 MB/s   5m38s[K[?25h[?2026l[?2026h[?25l[A[1Gpulling manifest [K
pulling f5c702d8820d:  28% ▕█████             ▏ 8.1 GB/ 28 GB   60 MB/s   5m38s[K[?25h[?2026l[?2026h[?25l[A[1Gpulling manifest [K
pulling f5c702d8820d:  28% ▕█████             ▏ 8.1 GB/ 28 GB   60 MB/s   5m38s[K[?25h[?2026l[?2026h[?25l[A[1Gpulling manifest [K
pulling f5c702d8820d:  28% ▕█████             ▏ 8.1 GB/ 28 GB   60 MB/s   5m38s[K[?25h[?2026l[?2026h[?25l[A[1Gpulling manifest [K
pulling f5c702d8820d:  28% ▕█████             ▏ 8.1 GB/ 28 GB   60 MB/s   5m38s[K[?25h[?2026l[?2026h[?25l[A[1Gpulling manifest [K
pulling f5c702d8820d:  28% ▕█████             ▏ 8.1 GB/ 28 GB   60 MB/s   5m38s[K[?25h[?2026l[?2026h[?25l[A[1Gpulling manifest [K
pulling f5c702d8820d:  28% ▕█████             ▏ 8.1 GB/ 28 GB   60 MB/s   5m38s[K[?25h[?2026l[?2026h[?25l[A[1Gpulling manifest [K
pulling f5c702d8820d:  28% ▕█████             ▏ 8.1 GB/ 28 GB   60 MB/s   5m38s[K[?25h[?2026l[?2026h[?25l[A[1Gpulling manifest [K
pulling f5c702d8820d:  28% ▕█████             ▏ 8.1 GB/ 28 GB   60 MB/s   5m38s[K[?25h[?2026l[?2026h[?25l[A[1Gpulling manifest [K
pulling f5c702d8820d:  28% ▕█████             ▏ 8.1 GB/ 28 GB   60 MB/s   5m38s[K[?25h[?2026l[?2026h[?25l[A[1Gpulling manifest [K
pulling f5c702d8820d:  28% ▕█████             ▏ 8.1 GB/ 28 GB   60 MB/s   5m38s[K[?25h[?2026l[?2026h[?25l[A[1Gpulling manifest [K
pulling f5c702d8820d:  28% ▕█████             ▏ 8.1 GB/ 28 GB   60 MB/s   5m37s[K[?25h[?2026l[?2026h[?25l[A[1Gpulling manifest [K
pulling f5c702d8820d:  28% ▕█████             ▏ 8.1 GB/ 28 GB   60 MB/s   5m37s[K[?25h[?2026l[?2026h[?25l[A[1Gpulling manifest [K
pulling f5c702d8820d:  28% ▕█████             ▏ 8.1 GB/ 28 GB   60 MB/s   5m37s[K[?25h[?2026l[?2026h[?25l[A[1Gpulling manifest [K
pulling f5c702d8820d:  29% ▕█████             ▏ 8.2 GB/ 28 GB   60 MB/s   5m37s[K[?25h[?2026l[?2026h[?25l[A[1Gpulling manifest [K
pulling f5c702d8820d:  29% ▕█████             ▏ 8.2 GB/ 28 GB   60 MB/s   5m37s[K[?25h[?2026l[?2026h[?25l[A[1Gpulling manifest [K
pulling f5c702d8820d:  29% ▕█████             ▏ 8.2 GB/ 28 GB   60 MB/s   5m37s[K[?25h[?2026l[?2026h[?25l[A[1Gpulling manifest [K
pulling f5c702d8820d:  29% ▕█████             ▏ 8.2 GB/ 28 GB   60 MB/s   5m37s[K[?25h[?2026l[?2026h[?25l[A[1Gpulling manifest [K
pulling f5c702d8820d:  29% ▕█████             ▏ 8.2 GB/ 28 GB   60 MB/s   5m37s[K[?25h[?2026l[?2026h[?25l[A[1Gpulling manifest [K
pulling f5c702d8820d:  29% ▕█████             ▏ 8.2 GB/ 28 GB   60 MB/s   5m37s[K[?25h[?2026l[?2026h[?25l[A[1Gpulling manifest [K
pulling f5c702d8820d:  29% ▕█████             ▏ 8.2 GB/ 28 GB   60 MB/s   5m37s[K[?25h[?2026l[?2026h[?25l[A[1Gpulling manifest [K
pulling f5c702d8820d:  29% ▕█████             ▏ 8.2 GB/ 28 GB   60 MB/s   5m36s[K[?25h[?2026l[?2026h[?25l[A[1Gpulling manifest [K
pulling f5c702d8820d:  29% ▕█████             ▏ 8.2 GB/ 28 GB   60 MB/s   5m36s[K[?25h[?2026l[?2026h[?25l[A[1Gpulling manifest [K
pulling f5c702d8820d:  29% ▕█████             ▏ 8.2 GB/ 28 GB   60 MB/s   5m36s[K[?25h[?2026l[?2026h[?25l[A[1Gpulling manifest [K
pulling f5c702d8820d:  29% ▕█████             ▏ 8.2 GB/ 28 GB   60 MB/s   5m36s[K[?25h[?2026l[?2026h[?25l[A[1Gpulling manifest [K
pulling f5c702d8820d:  29% ▕█████             ▏ 8.2 GB/ 28 GB   60 MB/s   5m36s[K[?25h[?2026l[?2026h[?25l[A[1Gpulling manifest [K
pulling f5c702d8820d:  29% ▕█████             ▏ 8.2 GB/ 28 GB   58 MB/s   5m47s[K[?25h[?2026l[?2026h[?25l[A[1Gpulling manifest [K
pulling f5c702d8820d:  29% ▕█████             ▏ 8.2 GB/ 28 GB   58 MB/s   5m47s[K[?25h[?2026l[?2026h[?25l[A[1Gpulling manifest [K
pulling f5c702d8820d:  29% ▕█████             ▏ 8.2 GB/ 28 GB   58 MB/s   5m47s[K[?25h[?2026l[?2026h[?25l[A[1Gpulling manifest [K
pulling f5c702d8820d:  29% ▕█████             ▏ 8.2 GB/ 28 GB   58 MB/s   5m47s[K[?25h[?2026l[?2026h[?25l[A[1Gpulling manifest [K
pulling f5c702d8820d:  29% ▕█████             ▏ 8.2 GB/ 28 GB   58 MB/s   5m47s[K[?25h[?2026l[?2026h[?25l[A[1Gpulling manifest [K
pulling f5c702d8820d:  29% ▕█████             ▏ 8.2 GB/ 28 GB   58 MB/s   5m47s[K[?25h[?2026l[?2026h[?25l[A[1Gpulling manifest [K
pulling f5c702d8820d:  29% ▕█████             ▏ 8.2 GB/ 28 GB   58 MB/s   5m46s[K[?25h[?2026l[?2026h[?25l[A[1Gpulling manifest [K
pulling f5c702d8820d:  29% ▕█████             ▏ 8.2 GB/ 28 GB   58 MB/s   5m46s[K[?25h[?2026l[?2026h[?25l[A[1Gpulling manifest [K
pulling f5c702d8820d:  29% ▕█████             ▏ 8.3 GB/ 28 GB   58 MB/s   5m46s[K[?25h[?2026l[?2026h[?25l[A[1Gpulling manifest [K
pulling f5c702d8820d:  29% ▕█████             ▏ 8.3 GB/ 28 GB   58 MB/s   5m46s[K[?25h[?2026l[?2026h[?25l[A[1Gpulling manifest [K
pulling f5c702d8820d:  29% ▕█████             ▏ 8.3 GB/ 28 GB   58 MB/s   5m46s[K[?25h[?2026l[?2026h[?25l[A[1Gpulling manifest [K
pulling f5c702d8820d:  29% ▕█████             ▏ 8.3 GB/ 28 GB   58 MB/s   5m45s[K[?25h[?2026l[?2026h[?25l[A[1Gpulling manifest [K
pulling f5c702d8820d:  29% ▕█████             ▏ 8.3 GB/ 28 GB   58 MB/s   5m45s[K[?25h[?2026l[?2026h[?25l[A[1Gpulling manifest [K
pulling f5c702d8820d:  29% ▕█████             ▏ 8.3 GB/ 28 GB   58 MB/s   5m45s[K[?25h[?2026l[?2026h[?25l[A[1Gpulling manifest [K
pulling f5c702d8820d:  29% ▕█████             ▏ 8.3 GB/ 28 GB   58 MB/s   5m45s[K[?25h[?2026l[?2026h[?25l[A[1Gpulling manifest [K
pulling f5c702d8820d:  29% ▕█████             ▏ 8.3 GB/ 28 GB   58 MB/s   5m45s[K[?25h[?2026l[?2026h[?25l[A[1Gpulling manifest [K
pulling f5c702d8820d:  29% ▕█████             ▏ 8.3 GB/ 28 GB   58 MB/s   5m45s[K[?25h[?2026l[?2026h[?25l[A[1Gpulling manifest [K
pulling f5c702d8820d:  29% ▕█████             ▏ 8.3 GB/ 28 GB   58 MB/s   5m45s[K[?25h[?2026l[?2026h[?25l[A[1Gpulling manifest [K
pulling f5c702d8820d:  29% ▕█████             ▏ 8.3 GB/ 28 GB   58 MB/s   5m45s[K[?25h[?2026l[?2026h[?25l[A[1Gpulling manifest [K
pulling f5c702d8820d:  29% ▕█████             ▏ 8.3 GB/ 28 GB   58 MB/s   5m45s[K[?25h[?2026l[?2026h[?25l[A[1Gpulling manifest [K
pulling f5c702d8820d:  29% ▕█████             ▏ 8.3 GB/ 28 GB   58 MB/s   5m45s[K[?25h[?2026l[?2026h[?25l[A[1Gpulling manifest [K
pulling f5c702d8820d:  29% ▕█████             ▏ 8.3 GB/ 28 GB   58 MB/s   5m45s[K[?25h[?2026l[?2026h[?25l[A[1Gpulling manifest [K
pulling f5c702d8820d:  29% ▕█████             ▏ 8.3 GB/ 28 GB   58 MB/s   5m45s[K[?25h[?2026l[?2026h[?25l[A[1Gpulling manifest [K
pulling f5c702d8820d:  29% ▕█████             ▏ 8.3 GB/ 28 GB   58 MB/s   5m44s[K[?25h[?2026l[?2026h[?25l[A[1Gpulling manifest [K
pulling f5c702d8820d:  29% ▕█████             ▏ 8.4 GB/ 28 GB   58 MB/s   5m44s[K[?25h[?2026l[?2026h[?25l[A[1Gpulling manifest [K
pulling f5c702d8820d:  29% ▕█████             ▏ 8.4 GB/ 28 GB   58 MB/s   5m44s[K[?25h[?2026l[?2026h[?25l[A[1Gpulling manifest [K
pulling f5c702d8820d:  29% ▕█████             ▏ 8.4 GB/ 28 GB   58 MB/s   5m44s[K[?25h[?2026l[?2026h[?25l[A[1Gpulling manifest [K
pulling f5c702d8820d:  29% ▕█████             ▏ 8.4 GB/ 28 GB   58 MB/s   5m44s[K[?25h[?2026l[?2026h[?25l[A[1Gpulling manifest [K
pulling f5c702d8820d:  29% ▕█████             ▏ 8.4 GB/ 28 GB   58 MB/s   5m44s[K[?25h[?2026l[?2026h[?25l[A[1Gpulling manifest [K
pulling f5c702d8820d:  29% ▕█████             ▏ 8.4 GB/ 28 GB   58 MB/s   5m44s[K[?25h[?2026l[?2026h[?25l[A[1Gpulling manifest [K
pulling f5c702d8820d:  29% ▕█████             ▏ 8.4 GB/ 28 GB   58 MB/s   5m44s[K[?25h[?2026l[?2026h[?25l[A[1Gpulling manifest [K
pulling f5c702d8820d:  29% ▕█████             ▏ 8.4 GB/ 28 GB   58 MB/s   5m44s[K[?25h[?2026l[?2026h[?25l[A[1Gpulling manifest [K
pulling f5c702d8820d:  29% ▕█████             ▏ 8.4 GB/ 28 GB   58 MB/s   5m44s[K[?25h[?2026l[?2026h[?25l[A[1Gpulling manifest [K
pulling f5c702d8820d:  29% ▕█████             ▏ 8.4 GB/ 28 GB   58 MB/s   5m43s[K[?25h[?2026l[?2026h[?25l[A[1Gpulling manifest [K
pulling f5c702d8820d:  29% ▕█████             ▏ 8.4 GB/ 28 GB   58 MB/s   5m43s[K[?25h[?2026l[?2026h[?25l[A[1Gpulling manifest [K
pulling f5c702d8820d:  29% ▕█████             ▏ 8.4 GB/ 28 GB   58 MB/s   5m43s[K[?25h[?2026l[?2026h[?25l[A[1Gpulling manifest [K
pulling f5c702d8820d:  29% ▕█████             ▏ 8.4 GB/ 28 GB   58 MB/s   5m43s[K[?25h[?2026l[?2026h[?25l[A[1Gpulling manifest [K
pulling f5c702d8820d:  29% ▕█████             ▏ 8.4 GB/ 28 GB   58 MB/s   5m43s[K[?25h[?2026l[?2026h[?25l[A[1Gpulling manifest [K
pulling f5c702d8820d:  30% ▕█████             ▏ 8.4 GB/ 28 GB   58 MB/s   5m43s[K[?25h[?2026l[?2026h[?25l[A[1Gpulling manifest [K
pulling f5c702d8820d:  30% ▕█████             ▏ 8.4 GB/ 28 GB   58 MB/s   5m43s[K[?25h[?2026l[?2026h[?25l[A[1Gpulling manifest [K
pulling f5c702d8820d:  30% ▕█████             ▏ 8.4 GB/ 28 GB   58 MB/s   5m43s[K[?25h[?2026l[?2026h[?25l[A[1Gpulling manifest [K
pulling f5c702d8820d:  30% ▕█████             ▏ 8.5 GB/ 28 GB   59 MB/s   5m40s[K[?25h[?2026l[?2026h[?25l[A[1Gpulling manifest [K
pulling f5c702d8820d:  30% ▕█████             ▏ 8.5 GB/ 28 GB   59 MB/s   5m39s[K[?25h[?2026l[?2026h[?25l[A[1Gpulling manifest [K
pulling f5c702d8820d:  30% ▕█████             ▏ 8.5 GB/ 28 GB   59 MB/s   5m39s[K[?25h[?2026l[?2026h[?25l[A[1Gpulling manifest [K
pulling f5c702d8820d:  30% ▕█████             ▏ 8.5 GB/ 28 GB   59 MB/s   5m39s[K[?25h[?2026l[?2026h[?25l[A[1Gpulling manifest [K
pulling f5c702d8820d:  30% ▕█████             ▏ 8.5 GB/ 28 GB   59 MB/s   5m39s[K[?25h[?2026l[?2026h[?25l[A[1Gpulling manifest [K
pulling f5c702d8820d:  30% ▕█████             ▏ 8.5 GB/ 28 GB   59 MB/s   5m39s[K[?25h[?2026l[?2026h[?25l[A[1Gpulling manifest [K
pulling f5c702d8820d:  30% ▕█████             ▏ 8.5 GB/ 28 GB   59 MB/s   5m39s[K[?25h[?2026l[?2026h[?25l[A[1Gpulling manifest [K
pulling f5c702d8820d:  30% ▕█████             ▏ 8.5 GB/ 28 GB   59 MB/s   5m39s[K[?25h[?2026l[?2026h[?25l[A[1Gpulling manifest [K
pulling f5c702d8820d:  30% ▕█████             ▏ 8.5 GB/ 28 GB   59 MB/s   5m39s[K[?25h[?2026l[?2026h[?25l[A[1Gpulling manifest [K
pulling f5c702d8820d:  30% ▕█████             ▏ 8.5 GB/ 28 GB   59 MB/s   5m39s[K[?25h[?2026l[?2026h[?25l[A[1Gpulling manifest [K
pulling f5c702d8820d:  30% ▕█████             ▏ 8.5 GB/ 28 GB   59 MB/s   5m39s[K[?25h[?2026l[?2026h[?25l[A[1Gpulling manifest [K
pulling f5c702d8820d:  30% ▕█████             ▏ 8.5 GB/ 28 GB   59 MB/s   5m39s[K[?25h[?2026l[?2026h[?25l[A[1Gpulling manifest [K
pulling f5c702d8820d:  30% ▕█████             ▏ 8.5 GB/ 28 GB   59 MB/s   5m38s[K[?25h[?2026l[?2026h[?25l[A[1Gpulling manifest [K
pulling f5c702d8820d:  30% ▕█████             ▏ 8.5 GB/ 28 GB   59 MB/s   5m38s[K[?25h[?2026l[?2026h[?25l[A[1Gpulling manifest [K
pulling f5c702d8820d:  30% ▕█████             ▏ 8.5 GB/ 28 GB   59 MB/s   5m38s[K[?25h[?2026l[?2026h[?25l[A[1Gpulling manifest [K
pulling f5c702d8820d:  30% ▕█████             ▏ 8.5 GB/ 28 GB   59 MB/s   5m38s[K[?25h[?2026l[?2026h[?25l[A[1Gpulling manifest [K
pulling f5c702d8820d:  30% ▕█████             ▏ 8.6 GB/ 28 GB   59 MB/s   5m38s[K[?25h[?2026l[?2026h[?25l[A[1Gpulling manifest [K
pulling f5c702d8820d:  30% ▕█████             ▏ 8.6 GB/ 28 GB   59 MB/s   5m38s[K[?25h[?2026l[?2026h[?25l[A[1Gpulling manifest [K
pulling f5c702d8820d:  30% ▕█████             ▏ 8.6 GB/ 28 GB   59 MB/s   5m38s[K[?25h[?2026l[?2026h[?25l[A[1Gpulling manifest [K
pulling f5c702d8820d:  30% ▕█████             ▏ 8.6 GB/ 28 GB   59 MB/s   5m38s[K[?25h[?2026l[?2026h[?25l[A[1Gpulling manifest [K
pulling f5c702d8820d:  30% ▕█████             ▏ 8.6 GB/ 28 GB   59 MB/s   5m38s[K[?25h[?2026l[?2026h[?25l[A[1Gpulling manifest [K
pulling f5c702d8820d:  30% ▕█████             ▏ 8.6 GB/ 28 GB   59 MB/s   5m38s[K[?25h[?2026l[?2026h[?25l[A[1Gpulling manifest [K
pulling f5c702d8820d:  30% ▕█████             ▏ 8.6 GB/ 28 GB   59 MB/s   5m37s[K[?25h[?2026l[?2026h[?25l[A[1Gpulling manifest [K
pulling f5c702d8820d:  30% ▕█████             ▏ 8.6 GB/ 28 GB   59 MB/s   5m37s[K[?25h[?2026l[?2026h[?25l[A[1Gpulling manifest [K
pulling f5c702d8820d:  30% ▕█████             ▏ 8.6 GB/ 28 GB   59 MB/s   5m37s[K[?25h[?2026l[?2026h[?25l[A[1Gpulling manifest [K
pulling f5c702d8820d:  30% ▕█████             ▏ 8.6 GB/ 28 GB   59 MB/s   5m37s[K[?25h[?2026l[?2026h[?25l[A[1Gpulling manifest [K
pulling f5c702d8820d:  30% ▕█████             ▏ 8.6 GB/ 28 GB   59 MB/s   5m37s[K[?25h[?2026l[?2026h[?25l[A[1Gpulling manifest [K
pulling f5c702d8820d:  30% ▕█████             ▏ 8.6 GB/ 28 GB   59 MB/s   5m37s[K[?25h[?2026l[?2026h[?25l[A[1Gpulling manifest [K
pulling f5c702d8820d:  30% ▕█████             ▏ 8.6 GB/ 28 GB   59 MB/s   5m37s[K[?25h[?2026l[?2026h[?25l[A[1Gpulling manifest [K
pulling f5c702d8820d:  30% ▕█████             ▏ 8.6 GB/ 28 GB   59 MB/s   5m37s[K[?25h[?2026l[?2026h[?25l[A[1Gpulling manifest [K
pulling f5c702d8820d:  30% ▕█████             ▏ 8.6 GB/ 28 GB   59 MB/s   5m37s[K[?25h[?2026l[?2026h[?25l[A[1Gpulling manifest [K
pulling f5c702d8820d:  30% ▕█████             ▏ 8.6 GB/ 28 GB   58 MB/s   5m40s[K[?25h[?2026l[?2026h[?25l[A[1Gpulling manifest [K
pulling f5c702d8820d:  30% ▕█████             ▏ 8.6 GB/ 28 GB   58 MB/s   5m40s[K[?25h[?2026l[?2026h[?25l[A[1Gpulling manifest [K
pulling f5c702d8820d:  30% ▕█████             ▏ 8.6 GB/ 28 GB   58 MB/s   5m39s[K[?25h[?2026l[?2026h[?25l[A[1Gpulling manifest [K
pulling f5c702d8820d:  30% ▕█████             ▏ 8.7 GB/ 28 GB   58 MB/s   5m39s[K[?25h[?2026l[?2026h[?25l[A[1Gpulling manifest [K
pulling f5c702d8820d:  30% ▕█████             ▏ 8.7 GB/ 28 GB   58 MB/s   5m39s[K[?25h[?2026l[?2026h[?25l[A[1Gpulling manifest [K
pulling f5c702d8820d:  30% ▕█████             ▏ 8.7 GB/ 28 GB   58 MB/s   5m39s[K[?25h[?2026l[?2026h[?25l[A[1Gpulling manifest [K
pulling f5c702d8820d:  30% ▕█████             ▏ 8.7 GB/ 28 GB   58 MB/s   5m39s[K[?25h[?2026l[?2026h[?25l[A[1Gpulling manifest [K
pulling f5c702d8820d:  30% ▕█████             ▏ 8.7 GB/ 28 GB   58 MB/s   5m39s[K[?25h[?2026l[?2026h[?25l[A[1Gpulling manifest [K
pulling f5c702d8820d:  30% ▕█████             ▏ 8.7 GB/ 28 GB   58 MB/s   5m39s[K[?25h[?2026l[?2026h[?25l[A[1Gpulling manifest [K
pulling f5c702d8820d:  30% ▕█████             ▏ 8.7 GB/ 28 GB   58 MB/s   5m39s[K[?25h[?2026l[?2026h[?25l[A[1Gpulling manifest [K
pulling f5c702d8820d:  30% ▕█████             ▏ 8.7 GB/ 28 GB   58 MB/s   5m39s[K[?25h[?2026l[?2026h[?25l[A[1Gpulling manifest [K
pulling f5c702d8820d:  30% ▕█████             ▏ 8.7 GB/ 28 GB   58 MB/s   5m38s[K[?25h[?2026l[?2026h[?25l[A[1Gpulling manifest [K
pulling f5c702d8820d:  30% ▕█████             ▏ 8.7 GB/ 28 GB   58 MB/s   5m38s[K[?25h[?2026l[?2026h[?25l[A[1Gpulling manifest [K
pulling f5c702d8820d:  30% ▕█████             ▏ 8.7 GB/ 28 GB   58 MB/s   5m38s[K[?25h[?2026l[?2026h[?25l[A[1Gpulling manifest [K
pulling f5c702d8820d:  30% ▕█████             ▏ 8.7 GB/ 28 GB   58 MB/s   5m38s[K[?25h[?2026l[?2026h[?25l[A[1Gpulling manifest [K
pulling f5c702d8820d:  31% ▕█████             ▏ 8.7 GB/ 28 GB   58 MB/s   5m38s[K[?25h[?2026l[?2026h[?25l[A[1Gpulling manifest [K
pulling f5c702d8820d:  31% ▕█████             ▏ 8.7 GB/ 28 GB   58 MB/s   5m38s[K[?25h[?2026l[?2026h[?25l[A[1Gpulling manifest [K
pulling f5c702d8820d:  31% ▕█████             ▏ 8.7 GB/ 28 GB   58 MB/s   5m38s[K[?25h[?2026l[?2026h[?25l[A[1Gpulling manifest [K
pulling f5c702d8820d:  31% ▕█████             ▏ 8.7 GB/ 28 GB   58 MB/s   5m38s[K[?25h[?2026l[?2026h[?25l[A[1Gpulling manifest [K
pulling f5c702d8820d:  31% ▕█████             ▏ 8.7 GB/ 28 GB   58 MB/s   5m38s[K[?25h[?2026l[?2026h[?25l[A[1Gpulling manifest [K
pulling f5c702d8820d:  31% ▕█████             ▏ 8.8 GB/ 28 GB   60 MB/s   5m27s[K[?25h[?2026l[?2026h[?25l[A[1Gpulling manifest [K
pulling f5c702d8820d:  31% ▕█████             ▏ 8.8 GB/ 28 GB   60 MB/s   5m27s[K[?25h[?2026l[?2026h[?25l[A[1Gpulling manifest [K
pulling f5c702d8820d:  31% ▕█████             ▏ 8.8 GB/ 28 GB   60 MB/s   5m27s[K[?25h[?2026l[?2026h[?25l[A[1Gpulling manifest [K
pulling f5c702d8820d:  31% ▕█████             ▏ 8.8 GB/ 28 GB   60 MB/s   5m26s[K[?25h[?2026l[?2026h[?25l[A[1Gpulling manifest [K
pulling f5c702d8820d:  31% ▕█████             ▏ 8.8 GB/ 28 GB   60 MB/s   5m26s[K[?25h[?2026l[?2026h[?25l[A[1Gpulling manifest [K
pulling f5c702d8820d:  31% ▕█████             ▏ 8.8 GB/ 28 GB   60 MB/s   5m26s[K[?25h[?2026l[?2026h[?25l[A[1Gpulling manifest [K
pulling f5c702d8820d:  31% ▕█████             ▏ 8.8 GB/ 28 GB   60 MB/s   5m26s[K[?25h[?2026l[?2026h[?25l[A[1Gpulling manifest [K
pulling f5c702d8820d:  31% ▕█████             ▏ 8.8 GB/ 28 GB   60 MB/s   5m26s[K[?25h[?2026l[?2026h[?25l[A[1Gpulling manifest [K
pulling f5c702d8820d:  31% ▕█████             ▏ 8.8 GB/ 28 GB   60 MB/s   5m26s[K[?25h[?2026l[?2026h[?25l[A[1Gpulling manifest [K
pulling f5c702d8820d:  31% ▕█████             ▏ 8.8 GB/ 28 GB   60 MB/s   5m26s[K[?25h[?2026l[?2026h[?25l[A[1Gpulling manifest [K
pulling f5c702d8820d:  31% ▕█████             ▏ 8.8 GB/ 28 GB   60 MB/s   5m26s[K[?25h[?2026l[?2026h[?25l[A[1Gpulling manifest [K
pulling f5c702d8820d:  31% ▕█████             ▏ 8.8 GB/ 28 GB   60 MB/s   5m26s[K[?25h[?2026l[?2026h[?25l[A[1Gpulling manifest [K
pulling f5c702d8820d:  31% ▕█████             ▏ 8.8 GB/ 28 GB   60 MB/s   5m26s[K[?25h[?2026l[?2026h[?25l[A[1Gpulling manifest [K
pulling f5c702d8820d:  31% ▕█████             ▏ 8.8 GB/ 28 GB   60 MB/s   5m26s[K[?25h[?2026l[?2026h[?25l[A[1Gpulling manifest [K
pulling f5c702d8820d:  31% ▕█████             ▏ 8.8 GB/ 28 GB   60 MB/s   5m26s[K[?25h[?2026l[?2026h[?25l[A[1Gpulling manifest [K
pulling f5c702d8820d:  31% ▕█████             ▏ 8.8 GB/ 28 GB   60 MB/s   5m26s[K[?25h[?2026l[?2026h[?25l[A[1Gpulling manifest [K
pulling f5c702d8820d:  31% ▕█████             ▏ 8.9 GB/ 28 GB   60 MB/s   5m25s[K[?25h[?2026l[?2026h[?25l[A[1Gpulling manifest [K
pulling f5c702d8820d:  31% ▕█████             ▏ 8.9 GB/ 28 GB   60 MB/s   5m25s[K[?25h[?2026l[?2026h[?25l[A[1Gpulling manifest [K
pulling f5c702d8820d:  31% ▕█████             ▏ 8.9 GB/ 28 GB   60 MB/s   5m25s[K[?25h[?2026l[?2026h[?25l[A[1Gpulling manifest [K
pulling f5c702d8820d:  31% ▕█████             ▏ 8.9 GB/ 28 GB   60 MB/s   5m25s[K[?25h[?2026l[?2026h[?25l[A[1Gpulling manifest [K
pulling f5c702d8820d:  31% ▕█████             ▏ 8.9 GB/ 28 GB   60 MB/s   5m25s[K[?25h[?2026l[?2026h[?25l[A[1Gpulling manifest [K
pulling f5c702d8820d:  31% ▕█████             ▏ 8.9 GB/ 28 GB   60 MB/s   5m25s[K[?25h[?2026l[?2026h[?25l[A[1Gpulling manifest [K
pulling f5c702d8820d:  31% ▕█████             ▏ 8.9 GB/ 28 GB   60 MB/s   5m25s[K[?25h[?2026l[?2026h[?25l[A[1Gpulling manifest [K
pulling f5c702d8820d:  31% ▕█████             ▏ 8.9 GB/ 28 GB   60 MB/s   5m25s[K[?25h[?2026l[?2026h[?25l[A[1Gpulling manifest [K
pulling f5c702d8820d:  31% ▕█████             ▏ 8.9 GB/ 28 GB   60 MB/s   5m25s[K[?25h[?2026l[?2026h[?25l[A[1Gpulling manifest [K
pulling f5c702d8820d:  31% ▕█████             ▏ 8.9 GB/ 28 GB   60 MB/s   5m25s[K[?25h[?2026l[?2026h[?25l[A[1Gpulling manifest [K
pulling f5c702d8820d:  31% ▕█████             ▏ 8.9 GB/ 28 GB   60 MB/s   5m25s[K[?25h[?2026l[?2026h[?25l[A[1Gpulling manifest [K
pulling f5c702d8820d:  31% ▕█████             ▏ 8.9 GB/ 28 GB   60 MB/s   5m25s[K[?25h[?2026l[?2026h[?25l[A[1Gpulling manifest [K
pulling f5c702d8820d:  31% ▕█████             ▏ 8.9 GB/ 28 GB   60 MB/s   5m24s[K[?25h[?2026l[?2026h[?25l[A[1Gpulling manifest [K
pulling f5c702d8820d:  31% ▕█████             ▏ 8.9 GB/ 28 GB   60 MB/s   5m24s[K[?25h[?2026l[?2026h[?25l[A[1Gpulling manifest [K
pulling f5c702d8820d:  31% ▕█████             ▏ 8.9 GB/ 28 GB   60 MB/s   5m24s[K[?25h[?2026l[?2026h[?25l[A[1Gpulling manifest [K
pulling f5c702d8820d:  31% ▕█████             ▏ 8.9 GB/ 28 GB   60 MB/s   5m24s[K[?25h[?2026l[?2026h[?25l[A[1Gpulling manifest [K
pulling f5c702d8820d:  31% ▕█████             ▏ 8.9 GB/ 28 GB   60 MB/s   5m24s[K[?25h[?2026l[?2026h[?25l[A[1Gpulling manifest [K
pulling f5c702d8820d:  31% ▕█████             ▏ 9.0 GB/ 28 GB   60 MB/s   5m24s[K[?25h[?2026l[?2026h[?25l[A[1Gpulling manifest [K
pulling f5c702d8820d:  31% ▕█████             ▏ 9.0 GB/ 28 GB   60 MB/s   5m24s[K[?25h[?2026l[?2026h[?25l[A[1Gpulling manifest [K
pulling f5c702d8820d:  31% ▕█████             ▏ 9.0 GB/ 28 GB   60 MB/s   5m24s[K[?25h[?2026l[?2026h[?25l[A[1Gpulling manifest [K
pulling f5c702d8820d:  31% ▕█████             ▏ 9.0 GB/ 28 GB   60 MB/s   5m24s[K[?25h[?2026l[?2026h[?25l[A[1Gpulling manifest [K
pulling f5c702d8820d:  31% ▕█████             ▏ 9.0 GB/ 28 GB   60 MB/s   5m24s[K[?25h[?2026l[?2026h[?25l[A[1Gpulling manifest [K
pulling f5c702d8820d:  31% ▕█████             ▏ 9.0 GB/ 28 GB   60 MB/s   5m24s[K[?25h[?2026l[?2026h[?25l[A[1Gpulling manifest [K
pulling f5c702d8820d:  31% ▕█████             ▏ 9.0 GB/ 28 GB   60 MB/s   5m23s[K[?25h[?2026l[?2026h[?25l[A[1Gpulling manifest [K
pulling f5c702d8820d:  31% ▕█████             ▏ 9.0 GB/ 28 GB   60 MB/s   5m23s[K[?25h[?2026l[?2026h[?25l[A[1Gpulling manifest [K
pulling f5c702d8820d:  31% ▕█████             ▏ 9.0 GB/ 28 GB   60 MB/s   5m23s[K[?25h[?2026l[?2026h[?25l[A[1Gpulling manifest [K
pulling f5c702d8820d:  31% ▕█████             ▏ 9.0 GB/ 28 GB   60 MB/s   5m23s[K[?25h[?2026l[?2026h[?25l[A[1Gpulling manifest [K
pulling f5c702d8820d:  32% ▕█████             ▏ 9.0 GB/ 28 GB   60 MB/s   5m23s[K[?25h[?2026l[?2026h[?25l[A[1Gpulling manifest [K
pulling f5c702d8820d:  32% ▕█████             ▏ 9.0 GB/ 28 GB   60 MB/s   5m23s[K[?25h[?2026l[?2026h[?25l[A[1Gpulling manifest [K
pulling f5c702d8820d:  32% ▕█████             ▏ 9.0 GB/ 28 GB   60 MB/s   5m23s[K[?25h[?2026l[?2026h[?25l[A[1Gpulling manifest [K
pulling f5c702d8820d:  32% ▕█████             ▏ 9.0 GB/ 28 GB   60 MB/s   5m23s[K[?25h[?2026l[?2026h[?25l[A[1Gpulling manifest [K
pulling f5c702d8820d:  32% ▕█████             ▏ 9.0 GB/ 28 GB   60 MB/s   5m23s[K[?25h[?2026l[?2026h[?25l[A[1Gpulling manifest [K
pulling f5c702d8820d:  32% ▕█████             ▏ 9.0 GB/ 28 GB   60 MB/s   5m23s[K[?25h[?2026l[?2026h[?25l[A[1Gpulling manifest [K
pulling f5c702d8820d:  32% ▕█████             ▏ 9.0 GB/ 28 GB   60 MB/s   5m22s[K[?25h[?2026l[?2026h[?25l[A[1Gpulling manifest [K
pulling f5c702d8820d:  32% ▕█████             ▏ 9.1 GB/ 28 GB   60 MB/s   5m22s[K[?25h[?2026l[?2026h[?25l[A[1Gpulling manifest [K
pulling f5c702d8820d:  32% ▕█████             ▏ 9.1 GB/ 28 GB   60 MB/s   5m22s[K[?25h[?2026l[?2026h[?25l[A[1Gpulling manifest [K
pulling f5c702d8820d:  32% ▕█████             ▏ 9.1 GB/ 28 GB   60 MB/s   5m22s[K[?25h[?2026l[?2026h[?25l[A[1Gpulling manifest [K
pulling f5c702d8820d:  32% ▕█████             ▏ 9.1 GB/ 28 GB   60 MB/s   5m22s[K[?25h[?2026l[?2026h[?25l[A[1Gpulling manifest [K
pulling f5c702d8820d:  32% ▕█████             ▏ 9.1 GB/ 28 GB   60 MB/s   5m22s[K[?25h[?2026l[?2026h[?25l[A[1Gpulling manifest [K
pulling f5c702d8820d:  32% ▕█████             ▏ 9.1 GB/ 28 GB   60 MB/s   5m22s[K[?25h[?2026l[?2026h[?25l[A[1Gpulling manifest [K
pulling f5c702d8820d:  32% ▕█████             ▏ 9.1 GB/ 28 GB   60 MB/s   5m22s[K[?25h[?2026l[?2026h[?25l[A[1Gpulling manifest [K
pulling f5c702d8820d:  32% ▕█████             ▏ 9.1 GB/ 28 GB   60 MB/s   5m22s[K[?25h[?2026l[?2026h[?25l[A[1Gpulling manifest [K
pulling f5c702d8820d:  32% ▕█████             ▏ 9.1 GB/ 28 GB   60 MB/s   5m22s[K[?25h[?2026l[?2026h[?25l[A[1Gpulling manifest [K
pulling f5c702d8820d:  32% ▕█████             ▏ 9.1 GB/ 28 GB   60 MB/s   5m22s[K[?25h[?2026l[?2026h[?25l[A[1Gpulling manifest [K
pulling f5c702d8820d:  32% ▕█████             ▏ 9.1 GB/ 28 GB   60 MB/s   5m21s[K[?25h[?2026l[?2026h[?25l[A[1Gpulling manifest [K
pulling f5c702d8820d:  32% ▕█████             ▏ 9.1 GB/ 28 GB   60 MB/s   5m21s[K[?25h[?2026l[?2026h[?25l[A[1Gpulling manifest [K
pulling f5c702d8820d:  32% ▕█████             ▏ 9.1 GB/ 28 GB   60 MB/s   5m21s[K[?25h[?2026l[?2026h[?25l[A[1Gpulling manifest [K
pulling f5c702d8820d:  32% ▕█████             ▏ 9.1 GB/ 28 GB   60 MB/s   5m21s[K[?25h[?2026l[?2026h[?25l[A[1Gpulling manifest [K
pulling f5c702d8820d:  32% ▕█████             ▏ 9.1 GB/ 28 GB   60 MB/s   5m21s[K[?25h[?2026l[?2026h[?25l[A[1Gpulling manifest [K
pulling f5c702d8820d:  32% ▕█████             ▏ 9.1 GB/ 28 GB   60 MB/s   5m21s[K[?25h[?2026l[?2026h[?25l[A[1Gpulling manifest [K
pulling f5c702d8820d:  32% ▕█████             ▏ 9.2 GB/ 28 GB   60 MB/s   5m21s[K[?25h[?2026l[?2026h[?25l[A[1Gpulling manifest [K
pulling f5c702d8820d:  32% ▕█████             ▏ 9.2 GB/ 28 GB   60 MB/s   5m21s[K[?25h[?2026l[?2026h[?25l[A[1Gpulling manifest [K
pulling f5c702d8820d:  32% ▕█████             ▏ 9.2 GB/ 28 GB   60 MB/s   5m21s[K[?25h[?2026l[?2026h[?25l[A[1Gpulling manifest [K
pulling f5c702d8820d:  32% ▕█████             ▏ 9.2 GB/ 28 GB   60 MB/s   5m21s[K[?25h[?2026l[?2026h[?25l[A[1Gpulling manifest [K
pulling f5c702d8820d:  32% ▕█████             ▏ 9.2 GB/ 28 GB   60 MB/s   5m20s[K[?25h[?2026l[?2026h[?25l[A[1Gpulling manifest [K
pulling f5c702d8820d:  32% ▕█████             ▏ 9.2 GB/ 28 GB   60 MB/s   5m20s[K[?25h[?2026l[?2026h[?25l[A[1Gpulling manifest [K
pulling f5c702d8820d:  32% ▕█████             ▏ 9.2 GB/ 28 GB   61 MB/s   5m17s[K[?25h[?2026l[?2026h[?25l[A[1Gpulling manifest [K
pulling f5c702d8820d:  32% ▕█████             ▏ 9.2 GB/ 28 GB   61 MB/s   5m17s[K[?25h[?2026l[?2026h[?25l[A[1Gpulling manifest [K
pulling f5c702d8820d:  32% ▕█████             ▏ 9.2 GB/ 28 GB   61 MB/s   5m17s[K[?25h[?2026l[?2026h[?25l[A[1Gpulling manifest [K
pulling f5c702d8820d:  32% ▕█████             ▏ 9.2 GB/ 28 GB   61 MB/s   5m17s[K[?25h[?2026l[?2026h[?25l[A[1Gpulling manifest [K
pulling f5c702d8820d:  32% ▕█████             ▏ 9.2 GB/ 28 GB   61 MB/s   5m17s[K[?25h[?2026l[?2026h[?25l[A[1Gpulling manifest [K
pulling f5c702d8820d:  32% ▕█████             ▏ 9.2 GB/ 28 GB   61 MB/s   5m17s[K[?25h[?2026l[?2026h[?25l[A[1Gpulling manifest [K
pulling f5c702d8820d:  32% ▕█████             ▏ 9.2 GB/ 28 GB   61 MB/s   5m17s[K[?25h[?2026l[?2026h[?25l[A[1Gpulling manifest [K
pulling f5c702d8820d:  32% ▕█████             ▏ 9.2 GB/ 28 GB   61 MB/s   5m17s[K[?25h[?2026l[?2026h[?25l[A[1Gpulling manifest [K
pulling f5c702d8820d:  32% ▕█████             ▏ 9.2 GB/ 28 GB   61 MB/s   5m17s[K[?25h[?2026l[?2026h[?25l[A[1Gpulling manifest [K
pulling f5c702d8820d:  32% ▕█████             ▏ 9.2 GB/ 28 GB   61 MB/s   5m16s[K[?25h[?2026l[?2026h[?25l[A[1Gpulling manifest [K
pulling f5c702d8820d:  32% ▕█████             ▏ 9.2 GB/ 28 GB   61 MB/s   5m16s[K[?25h[?2026l[?2026h[?25l[A[1Gpulling manifest [K
pulling f5c702d8820d:  32% ▕█████             ▏ 9.3 GB/ 28 GB   61 MB/s   5m16s[K[?25h[?2026l[?2026h[?25l[A[1Gpulling manifest [K
pulling f5c702d8820d:  32% ▕█████             ▏ 9.3 GB/ 28 GB   61 MB/s   5m16s[K[?25h[?2026l[?2026h[?25l[A[1Gpulling manifest [K
pulling f5c702d8820d:  32% ▕█████             ▏ 9.3 GB/ 28 GB   61 MB/s   5m16s[K[?25h[?2026l[?2026h[?25l[A[1Gpulling manifest [K
pulling f5c702d8820d:  32% ▕█████             ▏ 9.3 GB/ 28 GB   61 MB/s   5m16s[K[?25h[?2026l[?2026h[?25l[A[1Gpulling manifest [K
pulling f5c702d8820d:  32% ▕█████             ▏ 9.3 GB/ 28 GB   61 MB/s   5m16s[K[?25h[?2026l[?2026h[?25l[A[1Gpulling manifest [K
pulling f5c702d8820d:  32% ▕█████             ▏ 9.3 GB/ 28 GB   61 MB/s   5m16s[K[?25h[?2026l[?2026h[?25l[A[1Gpulling manifest [K
pulling f5c702d8820d:  32% ▕█████             ▏ 9.3 GB/ 28 GB   61 MB/s   5m16s[K[?25h[?2026l[?2026h[?25l[A[1Gpulling manifest [K
pulling f5c702d8820d:  33% ▕█████             ▏ 9.3 GB/ 28 GB   61 MB/s   5m16s[K[?25h[?2026l[?2026h[?25l[A[1Gpulling manifest [K
pulling f5c702d8820d:  33% ▕█████             ▏ 9.3 GB/ 28 GB   61 MB/s   5m15s[K[?25h[?2026l[?2026h[?25l[A[1Gpulling manifest [K
pulling f5c702d8820d:  33% ▕█████             ▏ 9.3 GB/ 28 GB   61 MB/s   5m15s[K[?25h[?2026l[?2026h[?25l[A[1Gpulling manifest [K
pulling f5c702d8820d:  33% ▕█████             ▏ 9.3 GB/ 28 GB   61 MB/s   5m15s[K[?25h[?2026l[?2026h[?25l[A[1Gpulling manifest [K
pulling f5c702d8820d:  33% ▕█████             ▏ 9.3 GB/ 28 GB   61 MB/s   5m15s[K[?25h[?2026l[?2026h[?25l[A[1Gpulling manifest [K
pulling f5c702d8820d:  33% ▕█████             ▏ 9.3 GB/ 28 GB   61 MB/s   5m15s[K[?25h[?2026l[?2026h[?25l[A[1Gpulling manifest [K
pulling f5c702d8820d:  33% ▕█████             ▏ 9.3 GB/ 28 GB   61 MB/s   5m15s[K[?25h[?2026l[?2026h[?25l[A[1Gpulling manifest [K
pulling f5c702d8820d:  33% ▕█████             ▏ 9.3 GB/ 28 GB   61 MB/s   5m15s[K[?25h[?2026l[?2026h[?25l[A[1Gpulling manifest [K
pulling f5c702d8820d:  33% ▕█████             ▏ 9.3 GB/ 28 GB   61 MB/s   5m15s[K[?25h[?2026l[?2026h[?25l[A[1Gpulling manifest [K
pulling f5c702d8820d:  33% ▕█████             ▏ 9.3 GB/ 28 GB   61 MB/s   5m15s[K[?25h[?2026l[?2026h[?25l[A[1Gpulling manifest [K
pulling f5c702d8820d:  33% ▕█████             ▏ 9.3 GB/ 28 GB   61 MB/s   5m15s[K[?25h[?2026l[?2026h[?25l[A[1Gpulling manifest [K
pulling f5c702d8820d:  33% ▕█████             ▏ 9.3 GB/ 28 GB   61 MB/s   5m15s[K[?25h[?2026l[?2026h[?25l[A[1Gpulling manifest [K
pulling f5c702d8820d:  33% ▕█████             ▏ 9.3 GB/ 28 GB   59 MB/s   5m25s[K[?25h[?2026l[?2026h[?25l[A[1Gpulling manifest [K
pulling f5c702d8820d:  33% ▕█████             ▏ 9.4 GB/ 28 GB   59 MB/s   5m25s[K[?25h[?2026l[?2026h[?25l[A[1Gpulling manifest [K
pulling f5c702d8820d:  33% ▕█████             ▏ 9.4 GB/ 28 GB   59 MB/s   5m25s[K[?25h[?2026l[?2026h[?25l[A[1Gpulling manifest [K
pulling f5c702d8820d:  33% ▕█████             ▏ 9.4 GB/ 28 GB   59 MB/s   5m25s[K[?25h[?2026l[?2026h[?25l[A[1Gpulling manifest [K
pulling f5c702d8820d:  33% ▕█████             ▏ 9.4 GB/ 28 GB   59 MB/s   5m24s[K[?25h[?2026l[?2026h[?25l[A[1Gpulling manifest [K
pulling f5c702d8820d:  33% ▕█████             ▏ 9.4 GB/ 28 GB   59 MB/s   5m24s[K[?25h[?2026l[?2026h[?25l[A[1Gpulling manifest [K
pulling f5c702d8820d:  33% ▕█████             ▏ 9.4 GB/ 28 GB   59 MB/s   5m24s[K[?25h[?2026l[?2026h[?25l[A[1Gpulling manifest [K
pulling f5c702d8820d:  33% ▕█████             ▏ 9.4 GB/ 28 GB   59 MB/s   5m24s[K[?25h[?2026l[?2026h[?25l[A[1Gpulling manifest [K
pulling f5c702d8820d:  33% ▕█████             ▏ 9.4 GB/ 28 GB   59 MB/s   5m24s[K[?25h[?2026l[?2026h[?25l[A[1Gpulling manifest [K
pulling f5c702d8820d:  33% ▕█████             ▏ 9.4 GB/ 28 GB   59 MB/s   5m24s[K[?25h[?2026l[?2026h[?25l[A[1Gpulling manifest [K
pulling f5c702d8820d:  33% ▕█████             ▏ 9.4 GB/ 28 GB   59 MB/s   5m23s[K[?25h[?2026l[?2026h[?25l[A[1Gpulling manifest [K
pulling f5c702d8820d:  33% ▕█████             ▏ 9.4 GB/ 28 GB   59 MB/s   5m23s[K[?25h[?2026l[?2026h[?25l[A[1Gpulling manifest [K
pulling f5c702d8820d:  33% ▕█████             ▏ 9.4 GB/ 28 GB   59 MB/s   5m23s[K[?25h[?2026l[?2026h[?25l[A[1Gpulling manifest [K
pulling f5c702d8820d:  33% ▕█████             ▏ 9.4 GB/ 28 GB   59 MB/s   5m23s[K[?25h[?2026l[?2026h[?25l[A[1Gpulling manifest [K
pulling f5c702d8820d:  33% ▕█████             ▏ 9.4 GB/ 28 GB   59 MB/s   5m23s[K[?25h[?2026l[?2026h[?25l[A[1Gpulling manifest [K
pulling f5c702d8820d:  33% ▕█████             ▏ 9.4 GB/ 28 GB   59 MB/s   5m23s[K[?25h[?2026l[?2026h[?25l[A[1Gpulling manifest [K
pulling f5c702d8820d:  33% ▕█████             ▏ 9.4 GB/ 28 GB   59 MB/s   5m23s[K[?25h[?2026l[?2026h[?25l[A[1Gpulling manifest [K
pulling f5c702d8820d:  33% ▕█████             ▏ 9.5 GB/ 28 GB   59 MB/s   5m23s[K[?25h[?2026l[?2026h[?25l[A[1Gpulling manifest [K
pulling f5c702d8820d:  33% ▕█████             ▏ 9.5 GB/ 28 GB   59 MB/s   5m22s[K[?25h[?2026l[?2026h[?25l[A[1Gpulling manifest [K
pulling f5c702d8820d:  33% ▕█████             ▏ 9.5 GB/ 28 GB   59 MB/s   5m22s[K[?25h[?2026l[?2026h[?25l[A[1Gpulling manifest [K
pulling f5c702d8820d:  33% ▕█████             ▏ 9.5 GB/ 28 GB   59 MB/s   5m22s[K[?25h[?2026l[?2026h[?25l[A[1Gpulling manifest [K
pulling f5c702d8820d:  33% ▕█████             ▏ 9.5 GB/ 28 GB   59 MB/s   5m22s[K[?25h[?2026l[?2026h[?25l[A[1Gpulling manifest [K
pulling f5c702d8820d:  33% ▕█████             ▏ 9.5 GB/ 28 GB   59 MB/s   5m22s[K[?25h[?2026l[?2026h[?25l[A[1Gpulling manifest [K
pulling f5c702d8820d:  33% ▕█████             ▏ 9.5 GB/ 28 GB   59 MB/s   5m22s[K[?25h[?2026l[?2026h[?25l[A[1Gpulling manifest [K
pulling f5c702d8820d:  33% ▕█████             ▏ 9.5 GB/ 28 GB   59 MB/s   5m22s[K[?25h[?2026l[?2026h[?25l[A[1Gpulling manifest [K
pulling f5c702d8820d:  33% ▕█████             ▏ 9.5 GB/ 28 GB   59 MB/s   5m22s[K[?25h[?2026l[?2026h[?25l[A[1Gpulling manifest [K
pulling f5c702d8820d:  33% ▕█████             ▏ 9.5 GB/ 28 GB   59 MB/s   5m21s[K[?25h[?2026l[?2026h[?25l[A[1Gpulling manifest [K
pulling f5c702d8820d:  33% ▕█████             ▏ 9.5 GB/ 28 GB   59 MB/s   5m21s[K[?25h[?2026l[?2026h[?25l[A[1Gpulling manifest [K
pulling f5c702d8820d:  33% ▕█████             ▏ 9.5 GB/ 28 GB   59 MB/s   5m21s[K[?25h[?2026l[?2026h[?25l[A[1Gpulling manifest [K
pulling f5c702d8820d:  33% ▕█████             ▏ 9.5 GB/ 28 GB   59 MB/s   5m21s[K[?25h[?2026l[?2026h[?25l[A[1Gpulling manifest [K
pulling f5c702d8820d:  33% ▕█████             ▏ 9.5 GB/ 28 GB   59 MB/s   5m21s[K[?25h[?2026l[?2026h[?25l[A[1Gpulling manifest [K
pulling f5c702d8820d:  33% ▕██████            ▏ 9.5 GB/ 28 GB   59 MB/s   5m21s[K[?25h[?2026l[?2026h[?25l[A[1Gpulling manifest [K
pulling f5c702d8820d:  33% ▕██████            ▏ 9.5 GB/ 28 GB   59 MB/s   5m21s[K[?25h[?2026l[?2026h[?25l[A[1Gpulling manifest [K
pulling f5c702d8820d:  33% ▕██████            ▏ 9.5 GB/ 28 GB   59 MB/s   5m21s[K[?25h[?2026l[?2026h[?25l[A[1Gpulling manifest [K
pulling f5c702d8820d:  33% ▕██████            ▏ 9.6 GB/ 28 GB   59 MB/s   5m21s[K[?25h[?2026l[?2026h[?25l[A[1Gpulling manifest [K
pulling f5c702d8820d:  33% ▕██████            ▏ 9.6 GB/ 28 GB   59 MB/s   5m21s[K[?25h[?2026l[?2026h[?25l[A[1Gpulling manifest [K
pulling f5c702d8820d:  33% ▕██████            ▏ 9.6 GB/ 28 GB   59 MB/s   5m21s[K[?25h[?2026l[?2026h[?25l[A[1Gpulling manifest [K
pulling f5c702d8820d:  33% ▕██████            ▏ 9.6 GB/ 28 GB   59 MB/s   5m20s[K[?25h[?2026l[?2026h[?25l[A[1Gpulling manifest [K
pulling f5c702d8820d:  33% ▕██████            ▏ 9.6 GB/ 28 GB   59 MB/s   5m20s[K[?25h[?2026l[?2026h[?25l[A[1Gpulling manifest [K
pulling f5c702d8820d:  34% ▕██████            ▏ 9.6 GB/ 28 GB   59 MB/s   5m20s[K[?25h[?2026l[?2026h[?25l[A[1Gpulling manifest [K
pulling f5c702d8820d:  34% ▕██████            ▏ 9.6 GB/ 28 GB   59 MB/s   5m20s[K[?25h[?2026l[?2026h[?25l[A[1Gpulling manifest [K
pulling f5c702d8820d:  34% ▕██████            ▏ 9.6 GB/ 28 GB   59 MB/s   5m20s[K[?25h[?2026l[?2026h[?25l[A[1Gpulling manifest [K
pulling f5c702d8820d:  34% ▕██████            ▏ 9.6 GB/ 28 GB   59 MB/s   5m20s[K[?25h[?2026l[?2026h[?25l[A[1Gpulling manifest [K
pulling f5c702d8820d:  34% ▕██████            ▏ 9.6 GB/ 28 GB   59 MB/s   5m20s[K[?25h[?2026l[?2026h[?25l[A[1Gpulling manifest [K
pulling f5c702d8820d:  34% ▕██████            ▏ 9.6 GB/ 28 GB   59 MB/s   5m20s[K[?25h[?2026l[?2026h[?25l[A[1Gpulling manifest [K
pulling f5c702d8820d:  34% ▕██████            ▏ 9.6 GB/ 28 GB   59 MB/s   5m19s[K[?25h[?2026l[?2026h[?25l[A[1Gpulling manifest [K
pulling f5c702d8820d:  34% ▕██████            ▏ 9.6 GB/ 28 GB   59 MB/s   5m19s[K[?25h[?2026l[?2026h[?25l[A[1Gpulling manifest [K
pulling f5c702d8820d:  34% ▕██████            ▏ 9.6 GB/ 28 GB   59 MB/s   5m19s[K[?25h[?2026l[?2026h[?25l[A[1Gpulling manifest [K
pulling f5c702d8820d:  34% ▕██████            ▏ 9.6 GB/ 28 GB   59 MB/s   5m19s[K[?25h[?2026l[?2026h[?25l[A[1Gpulling manifest [K
pulling f5c702d8820d:  34% ▕██████            ▏ 9.6 GB/ 28 GB   59 MB/s   5m19s[K[?25h[?2026l[?2026h[?25l[A[1Gpulling manifest [K
pulling f5c702d8820d:  34% ▕██████            ▏ 9.6 GB/ 28 GB   59 MB/s   5m19s[K[?25h[?2026l[?2026h[?25l[A[1Gpulling manifest [K
pulling f5c702d8820d:  34% ▕██████            ▏ 9.7 GB/ 28 GB   59 MB/s   5m19s[K[?25h[?2026l[?2026h[?25l[A[1Gpulling manifest [K
pulling f5c702d8820d:  34% ▕██████            ▏ 9.7 GB/ 28 GB   59 MB/s   5m19s[K[?25h[?2026l[?2026h[?25l[A[1Gpulling manifest [K
pulling f5c702d8820d:  34% ▕██████            ▏ 9.7 GB/ 28 GB   59 MB/s   5m19s[K[?25h[?2026l[?2026h[?25l[A[1Gpulling manifest [K
pulling f5c702d8820d:  34% ▕██████            ▏ 9.7 GB/ 28 GB   59 MB/s   5m18s[K[?25h[?2026l[?2026h[?25l[A[1Gpulling manifest [K
pulling f5c702d8820d:  34% ▕██████            ▏ 9.7 GB/ 28 GB   59 MB/s   5m18s[K[?25h[?2026l[?2026h[?25l[A[1Gpulling manifest [K
pulling f5c702d8820d:  34% ▕██████            ▏ 9.7 GB/ 28 GB   59 MB/s   5m18s[K[?25h[?2026l[?2026h[?25l[A[1Gpulling manifest [K
pulling f5c702d8820d:  34% ▕██████            ▏ 9.7 GB/ 28 GB   59 MB/s   5m18s[K[?25h[?2026l[?2026h[?25l[A[1Gpulling manifest [K
pulling f5c702d8820d:  34% ▕██████            ▏ 9.7 GB/ 28 GB   59 MB/s   5m18s[K[?25h[?2026l[?2026h[?25l[A[1Gpulling manifest [K
pulling f5c702d8820d:  34% ▕██████            ▏ 9.7 GB/ 28 GB   59 MB/s   5m18s[K[?25h[?2026l[?2026h[?25l[A[1Gpulling manifest [K
pulling f5c702d8820d:  34% ▕██████            ▏ 9.7 GB/ 28 GB   59 MB/s   5m18s[K[?25h[?2026l[?2026h[?25l[A[1Gpulling manifest [K
pulling f5c702d8820d:  34% ▕██████            ▏ 9.7 GB/ 28 GB   59 MB/s   5m18s[K[?25h[?2026l[?2026h[?25l[A[1Gpulling manifest [K
pulling f5c702d8820d:  34% ▕██████            ▏ 9.7 GB/ 28 GB   59 MB/s   5m18s[K[?25h[?2026l[?2026h[?25l[A[1Gpulling manifest [K
pulling f5c702d8820d:  34% ▕██████            ▏ 9.7 GB/ 28 GB   59 MB/s   5m18s[K[?25h[?2026l[?2026h[?25l[A[1Gpulling manifest [K
pulling f5c702d8820d:  34% ▕██████            ▏ 9.7 GB/ 28 GB   59 MB/s   5m18s[K[?25h[?2026l[?2026h[?25l[A[1Gpulling manifest [K
pulling f5c702d8820d:  34% ▕██████            ▏ 9.7 GB/ 28 GB   59 MB/s   5m18s[K[?25h[?2026l[?2026h[?25l[A[1Gpulling manifest [K
pulling f5c702d8820d:  34% ▕██████            ▏ 9.7 GB/ 28 GB   59 MB/s   5m17s[K[?25h[?2026l[?2026h[?25l[A[1Gpulling manifest [K
pulling f5c702d8820d:  34% ▕██████            ▏ 9.8 GB/ 28 GB   59 MB/s   5m17s[K[?25h[?2026l[?2026h[?25l[A[1Gpulling manifest [K
pulling f5c702d8820d:  34% ▕██████            ▏ 9.8 GB/ 28 GB   59 MB/s   5m17s[K[?25h[?2026l[?2026h[?25l[A[1Gpulling manifest [K
pulling f5c702d8820d:  34% ▕██████            ▏ 9.8 GB/ 28 GB   59 MB/s   5m17s[K[?25h[?2026l[?2026h[?25l[A[1Gpulling manifest [K
pulling f5c702d8820d:  34% ▕██████            ▏ 9.8 GB/ 28 GB   59 MB/s   5m17s[K[?25h[?2026l[?2026h[?25l[A[1Gpulling manifest [K
pulling f5c702d8820d:  34% ▕██████            ▏ 9.8 GB/ 28 GB   59 MB/s   5m17s[K[?25h[?2026l[?2026h[?25l[A[1Gpulling manifest [K
pulling f5c702d8820d:  34% ▕██████            ▏ 9.8 GB/ 28 GB   59 MB/s   5m17s[K[?25h[?2026l[?2026h[?25l[A[1Gpulling manifest [K
pulling f5c702d8820d:  34% ▕██████            ▏ 9.8 GB/ 28 GB   59 MB/s   5m17s[K[?25h[?2026l[?2026h[?25l[A[1Gpulling manifest [K
pulling f5c702d8820d:  34% ▕██████            ▏ 9.8 GB/ 28 GB   59 MB/s   5m17s[K[?25h[?2026l[?2026h[?25l[A[1Gpulling manifest [K
pulling f5c702d8820d:  34% ▕██████            ▏ 9.8 GB/ 28 GB   59 MB/s   5m17s[K[?25h[?2026l[?2026h[?25l[A[1Gpulling manifest [K
pulling f5c702d8820d:  34% ▕██████            ▏ 9.8 GB/ 28 GB   59 MB/s   5m17s[K[?25h[?2026l[?2026h[?25l[A[1Gpulling manifest [K
pulling f5c702d8820d:  34% ▕██████            ▏ 9.8 GB/ 28 GB   59 MB/s   5m16s[K[?25h[?2026l[?2026h[?25l[A[1Gpulling manifest [K
pulling f5c702d8820d:  34% ▕██████            ▏ 9.8 GB/ 28 GB   59 MB/s   5m16s[K[?25h[?2026l[?2026h[?25l[A[1Gpulling manifest [K
pulling f5c702d8820d:  34% ▕██████            ▏ 9.8 GB/ 28 GB   59 MB/s   5m16s[K[?25h[?2026l[?2026h[?25l[A[1Gpulling manifest [K
pulling f5c702d8820d:  34% ▕██████            ▏ 9.8 GB/ 28 GB   59 MB/s   5m16s[K[?25h[?2026l[?2026h[?25l[A[1Gpulling manifest [K
pulling f5c702d8820d:  34% ▕██████            ▏ 9.8 GB/ 28 GB   59 MB/s   5m16s[K[?25h[?2026l[?2026h[?25l[A[1Gpulling manifest [K
pulling f5c702d8820d:  34% ▕██████            ▏ 9.8 GB/ 28 GB   59 MB/s   5m16s[K[?25h[?2026l[?2026h[?25l[A[1Gpulling manifest [K
pulling f5c702d8820d:  34% ▕██████            ▏ 9.8 GB/ 28 GB   59 MB/s   5m16s[K[?25h[?2026l[?2026h[?25l[A[1Gpulling manifest [K
pulling f5c702d8820d:  34% ▕██████            ▏ 9.9 GB/ 28 GB   59 MB/s   5m16s[K[?25h[?2026l[?2026h[?25l[A[1Gpulling manifest [K
pulling f5c702d8820d:  34% ▕██████            ▏ 9.9 GB/ 28 GB   59 MB/s   5m16s[K[?25h[?2026l[?2026h[?25l[A[1Gpulling manifest [K
pulling f5c702d8820d:  34% ▕██████            ▏ 9.9 GB/ 28 GB   59 MB/s   5m16s[K[?25h[?2026l[?2026h[?25l[A[1Gpulling manifest [K
pulling f5c702d8820d:  35% ▕██████            ▏ 9.9 GB/ 28 GB   59 MB/s   5m15s[K[?25h[?2026l[?2026h[?25l[A[1Gpulling manifest [K
pulling f5c702d8820d:  35% ▕██████            ▏ 9.9 GB/ 28 GB   59 MB/s   5m15s[K[?25h[?2026l[?2026h[?25l[A[1Gpulling manifest [K
pulling f5c702d8820d:  35% ▕██████            ▏ 9.9 GB/ 28 GB   59 MB/s   5m15s[K[?25h[?2026l[?2026h[?25l[A[1Gpulling manifest [K
pulling f5c702d8820d:  35% ▕██████            ▏ 9.9 GB/ 28 GB   59 MB/s   5m15s[K[?25h[?2026l[?2026h[?25l[A[1Gpulling manifest [K
pulling f5c702d8820d:  35% ▕██████            ▏ 9.9 GB/ 28 GB   59 MB/s   5m15s[K[?25h[?2026l[?2026h[?25l[A[1Gpulling manifest [K
pulling f5c702d8820d:  35% ▕██████            ▏ 9.9 GB/ 28 GB   61 MB/s    5m5s[K[?25h[?2026l[?2026h[?25l[A[1Gpulling manifest [K
pulling f5c702d8820d:  35% ▕██████            ▏ 9.9 GB/ 28 GB   61 MB/s    5m5s[K[?25h[?2026l[?2026h[?25l[A[1Gpulling manifest [K
pulling f5c702d8820d:  35% ▕██████            ▏ 9.9 GB/ 28 GB   61 MB/s    5m5s[K[?25h[?2026l[?2026h[?25l[A[1Gpulling manifest [K
pulling f5c702d8820d:  35% ▕██████            ▏ 9.9 GB/ 28 GB   61 MB/s    5m5s[K[?25h[?2026l[?2026h[?25l[A[1Gpulling manifest [K
pulling f5c702d8820d:  35% ▕██████            ▏ 9.9 GB/ 28 GB   61 MB/s    5m5s[K[?25h[?2026l[?2026h[?25l[A[1Gpulling manifest [K
pulling f5c702d8820d:  35% ▕██████            ▏ 9.9 GB/ 28 GB   61 MB/s    5m5s[K[?25h[?2026l[?2026h[?25l[A[1Gpulling manifest [K
pulling f5c702d8820d:  35% ▕██████            ▏ 9.9 GB/ 28 GB   61 MB/s    5m5s[K[?25h[?2026l[?2026h[?25l[A[1Gpulling manifest [K
pulling f5c702d8820d:  35% ▕██████            ▏ 9.9 GB/ 28 GB   61 MB/s    5m4s[K[?25h[?2026l[?2026h[?25l[A[1Gpulling manifest [K
pulling f5c702d8820d:  35% ▕█████            ▏ 10.0 GB/ 28 GB   61 MB/s    5m4s[K[?25h[?2026l[?2026h[?25l[A[1Gpulling manifest [K
pulling f5c702d8820d:  35% ▕█████            ▏ 10.0 GB/ 28 GB   61 MB/s    5m4s[K[?25h[?2026l[?2026h[?25l[A[1Gpulling manifest [K
pulling f5c702d8820d:  35% ▕█████            ▏ 10.0 GB/ 28 GB   61 MB/s    5m4s[K[?25h[?2026l[?2026h[?25l[A[1Gpulling manifest [K
pulling f5c702d8820d:  35% ▕█████            ▏ 10.0 GB/ 28 GB   61 MB/s    5m4s[K[?25h[?2026l[?2026h[?25l[A[1Gpulling manifest [K
pulling f5c702d8820d:  35% ▕█████            ▏ 10.0 GB/ 28 GB   61 MB/s    5m4s[K[?25h[?2026l[?2026h[?25l[A[1Gpulling manifest [K
pulling f5c702d8820d:  35% ▕█████            ▏ 10.0 GB/ 28 GB   61 MB/s    5m4s[K[?25h[?2026l[?2026h[?25l[A[1Gpulling manifest [K
pulling f5c702d8820d:  35% ▕█████            ▏ 10.0 GB/ 28 GB   61 MB/s    5m4s[K[?25h[?2026l[?2026h[?25l[A[1Gpulling manifest [K
pulling f5c702d8820d:  35% ▕█████            ▏ 10.0 GB/ 28 GB   61 MB/s    5m4s[K[?25h[?2026l[?2026h[?25l[A[1Gpulling manifest [K
pulling f5c702d8820d:  35% ▕█████            ▏ 10.0 GB/ 28 GB   61 MB/s    5m4s[K[?25h[?2026l[?2026h[?25l[A[1Gpulling manifest [K
pulling f5c702d8820d:  35% ▕█████            ▏ 10.0 GB/ 28 GB   61 MB/s    5m4s[K[?25h[?2026l[?2026h[?25l[A[1Gpulling manifest [K
pulling f5c702d8820d:  35% ▕██████            ▏  10 GB/ 28 GB   61 MB/s    5m4s[K[?25h[?2026l[?2026h[?25l[A[1Gpulling manifest [K
pulling f5c702d8820d:  35% ▕██████            ▏  10 GB/ 28 GB   61 MB/s    5m3s[K[?25h[?2026l[?2026h[?25l[A[1Gpulling manifest [K
pulling f5c702d8820d:  35% ▕██████            ▏  10 GB/ 28 GB   60 MB/s    5m6s[K[?25h[?2026l[?2026h[?25l[A[1Gpulling manifest [K
pulling f5c702d8820d:  35% ▕██████            ▏  10 GB/ 28 GB   60 MB/s    5m6s[K[?25h[?2026l[?2026h[?25l[A[1Gpulling manifest [K
pulling f5c702d8820d:  35% ▕██████            ▏  10 GB/ 28 GB   60 MB/s    5m6s[K[?25h[?2026l[?2026h[?25l[A[1Gpulling manifest [K
pulling f5c702d8820d:  35% ▕██████            ▏  10 GB/ 28 GB   60 MB/s    5m6s[K[?25h[?2026l[?2026h[?25l[A[1Gpulling manifest [K
pulling f5c702d8820d:  35% ▕██████            ▏  10 GB/ 28 GB   60 MB/s    5m5s[K[?25h[?2026l[?2026h[?25l[A[1Gpulling manifest [K
pulling f5c702d8820d:  35% ▕██████            ▏  10 GB/ 28 GB   60 MB/s    5m5s[K[?25h[?2026l[?2026h[?25l[A[1Gpulling manifest [K
pulling f5c702d8820d:  35% ▕██████            ▏  10 GB/ 28 GB   60 MB/s    5m5s[K[?25h[?2026l[?2026h[?25l[A[1Gpulling manifest [K
pulling f5c702d8820d:  35% ▕██████            ▏  10 GB/ 28 GB   60 MB/s    5m5s[K[?25h[?2026l[?2026h[?25l[A[1Gpulling manifest [K
pulling f5c702d8820d:  35% ▕██████            ▏  10 GB/ 28 GB   60 MB/s    5m5s[K[?25h[?2026l[?2026h[?25l[A[1Gpulling manifest [K
pulling f5c702d8820d:  35% ▕██████            ▏  10 GB/ 28 GB   60 MB/s    5m5s[K[?25h[?2026l[?2026h[?25l[A[1Gpulling manifest [K
pulling f5c702d8820d:  35% ▕██████            ▏  10 GB/ 28 GB   60 MB/s    5m5s[K[?25h[?2026l[?2026h[?25l[A[1Gpulling manifest [K
pulling f5c702d8820d:  35% ▕██████            ▏  10 GB/ 28 GB   60 MB/s    5m5s[K[?25h[?2026l[?2026h[?25l[A[1Gpulling manifest [K
pulling f5c702d8820d:  35% ▕██████            ▏  10 GB/ 28 GB   60 MB/s    5m4s[K[?25h[?2026l[?2026h[?25l[A[1Gpulling manifest [K
pulling f5c702d8820d:  35% ▕██████            ▏  10 GB/ 28 GB   60 MB/s    5m4s[K[?25h[?2026l[?2026h[?25l[A[1Gpulling manifest [K
pulling f5c702d8820d:  35% ▕██████            ▏  10 GB/ 28 GB   60 MB/s    5m4s[K[?25h[?2026l[?2026h[?25l[A[1Gpulling manifest [K
pulling f5c702d8820d:  35% ▕██████            ▏  10 GB/ 28 GB   60 MB/s    5m4s[K[?25h[?2026l[?2026h[?25l[A[1Gpulling manifest [K
pulling f5c702d8820d:  35% ▕██████            ▏  10 GB/ 28 GB   60 MB/s    5m4s[K[?25h[?2026l[?2026h[?25l[A[1Gpulling manifest [K
pulling f5c702d8820d:  35% ▕██████            ▏  10 GB/ 28 GB   60 MB/s    5m4s[K[?25h[?2026l[?2026h[?25l[A[1Gpulling manifest [K
pulling f5c702d8820d:  35% ▕██████            ▏  10 GB/ 28 GB   60 MB/s    5m4s[K[?25h[?2026l[?2026h[?25l[A[1Gpulling manifest [K
pulling f5c702d8820d:  35% ▕██████            ▏  10 GB/ 28 GB   60 MB/s    5m4s[K[?25h[?2026l[?2026h[?25l[A[1Gpulling manifest [K
pulling f5c702d8820d:  35% ▕██████            ▏  10 GB/ 28 GB   60 MB/s    5m4s[K[?25h[?2026l[?2026h[?25l[A[1Gpulling manifest [K
pulling f5c702d8820d:  35% ▕██████            ▏  10 GB/ 28 GB   60 MB/s    5m4s[K[?25h[?2026l[?2026h[?25l[A[1Gpulling manifest [K
pulling f5c702d8820d:  35% ▕██████            ▏  10 GB/ 28 GB   60 MB/s    5m4s[K[?25h[?2026l[?2026h[?25l[A[1Gpulling manifest [K
pulling f5c702d8820d:  36% ▕██████            ▏  10 GB/ 28 GB   60 MB/s    5m3s[K[?25h[?2026l[?2026h[?25l[A[1Gpulling manifest [K
pulling f5c702d8820d:  36% ▕██████            ▏  10 GB/ 28 GB   60 MB/s    5m3s[K[?25h[?2026l[?2026h[?25l[A[1Gpulling manifest [K
pulling f5c702d8820d:  36% ▕██████            ▏  10 GB/ 28 GB   60 MB/s    5m3s[K[?25h[?2026l[?2026h[?25l[A[1Gpulling manifest [K
pulling f5c702d8820d:  36% ▕██████            ▏  10 GB/ 28 GB   60 MB/s    5m3s[K[?25h[?2026l[?2026h[?25l[A[1Gpulling manifest [K
pulling f5c702d8820d:  36% ▕██████            ▏  10 GB/ 28 GB   60 MB/s    5m3s[K[?25h[?2026l[?2026h[?25l[A[1Gpulling manifest [K
pulling f5c702d8820d:  36% ▕██████            ▏  10 GB/ 28 GB   60 MB/s    5m3s[K[?25h[?2026l[?2026h[?25l[A[1Gpulling manifest [K
pulling f5c702d8820d:  36% ▕██████            ▏  10 GB/ 28 GB   60 MB/s    5m3s[K[?25h[?2026l[?2026h[?25l[A[1Gpulling manifest [K
pulling f5c702d8820d:  36% ▕██████            ▏  10 GB/ 28 GB   60 MB/s    5m3s[K[?25h[?2026l[?2026h[?25l[A[1Gpulling manifest [K
pulling f5c702d8820d:  36% ▕██████            ▏  10 GB/ 28 GB   60 MB/s    5m3s[K[?25h[?2026l[?2026h[?25l[A[1Gpulling manifest [K
pulling f5c702d8820d:  36% ▕██████            ▏  10 GB/ 28 GB   60 MB/s    5m2s[K[?25h[?2026l[?2026h[?25l[A[1Gpulling manifest [K
pulling f5c702d8820d:  36% ▕██████            ▏  10 GB/ 28 GB   60 MB/s    5m2s[K[?25h[?2026l[?2026h[?25l[A[1Gpulling manifest [K
pulling f5c702d8820d:  36% ▕██████            ▏  10 GB/ 28 GB   60 MB/s    5m2s[K[?25h[?2026l[?2026h[?25l[A[1Gpulling manifest [K
pulling f5c702d8820d:  36% ▕██████            ▏  10 GB/ 28 GB   60 MB/s    5m2s[K[?25h[?2026l[?2026h[?25l[A[1Gpulling manifest [K
pulling f5c702d8820d:  36% ▕██████            ▏  10 GB/ 28 GB   60 MB/s    5m2s[K[?25h[?2026l[?2026h[?25l[A[1Gpulling manifest [K
pulling f5c702d8820d:  36% ▕██████            ▏  10 GB/ 28 GB   60 MB/s    5m2s[K[?25h[?2026l[?2026h[?25l[A[1Gpulling manifest [K
pulling f5c702d8820d:  36% ▕██████            ▏  10 GB/ 28 GB   60 MB/s    5m2s[K[?25h[?2026l[?2026h[?25l[A[1Gpulling manifest [K
pulling f5c702d8820d:  36% ▕██████            ▏  10 GB/ 28 GB   60 MB/s    5m2s[K[?25h[?2026l[?2026h[?25l[A[1Gpulling manifest [K
pulling f5c702d8820d:  36% ▕██████            ▏  10 GB/ 28 GB   60 MB/s    5m2s[K[?25h[?2026l[?2026h[?25l[A[1Gpulling manifest [K
pulling f5c702d8820d:  36% ▕██████            ▏  10 GB/ 28 GB   60 MB/s    5m2s[K[?25h[?2026l[?2026h[?25l[A[1Gpulling manifest [K
pulling f5c702d8820d:  36% ▕██████            ▏  10 GB/ 28 GB   60 MB/s    5m1s[K[?25h[?2026l[?2026h[?25l[A[1Gpulling manifest [K
pulling f5c702d8820d:  36% ▕██████            ▏  10 GB/ 28 GB   60 MB/s    5m1s[K[?25h[?2026l[?2026h[?25l[A[1Gpulling manifest [K
pulling f5c702d8820d:  36% ▕██████            ▏  10 GB/ 28 GB   60 MB/s    5m1s[K[?25h[?2026l[?2026h[?25l[A[1Gpulling manifest [K
pulling f5c702d8820d:  36% ▕██████            ▏  10 GB/ 28 GB   60 MB/s    5m1s[K[?25h[?2026l[?2026h[?25l[A[1Gpulling manifest [K
pulling f5c702d8820d:  36% ▕██████            ▏  10 GB/ 28 GB   60 MB/s    5m1s[K[?25h[?2026l[?2026h[?25l[A[1Gpulling manifest [K
pulling f5c702d8820d:  36% ▕██████            ▏  10 GB/ 28 GB   60 MB/s    5m1s[K[?25h[?2026l[?2026h[?25l[A[1Gpulling manifest [K
pulling f5c702d8820d:  36% ▕██████            ▏  10 GB/ 28 GB   60 MB/s    5m1s[K[?25h[?2026l[?2026h[?25l[A[1Gpulling manifest [K
pulling f5c702d8820d:  36% ▕██████            ▏  10 GB/ 28 GB   60 MB/s    5m1s[K[?25h[?2026l[?2026h[?25l[A[1Gpulling manifest [K
pulling f5c702d8820d:  36% ▕██████            ▏  10 GB/ 28 GB   60 MB/s    5m1s[K[?25h[?2026l[?2026h[?25l[A[1Gpulling manifest [K
pulling f5c702d8820d:  36% ▕██████            ▏  10 GB/ 28 GB   60 MB/s    5m1s[K[?25h[?2026l[?2026h[?25l[A[1Gpulling manifest [K
pulling f5c702d8820d:  36% ▕██████            ▏  10 GB/ 28 GB   60 MB/s    5m1s[K[?25h[?2026l[?2026h[?25l[A[1Gpulling manifest [K
pulling f5c702d8820d:  36% ▕██████            ▏  10 GB/ 28 GB   60 MB/s    5m1s[K[?25h[?2026l[?2026h[?25l[A[1Gpulling manifest [K
pulling f5c702d8820d:  36% ▕██████            ▏  10 GB/ 28 GB   60 MB/s    5m1s[K[?25h[?2026l[?2026h[?25l[A[1Gpulling manifest [K
pulling f5c702d8820d:  36% ▕██████            ▏  10 GB/ 28 GB   60 MB/s    5m1s[K[?25h[?2026l[?2026h[?25l[A[1Gpulling manifest [K
pulling f5c702d8820d:  36% ▕██████            ▏  10 GB/ 28 GB   60 MB/s    5m1s[K[?25h[?2026l[?2026h[?25l[A[1Gpulling manifest [K
pulling f5c702d8820d:  36% ▕██████            ▏  10 GB/ 28 GB   60 MB/s    5m1s[K[?25h[?2026l[?2026h[?25l[A[1Gpulling manifest [K
pulling f5c702d8820d:  36% ▕██████            ▏  10 GB/ 28 GB   60 MB/s    5m1s[K[?25h[?2026l[?2026h[?25l[A[1Gpulling manifest [K
pulling f5c702d8820d:  36% ▕██████            ▏  10 GB/ 28 GB   60 MB/s    5m1s[K[?25h[?2026l[?2026h[?25l[A[1Gpulling manifest [K
pulling f5c702d8820d:  36% ▕██████            ▏  10 GB/ 28 GB   60 MB/s    5m1s[K[?25h[?2026l[?2026h[?25l[A[1Gpulling manifest [K
pulling f5c702d8820d:  36% ▕██████            ▏  10 GB/ 28 GB   60 MB/s    5m1s[K[?25h[?2026l[?2026h[?25l[A[1Gpulling manifest [K
pulling f5c702d8820d:  36% ▕██████            ▏  10 GB/ 28 GB   58 MB/s   5m10s[K[?25h[?2026l[?2026h[?25l[A[1Gpulling manifest [K
pulling f5c702d8820d:  36% ▕██████            ▏  10 GB/ 28 GB   58 MB/s   5m10s[K[?25h[?2026l[?2026h[?25l[A[1Gpulling manifest [K
pulling f5c702d8820d:  36% ▕██████            ▏  10 GB/ 28 GB   58 MB/s   5m10s[K[?25h[?2026l[?2026h[?25l[A[1Gpulling manifest [K
pulling f5c702d8820d:  36% ▕██████            ▏  10 GB/ 28 GB   58 MB/s   5m10s[K[?25h[?2026l[?2026h[?25l[A[1Gpulling manifest [K
pulling f5c702d8820d:  36% ▕██████            ▏  10 GB/ 28 GB   58 MB/s    5m9s[K[?25h[?2026l[?2026h[?25l[A[1Gpulling manifest [K
pulling f5c702d8820d:  36% ▕██████            ▏  10 GB/ 28 GB   58 MB/s    5m9s[K[?25h[?2026l[?2026h[?25l[A[1Gpulling manifest [K
pulling f5c702d8820d:  36% ▕██████            ▏  10 GB/ 28 GB   58 MB/s    5m9s[K[?25h[?2026l[?2026h[?25l[A[1Gpulling manifest [K
pulling f5c702d8820d:  36% ▕██████            ▏  10 GB/ 28 GB   58 MB/s    5m9s[K[?25h[?2026l[?2026h[?25l[A[1Gpulling manifest [K
pulling f5c702d8820d:  36% ▕██████            ▏  10 GB/ 28 GB   58 MB/s    5m9s[K[?25h[?2026l[?2026h[?25l[A[1Gpulling manifest [K
pulling f5c702d8820d:  36% ▕██████            ▏  10 GB/ 28 GB   58 MB/s    5m9s[K[?25h[?2026l[?2026h[?25l[A[1Gpulling manifest [K
pulling f5c702d8820d:  36% ▕██████            ▏  10 GB/ 28 GB   58 MB/s    5m9s[K[?25h[?2026l[?2026h[?25l[A[1Gpulling manifest [K
pulling f5c702d8820d:  36% ▕██████            ▏  10 GB/ 28 GB   58 MB/s    5m8s[K[?25h[?2026l[?2026h[?25l[A[1Gpulling manifest [K
pulling f5c702d8820d:  37% ▕██████            ▏  10 GB/ 28 GB   58 MB/s    5m8s[K[?25h[?2026l[?2026h[?25l[A[1Gpulling manifest [K
pulling f5c702d8820d:  37% ▕██████            ▏  10 GB/ 28 GB   58 MB/s    5m8s[K[?25h[?2026l[?2026h[?25l[A[1Gpulling manifest [K
pulling f5c702d8820d:  37% ▕██████            ▏  10 GB/ 28 GB   58 MB/s    5m8s[K[?25h[?2026l[?2026h[?25l[A[1Gpulling manifest [K
pulling f5c702d8820d:  37% ▕██████            ▏  10 GB/ 28 GB   58 MB/s    5m8s[K[?25h[?2026l[?2026h[?25l[A[1Gpulling manifest [K
pulling f5c702d8820d:  37% ▕██████            ▏  10 GB/ 28 GB   58 MB/s    5m8s[K[?25h[?2026l[?2026h[?25l[A[1Gpulling manifest [K
pulling f5c702d8820d:  37% ▕██████            ▏  10 GB/ 28 GB   58 MB/s    5m8s[K[?25h[?2026l[?2026h[?25l[A[1Gpulling manifest [K
pulling f5c702d8820d:  37% ▕██████            ▏  10 GB/ 28 GB   58 MB/s    5m8s[K[?25h[?2026l[?2026h[?25l[A[1Gpulling manifest [K
pulling f5c702d8820d:  37% ▕██████            ▏  10 GB/ 28 GB   58 MB/s    5m8s[K[?25h[?2026l[?2026h[?25l[A[1Gpulling manifest [K
pulling f5c702d8820d:  37% ▕██████            ▏  10 GB/ 28 GB   58 MB/s    5m8s[K[?25h[?2026l[?2026h[?25l[A[1Gpulling manifest [K
pulling f5c702d8820d:  37% ▕██████            ▏  10 GB/ 28 GB   58 MB/s    5m8s[K[?25h[?2026l[?2026h[?25l[A[1Gpulling manifest [K
pulling f5c702d8820d:  37% ▕██████            ▏  10 GB/ 28 GB   58 MB/s    5m8s[K[?25h[?2026l[?2026h[?25l[A[1Gpulling manifest [K
pulling f5c702d8820d:  37% ▕██████            ▏  10 GB/ 28 GB   58 MB/s    5m7s[K[?25h[?2026l[?2026h[?25l[A[1Gpulling manifest [K
pulling f5c702d8820d:  37% ▕██████            ▏  10 GB/ 28 GB   58 MB/s    5m7s[K[?25h[?2026l[?2026h[?25l[A[1Gpulling manifest [K
pulling f5c702d8820d:  37% ▕██████            ▏  10 GB/ 28 GB   58 MB/s    5m7s[K[?25h[?2026l[?2026h[?25l[A[1Gpulling manifest [K
pulling f5c702d8820d:  37% ▕██████            ▏  10 GB/ 28 GB   58 MB/s    5m7s[K[?25h[?2026l[?2026h[?25l[A[1Gpulling manifest [K
pulling f5c702d8820d:  37% ▕██████            ▏  10 GB/ 28 GB   58 MB/s    5m7s[K[?25h[?2026l[?2026h[?25l[A[1Gpulling manifest [K
pulling f5c702d8820d:  37% ▕██████            ▏  10 GB/ 28 GB   58 MB/s    5m7s[K[?25h[?2026l[?2026h[?25l[A[1Gpulling manifest [K
pulling f5c702d8820d:  37% ▕██████            ▏  10 GB/ 28 GB   58 MB/s    5m7s[K[?25h[?2026l[?2026h[?25l[A[1Gpulling manifest [K
pulling f5c702d8820d:  37% ▕██████            ▏  10 GB/ 28 GB   59 MB/s    5m4s[K[?25h[?2026l[?2026h[?25l[A[1Gpulling manifest [K
pulling f5c702d8820d:  37% ▕██████            ▏  10 GB/ 28 GB   59 MB/s    5m4s[K[?25h[?2026l[?2026h[?25l[A[1Gpulling manifest [K
pulling f5c702d8820d:  37% ▕██████            ▏  10 GB/ 28 GB   59 MB/s    5m4s[K[?25h[?2026l[?2026h[?25l[A[1Gpulling manifest [K
pulling f5c702d8820d:  37% ▕██████            ▏  10 GB/ 28 GB   59 MB/s    5m4s[K[?25h[?2026l[?2026h[?25l[A[1Gpulling manifest [K
pulling f5c702d8820d:  37% ▕██████            ▏  10 GB/ 28 GB   59 MB/s    5m4s[K[?25h[?2026l[?2026h[?25l[A[1Gpulling manifest [K
pulling f5c702d8820d:  37% ▕██████            ▏  10 GB/ 28 GB   59 MB/s    5m4s[K[?25h[?2026l[?2026h[?25l[A[1Gpulling manifest [K
pulling f5c702d8820d:  37% ▕██████            ▏  10 GB/ 28 GB   59 MB/s    5m4s[K[?25h[?2026l[?2026h[?25l[A[1Gpulling manifest [K
pulling f5c702d8820d:  37% ▕██████            ▏  10 GB/ 28 GB   59 MB/s    5m4s[K[?25h[?2026l[?2026h[?25l[A[1Gpulling manifest [K
pulling f5c702d8820d:  37% ▕██████            ▏  10 GB/ 28 GB   59 MB/s    5m4s[K[?25h[?2026l[?2026h[?25l[A[1Gpulling manifest [K
pulling f5c702d8820d:  37% ▕██████            ▏  10 GB/ 28 GB   59 MB/s    5m3s[K[?25h[?2026l[?2026h[?25l[A[1Gpulling manifest [K
pulling f5c702d8820d:  37% ▕██████            ▏  10 GB/ 28 GB   59 MB/s    5m3s[K[?25h[?2026l[?2026h[?25l[A[1Gpulling manifest [K
pulling f5c702d8820d:  37% ▕██████            ▏  10 GB/ 28 GB   59 MB/s    5m3s[K[?25h[?2026l[?2026h[?25l[A[1Gpulling manifest [K
pulling f5c702d8820d:  37% ▕██████            ▏  10 GB/ 28 GB   59 MB/s    5m3s[K[?25h[?2026l[?2026h[?25l[A[1Gpulling manifest [K
pulling f5c702d8820d:  37% ▕██████            ▏  10 GB/ 28 GB   59 MB/s    5m3s[K[?25h[?2026l[?2026h[?25l[A[1Gpulling manifest [K
pulling f5c702d8820d:  37% ▕██████            ▏  10 GB/ 28 GB   59 MB/s    5m3s[K[?25h[?2026l[?2026h[?25l[A[1Gpulling manifest [K
pulling f5c702d8820d:  37% ▕██████            ▏  10 GB/ 28 GB   59 MB/s    5m3s[K[?25h[?2026l[?2026h[?25l[A[1Gpulling manifest [K
pulling f5c702d8820d:  37% ▕██████            ▏  10 GB/ 28 GB   59 MB/s    5m3s[K[?25h[?2026l[?2026h[?25l[A[1Gpulling manifest [K
pulling f5c702d8820d:  37% ▕██████            ▏  10 GB/ 28 GB   59 MB/s    5m3s[K[?25h[?2026l[?2026h[?25l[A[1Gpulling manifest [K
pulling f5c702d8820d:  37% ▕██████            ▏  10 GB/ 28 GB   59 MB/s    5m2s[K[?25h[?2026l[?2026h[?25l[A[1Gpulling manifest [K
pulling f5c702d8820d:  37% ▕██████            ▏  10 GB/ 28 GB   59 MB/s    5m2s[K[?25h[?2026l[?2026h[?25l[A[1Gpulling manifest [K
pulling f5c702d8820d:  37% ▕██████            ▏  10 GB/ 28 GB   59 MB/s    5m2s[K[?25h[?2026l[?2026h[?25l[A[1Gpulling manifest [K
pulling f5c702d8820d:  37% ▕██████            ▏  10 GB/ 28 GB   59 MB/s    5m2s[K[?25h[?2026l[?2026h[?25l[A[1Gpulling manifest [K
pulling f5c702d8820d:  37% ▕██████            ▏  10 GB/ 28 GB   59 MB/s    5m2s[K[?25h[?2026l[?2026h[?25l[A[1Gpulling manifest [K
pulling f5c702d8820d:  37% ▕██████            ▏  10 GB/ 28 GB   59 MB/s    5m2s[K[?25h[?2026l[?2026h[?25l[A[1Gpulling manifest [K
pulling f5c702d8820d:  37% ▕██████            ▏  10 GB/ 28 GB   59 MB/s    5m2s[K[?25h[?2026l[?2026h[?25l[A[1Gpulling manifest [K
pulling f5c702d8820d:  37% ▕██████            ▏  10 GB/ 28 GB   59 MB/s    5m2s[K[?25h[?2026l[?2026h[?25l[A[1Gpulling manifest [K
pulling f5c702d8820d:  37% ▕██████            ▏  10 GB/ 28 GB   59 MB/s    5m2s[K[?25h[?2026l[?2026h[?25l[A[1Gpulling manifest [K
pulling f5c702d8820d:  37% ▕██████            ▏  10 GB/ 28 GB   59 MB/s    5m2s[K[?25h[?2026l[?2026h[?25l[A[1Gpulling manifest [K
pulling f5c702d8820d:  37% ▕██████            ▏  10 GB/ 28 GB   59 MB/s    5m1s[K[?25h[?2026l[?2026h[?25l[A[1Gpulling manifest [K
pulling f5c702d8820d:  38% ▕██████            ▏  10 GB/ 28 GB   59 MB/s    5m1s[K[?25h[?2026l[?2026h[?25l[A[1Gpulling manifest [K
pulling f5c702d8820d:  38% ▕██████            ▏  10 GB/ 28 GB   59 MB/s    5m1s[K[?25h[?2026l[?2026h[?25l[A[1Gpulling manifest [K
pulling f5c702d8820d:  38% ▕██████            ▏  10 GB/ 28 GB   59 MB/s    5m1s[K[?25h[?2026l[?2026h[?25l[A[1Gpulling manifest [K
pulling f5c702d8820d:  38% ▕██████            ▏  10 GB/ 28 GB   59 MB/s    5m1s[K[?25h[?2026l[?2026h[?25l[A[1Gpulling manifest [K
pulling f5c702d8820d:  38% ▕██████            ▏  10 GB/ 28 GB   59 MB/s    5m1s[K[?25h[?2026l[?2026h[?25l[A[1Gpulling manifest [K
pulling f5c702d8820d:  38% ▕██████            ▏  10 GB/ 28 GB   59 MB/s    5m1s[K[?25h[?2026l[?2026h[?25l[A[1Gpulling manifest [K
pulling f5c702d8820d:  38% ▕██████            ▏  10 GB/ 28 GB   59 MB/s    5m1s[K[?25h[?2026l[?2026h[?25l[A[1Gpulling manifest [K
pulling f5c702d8820d:  38% ▕██████            ▏  10 GB/ 28 GB   59 MB/s    5m1s[K[?25h[?2026l[?2026h[?25l[A[1Gpulling manifest [K
pulling f5c702d8820d:  38% ▕██████            ▏  10 GB/ 28 GB   59 MB/s    5m1s[K[?25h[?2026l[?2026h[?25l[A[1Gpulling manifest [K
pulling f5c702d8820d:  38% ▕██████            ▏  10 GB/ 28 GB   59 MB/s    5m1s[K[?25h[?2026l[?2026h[?25l[A[1Gpulling manifest [K
pulling f5c702d8820d:  38% ▕██████            ▏  10 GB/ 28 GB   59 MB/s    5m1s[K[?25h[?2026l[?2026h[?25l[A[1Gpulling manifest [K
pulling f5c702d8820d:  38% ▕██████            ▏  10 GB/ 28 GB   59 MB/s    5m1s[K[?25h[?2026l[?2026h[?25l[A[1Gpulling manifest [K
pulling f5c702d8820d:  38% ▕██████            ▏  10 GB/ 28 GB   58 MB/s    5m3s[K[?25h[?2026l[?2026h[?25l[A[1Gpulling manifest [K
pulling f5c702d8820d:  38% ▕██████            ▏  10 GB/ 28 GB   58 MB/s    5m3s[K[?25h[?2026l[?2026h[?25l[A[1Gpulling manifest [K
pulling f5c702d8820d:  38% ▕██████            ▏  10 GB/ 28 GB   58 MB/s    5m3s[K[?25h[?2026l[?2026h[?25l[A[1Gpulling manifest [K
pulling f5c702d8820d:  38% ▕██████            ▏  10 GB/ 28 GB   58 MB/s    5m3s[K[?25h[?2026l[?2026h[?25l[A[1Gpulling manifest [K
pulling f5c702d8820d:  38% ▕██████            ▏  10 GB/ 28 GB   58 MB/s    5m2s[K[?25h[?2026l[?2026h[?25l[A[1Gpulling manifest [K
pulling f5c702d8820d:  38% ▕██████            ▏  10 GB/ 28 GB   58 MB/s    5m2s[K[?25h[?2026l[?2026h[?25l[A[1Gpulling manifest [K
pulling f5c702d8820d:  38% ▕██████            ▏  10 GB/ 28 GB   58 MB/s    5m2s[K[?25h[?2026l[?2026h[?25l[A[1Gpulling manifest [K
pulling f5c702d8820d:  38% ▕██████            ▏  10 GB/ 28 GB   58 MB/s    5m2s[K[?25h[?2026l[?2026h[?25l[A[1Gpulling manifest [K
pulling f5c702d8820d:  38% ▕██████            ▏  10 GB/ 28 GB   58 MB/s    5m2s[K[?25h[?2026l[?2026h[?25l[A[1Gpulling manifest [K
pulling f5c702d8820d:  38% ▕██████            ▏  10 GB/ 28 GB   58 MB/s    5m2s[K[?25h[?2026l[?2026h[?25l[A[1Gpulling manifest [K
pulling f5c702d8820d:  38% ▕██████            ▏  10 GB/ 28 GB   58 MB/s    5m1s[K[?25h[?2026l[?2026h[?25l[A[1Gpulling manifest [K
pulling f5c702d8820d:  38% ▕██████            ▏  10 GB/ 28 GB   58 MB/s    5m1s[K[?25h[?2026l[?2026h[?25l[A[1Gpulling manifest [K
pulling f5c702d8820d:  38% ▕██████            ▏  10 GB/ 28 GB   58 MB/s    5m1s[K[?25h[?2026l[?2026h[?25l[A[1Gpulling manifest [K
pulling f5c702d8820d:  38% ▕██████            ▏  10 GB/ 28 GB   58 MB/s    5m1s[K[?25h[?2026l[?2026h[?25l[A[1Gpulling manifest [K
pulling f5c702d8820d:  38% ▕██████            ▏  10 GB/ 28 GB   58 MB/s    5m1s[K[?25h[?2026l[?2026h[?25l[A[1Gpulling manifest [K
pulling f5c702d8820d:  38% ▕██████            ▏  10 GB/ 28 GB   58 MB/s    5m1s[K[?25h[?2026l[?2026h[?25l[A[1Gpulling manifest [K
pulling f5c702d8820d:  38% ▕██████            ▏  10 GB/ 28 GB   58 MB/s    5m1s[K[?25h[?2026l[?2026h[?25l[A[1Gpulling manifest [K
pulling f5c702d8820d:  38% ▕██████            ▏  10 GB/ 28 GB   58 MB/s    5m1s[K[?25h[?2026l[?2026h[?25l[A[1Gpulling manifest [K
pulling f5c702d8820d:  38% ▕██████            ▏  10 GB/ 28 GB   58 MB/s    5m0s[K[?25h[?2026l[?2026h[?25l[A[1Gpulling manifest [K
pulling f5c702d8820d:  38% ▕██████            ▏  10 GB/ 28 GB   58 MB/s    5m0s[K[?25h[?2026l[?2026h[?25l[A[1Gpulling manifest [K
pulling f5c702d8820d:  38% ▕██████            ▏  10 GB/ 28 GB   60 MB/s   4m51s[K[?25h[?2026l[?2026h[?25l[A[1Gpulling manifest [K
pulling f5c702d8820d:  38% ▕██████            ▏  10 GB/ 28 GB   60 MB/s   4m51s[K[?25h[?2026l[?2026h[?25l[A[1Gpulling manifest [K
pulling f5c702d8820d:  38% ▕██████            ▏  10 GB/ 28 GB   60 MB/s   4m51s[K[?25h[?2026l[?2026h[?25l[A[1Gpulling manifest [K
pulling f5c702d8820d:  38% ▕██████            ▏  10 GB/ 28 GB   60 MB/s   4m51s[K[?25h[?2026l[?2026h[?25l[A[1Gpulling manifest [K
pulling f5c702d8820d:  38% ▕██████            ▏  10 GB/ 28 GB   60 MB/s   4m51s[K[?25h[?2026l[?2026h[?25l[A[1Gpulling manifest [K
pulling f5c702d8820d:  38% ▕██████            ▏  10 GB/ 28 GB   60 MB/s   4m51s[K[?25h[?2026l[?2026h[?25l[A[1Gpulling manifest [K
pulling f5c702d8820d:  38% ▕██████            ▏  10 GB/ 28 GB   60 MB/s   4m50s[K[?25h[?2026l[?2026h[?25l[A[1Gpulling manifest [K
pulling f5c702d8820d:  38% ▕██████            ▏  10 GB/ 28 GB   60 MB/s   4m50s[K[?25h[?2026l[?2026h[?25l[A[1Gpulling manifest [K
pulling f5c702d8820d:  38% ▕██████            ▏  10 GB/ 28 GB   60 MB/s   4m50s[K[?25h[?2026l[?2026h[?25l[A[1Gpulling manifest [K
pulling f5c702d8820d:  38% ▕██████            ▏  10 GB/ 28 GB   60 MB/s   4m50s[K[?25h[?2026l[?2026h[?25l[A[1Gpulling manifest [K
pulling f5c702d8820d:  38% ▕██████            ▏  10 GB/ 28 GB   60 MB/s   4m50s[K[?25h[?2026l[?2026h[?25l[A[1Gpulling manifest [K
pulling f5c702d8820d:  38% ▕██████            ▏  10 GB/ 28 GB   60 MB/s   4m50s[K[?25h[?2026l[?2026h[?25l[A[1Gpulling manifest [K
pulling f5c702d8820d:  38% ▕██████            ▏  10 GB/ 28 GB   60 MB/s   4m50s[K[?25h[?2026l[?2026h[?25l[A[1Gpulling manifest [K
pulling f5c702d8820d:  38% ▕██████            ▏  10 GB/ 28 GB   60 MB/s   4m50s[K[?25h[?2026l[?2026h[?25l[A[1Gpulling manifest [K
pulling f5c702d8820d:  38% ▕██████            ▏  10 GB/ 28 GB   60 MB/s   4m50s[K[?25h[?2026l[?2026h[?25l[A[1Gpulling manifest [K
pulling f5c702d8820d:  38% ▕██████            ▏  11 GB/ 28 GB   60 MB/s   4m50s[K[?25h[?2026l[?2026h[?25l[A[1Gpulling manifest [K
pulling f5c702d8820d:  38% ▕██████            ▏  11 GB/ 28 GB   60 MB/s   4m50s[K[?25h[?2026l[?2026h[?25l[A[1Gpulling manifest [K
pulling f5c702d8820d:  39% ▕██████            ▏  11 GB/ 28 GB   60 MB/s   4m49s[K[?25h[?2026l[?2026h[?25l[A[1Gpulling manifest [K
pulling f5c702d8820d:  39% ▕██████            ▏  11 GB/ 28 GB   60 MB/s   4m49s[K[?25h[?2026l[?2026h[?25l[A[1Gpulling manifest [K
pulling f5c702d8820d:  39% ▕██████            ▏  11 GB/ 28 GB   60 MB/s   4m49s[K[?25h[?2026l[?2026h[?25l[A[1Gpulling manifest [K
pulling f5c702d8820d:  39% ▕██████            ▏  11 GB/ 28 GB   60 MB/s   4m49s[K[?25h[?2026l[?2026h[?25l[A[1Gpulling manifest [K
pulling f5c702d8820d:  39% ▕██████            ▏  11 GB/ 28 GB   60 MB/s   4m49s[K[?25h[?2026l[?2026h[?25l[A[1Gpulling manifest [K
pulling f5c702d8820d:  39% ▕██████            ▏  11 GB/ 28 GB   60 MB/s   4m49s[K[?25h[?2026l[?2026h[?25l[A[1Gpulling manifest [K
pulling f5c702d8820d:  39% ▕██████            ▏  11 GB/ 28 GB   60 MB/s   4m49s[K[?25h[?2026l[?2026h[?25l[A[1Gpulling manifest [K
pulling f5c702d8820d:  39% ▕██████            ▏  11 GB/ 28 GB   60 MB/s   4m48s[K[?25h[?2026l[?2026h[?25l[A[1Gpulling manifest [K
pulling f5c702d8820d:  39% ▕██████            ▏  11 GB/ 28 GB   60 MB/s   4m48s[K[?25h[?2026l[?2026h[?25l[A[1Gpulling manifest [K
pulling f5c702d8820d:  39% ▕██████            ▏  11 GB/ 28 GB   60 MB/s   4m48s[K[?25h[?2026l[?2026h[?25l[A[1Gpulling manifest [K
pulling f5c702d8820d:  39% ▕██████            ▏  11 GB/ 28 GB   60 MB/s   4m48s[K[?25h[?2026l[?2026h[?25l[A[1Gpulling manifest [K
pulling f5c702d8820d:  39% ▕██████            ▏  11 GB/ 28 GB   60 MB/s   4m48s[K[?25h[?2026l[?2026h[?25l[A[1Gpulling manifest [K
pulling f5c702d8820d:  39% ▕██████            ▏  11 GB/ 28 GB   60 MB/s   4m48s[K[?25h[?2026l[?2026h[?25l[A[1Gpulling manifest [K
pulling f5c702d8820d:  39% ▕██████            ▏  11 GB/ 28 GB   60 MB/s   4m48s[K[?25h[?2026l[?2026h[?25l[A[1Gpulling manifest [K
pulling f5c702d8820d:  39% ▕██████            ▏  11 GB/ 28 GB   59 MB/s   4m55s[K[?25h[?2026l[?2026h[?25l[A[1Gpulling manifest [K
pulling f5c702d8820d:  39% ▕██████            ▏  11 GB/ 28 GB   59 MB/s   4m55s[K[?25h[?2026l[?2026h[?25l[A[1Gpulling manifest [K
pulling f5c702d8820d:  39% ▕██████            ▏  11 GB/ 28 GB   59 MB/s   4m55s[K[?25h[?2026l[?2026h[?25l[A[1Gpulling manifest [K
pulling f5c702d8820d:  39% ▕██████            ▏  11 GB/ 28 GB   59 MB/s   4m55s[K[?25h[?2026l[?2026h[?25l[A[1Gpulling manifest [K
pulling f5c702d8820d:  39% ▕██████            ▏  11 GB/ 28 GB   59 MB/s   4m55s[K[?25h[?2026l[?2026h[?25l[A[1Gpulling manifest [K
pulling f5c702d8820d:  39% ▕██████            ▏  11 GB/ 28 GB   59 MB/s   4m55s[K[?25h[?2026l[?2026h[?25l[A[1Gpulling manifest [K
pulling f5c702d8820d:  39% ▕██████            ▏  11 GB/ 28 GB   59 MB/s   4m55s[K[?25h[?2026l[?2026h[?25l[A[1Gpulling manifest [K
pulling f5c702d8820d:  39% ▕███████           ▏  11 GB/ 28 GB   59 MB/s   4m55s[K[?25h[?2026l[?2026h[?25l[A[1Gpulling manifest [K
pulling f5c702d8820d:  39% ▕███████           ▏  11 GB/ 28 GB   59 MB/s   4m54s[K[?25h[?2026l[?2026h[?25l[A[1Gpulling manifest [K
pulling f5c702d8820d:  39% ▕███████           ▏  11 GB/ 28 GB   59 MB/s   4m54s[K[?25h[?2026l[?2026h[?25l[A[1Gpulling manifest [K
pulling f5c702d8820d:  39% ▕███████           ▏  11 GB/ 28 GB   58 MB/s   4m57s[K[?25h[?2026l[?2026h[?25l[A[1Gpulling manifest [K
pulling f5c702d8820d:  39% ▕███████           ▏  11 GB/ 28 GB   58 MB/s   4m57s[K[?25h[?2026l[?2026h[?25l[A[1Gpulling manifest [K
pulling f5c702d8820d:  39% ▕███████           ▏  11 GB/ 28 GB   58 MB/s   4m57s[K[?25h[?2026l[?2026h[?25l[A[1Gpulling manifest [K
pulling f5c702d8820d:  39% ▕███████           ▏  11 GB/ 28 GB   58 MB/s   4m56s[K[?25h[?2026l[?2026h[?25l[A[1Gpulling manifest [K
pulling f5c702d8820d:  39% ▕███████           ▏  11 GB/ 28 GB   58 MB/s   4m56s[K[?25h[?2026l[?2026h[?25l[A[1Gpulling manifest [K
pulling f5c702d8820d:  39% ▕███████           ▏  11 GB/ 28 GB   58 MB/s   4m56s[K[?25h[?2026l[?2026h[?25l[A[1Gpulling manifest [K
pulling f5c702d8820d:  39% ▕███████           ▏  11 GB/ 28 GB   58 MB/s   4m56s[K[?25h[?2026l[?2026h[?25l[A[1Gpulling manifest [K
pulling f5c702d8820d:  39% ▕███████           ▏  11 GB/ 28 GB   58 MB/s   4m56s[K[?25h[?2026l[?2026h[?25l[A[1Gpulling manifest [K
pulling f5c702d8820d:  39% ▕███████           ▏  11 GB/ 28 GB   58 MB/s   4m56s[K[?25h[?2026l[?2026h[?25l[A[1Gpulling manifest [K
pulling f5c702d8820d:  39% ▕███████           ▏  11 GB/ 28 GB   58 MB/s   4m56s[K[?25h[?2026l[?2026h[?25l[A[1Gpulling manifest [K
pulling f5c702d8820d:  39% ▕███████           ▏  11 GB/ 28 GB   58 MB/s   4m56s[K[?25h[?2026l[?2026h[?25l[A[1Gpulling manifest [K
pulling f5c702d8820d:  39% ▕███████           ▏  11 GB/ 28 GB   58 MB/s   4m56s[K[?25h[?2026l[?2026h[?25l[A[1Gpulling manifest [K
pulling f5c702d8820d:  39% ▕███████           ▏  11 GB/ 28 GB   58 MB/s   4m55s[K[?25h[?2026l[?2026h[?25l[A[1Gpulling manifest [K
pulling f5c702d8820d:  39% ▕███████           ▏  11 GB/ 28 GB   58 MB/s   4m55s[K[?25h[?2026l[?2026h[?25l[A[1Gpulling manifest [K
pulling f5c702d8820d:  39% ▕███████           ▏  11 GB/ 28 GB   58 MB/s   4m55s[K[?25h[?2026l[?2026h[?25l[A[1Gpulling manifest [K
pulling f5c702d8820d:  39% ▕███████           ▏  11 GB/ 28 GB   58 MB/s   4m55s[K[?25h[?2026l[?2026h[?25l[A[1Gpulling manifest [K
pulling f5c702d8820d:  39% ▕███████           ▏  11 GB/ 28 GB   58 MB/s   4m55s[K[?25h[?2026l[?2026h[?25l[A[1Gpulling manifest [K
pulling f5c702d8820d:  39% ▕███████           ▏  11 GB/ 28 GB   58 MB/s   4m55s[K[?25h[?2026l[?2026h[?25l[A[1Gpulling manifest [K
pulling f5c702d8820d:  39% ▕███████           ▏  11 GB/ 28 GB   58 MB/s   4m55s[K[?25h[?2026l[?2026h[?25l[A[1Gpulling manifest [K
pulling f5c702d8820d:  39% ▕███████           ▏  11 GB/ 28 GB   58 MB/s   4m55s[K[?25h[?2026l[?2026h[?25l[A[1Gpulling manifest [K
pulling f5c702d8820d:  39% ▕███████           ▏  11 GB/ 28 GB   58 MB/s   4m55s[K[?25h[?2026l[?2026h[?25l[A[1Gpulling manifest [K
pulling f5c702d8820d:  39% ▕███████           ▏  11 GB/ 28 GB   58 MB/s   4m55s[K[?25h[?2026l[?2026h[?25l[A[1Gpulling manifest [K
pulling f5c702d8820d:  39% ▕███████           ▏  11 GB/ 28 GB   58 MB/s   4m55s[K[?25h[?2026l[?2026h[?25l[A[1Gpulling manifest [K
pulling f5c702d8820d:  39% ▕███████           ▏  11 GB/ 28 GB   58 MB/s   4m54s[K[?25h[?2026l[?2026h[?25l[A[1Gpulling manifest [K
pulling f5c702d8820d:  39% ▕███████           ▏  11 GB/ 28 GB   58 MB/s   4m54s[K[?25h[?2026l[?2026h[?25l[A[1Gpulling manifest [K
pulling f5c702d8820d:  39% ▕███████           ▏  11 GB/ 28 GB   58 MB/s   4m54s[K[?25h[?2026l[?2026h[?25l[A[1Gpulling manifest [K
pulling f5c702d8820d:  39% ▕███████           ▏  11 GB/ 28 GB   58 MB/s   4m54s[K[?25h[?2026l[?2026h[?25l[A[1Gpulling manifest [K
pulling f5c702d8820d:  40% ▕███████           ▏  11 GB/ 28 GB   58 MB/s   4m54s[K[?25h[?2026l[?2026h[?25l[A[1Gpulling manifest [K
pulling f5c702d8820d:  40% ▕███████           ▏  11 GB/ 28 GB   58 MB/s   4m54s[K[?25h[?2026l[?2026h[?25l[A[1Gpulling manifest [K
pulling f5c702d8820d:  40% ▕███████           ▏  11 GB/ 28 GB   58 MB/s   4m54s[K[?25h[?2026l[?2026h[?25l[A[1Gpulling manifest [K
pulling f5c702d8820d:  40% ▕███████           ▏  11 GB/ 28 GB   58 MB/s   4m54s[K[?25h[?2026l[?2026h[?25l[A[1Gpulling manifest [K
pulling f5c702d8820d:  40% ▕███████           ▏  11 GB/ 28 GB   59 MB/s   4m51s[K[?25h[?2026l[?2026h[?25l[A[1Gpulling manifest [K
pulling f5c702d8820d:  40% ▕███████           ▏  11 GB/ 28 GB   59 MB/s   4m51s[K[?25h[?2026l[?2026h[?25l[A[1Gpulling manifest [K
pulling f5c702d8820d:  40% ▕███████           ▏  11 GB/ 28 GB   59 MB/s   4m51s[K[?25h[?2026l[?2026h[?25l[A[1Gpulling manifest [K
pulling f5c702d8820d:  40% ▕███████           ▏  11 GB/ 28 GB   59 MB/s   4m51s[K[?25h[?2026l[?2026h[?25l[A[1Gpulling manifest [K
pulling f5c702d8820d:  40% ▕███████           ▏  11 GB/ 28 GB   59 MB/s   4m51s[K[?25h[?2026l[?2026h[?25l[A[1Gpulling manifest [K
pulling f5c702d8820d:  40% ▕███████           ▏  11 GB/ 28 GB   59 MB/s   4m51s[K[?25h[?2026l[?2026h[?25l[A[1Gpulling manifest [K
pulling f5c702d8820d:  40% ▕███████           ▏  11 GB/ 28 GB   59 MB/s   4m51s[K[?25h[?2026l[?2026h[?25l[A[1Gpulling manifest [K
pulling f5c702d8820d:  40% ▕███████           ▏  11 GB/ 28 GB   59 MB/s   4m50s[K[?25h[?2026l[?2026h[?25l[A[1Gpulling manifest [K
pulling f5c702d8820d:  40% ▕███████           ▏  11 GB/ 28 GB   59 MB/s   4m50s[K[?25h[?2026l[?2026h[?25l[A[1Gpulling manifest [K
pulling f5c702d8820d:  40% ▕███████           ▏  11 GB/ 28 GB   59 MB/s   4m50s[K[?25h[?2026l[?2026h[?25l[A[1Gpulling manifest [K
pulling f5c702d8820d:  40% ▕███████           ▏  11 GB/ 28 GB   59 MB/s   4m50s[K[?25h[?2026l[?2026h[?25l[A[1Gpulling manifest [K
pulling f5c702d8820d:  40% ▕███████           ▏  11 GB/ 28 GB   59 MB/s   4m50s[K[?25h[?2026l[?2026h[?25l[A[1Gpulling manifest [K
pulling f5c702d8820d:  40% ▕███████           ▏  11 GB/ 28 GB   59 MB/s   4m50s[K[?25h[?2026l[?2026h[?25l[A[1Gpulling manifest [K
pulling f5c702d8820d:  40% ▕███████           ▏  11 GB/ 28 GB   59 MB/s   4m50s[K[?25h[?2026l[?2026h[?25l[A[1Gpulling manifest [K
pulling f5c702d8820d:  40% ▕███████           ▏  11 GB/ 28 GB   59 MB/s   4m50s[K[?25h[?2026l[?2026h[?25l[A[1Gpulling manifest [K
pulling f5c702d8820d:  40% ▕███████           ▏  11 GB/ 28 GB   59 MB/s   4m49s[K[?25h[?2026l[?2026h[?25l[A[1Gpulling manifest [K
pulling f5c702d8820d:  40% ▕███████           ▏  11 GB/ 28 GB   59 MB/s   4m49s[K[?25h[?2026l[?2026h[?25l[A[1Gpulling manifest [K
pulling f5c702d8820d:  40% ▕███████           ▏  11 GB/ 28 GB   59 MB/s   4m49s[K[?25h[?2026l[?2026h[?25l[A[1Gpulling manifest [K
pulling f5c702d8820d:  40% ▕███████           ▏  11 GB/ 28 GB   59 MB/s   4m49s[K[?25h[?2026l[?2026h[?25l[A[1Gpulling manifest [K
pulling f5c702d8820d:  40% ▕███████           ▏  11 GB/ 28 GB   59 MB/s   4m49s[K[?25h[?2026l[?2026h[?25l[A[1Gpulling manifest [K
pulling f5c702d8820d:  40% ▕███████           ▏  11 GB/ 28 GB   59 MB/s   4m49s[K[?25h[?2026l[?2026h[?25l[A[1Gpulling manifest [K
pulling f5c702d8820d:  40% ▕███████           ▏  11 GB/ 28 GB   59 MB/s   4m49s[K[?25h[?2026l[?2026h[?25l[A[1Gpulling manifest [K
pulling f5c702d8820d:  40% ▕███████           ▏  11 GB/ 28 GB   59 MB/s   4m49s[K[?25h[?2026l[?2026h[?25l[A[1Gpulling manifest [K
pulling f5c702d8820d:  40% ▕███████           ▏  11 GB/ 28 GB   59 MB/s   4m49s[K[?25h[?2026l[?2026h[?25l[A[1Gpulling manifest [K
pulling f5c702d8820d:  40% ▕███████           ▏  11 GB/ 28 GB   59 MB/s   4m48s[K[?25h[?2026l[?2026h[?25l[A[1Gpulling manifest [K
pulling f5c702d8820d:  40% ▕███████           ▏  11 GB/ 28 GB   59 MB/s   4m48s[K[?25h[?2026l[?2026h[?25l[A[1Gpulling manifest [K
pulling f5c702d8820d:  40% ▕███████           ▏  11 GB/ 28 GB   59 MB/s   4m48s[K[?25h[?2026l[?2026h[?25l[A[1Gpulling manifest [K
pulling f5c702d8820d:  40% ▕███████           ▏  11 GB/ 28 GB   59 MB/s   4m48s[K[?25h[?2026l[?2026h[?25l[A[1Gpulling manifest [K
pulling f5c702d8820d:  40% ▕███████           ▏  11 GB/ 28 GB   59 MB/s   4m48s[K[?25h[?2026l[?2026h[?25l[A[1Gpulling manifest [K
pulling f5c702d8820d:  40% ▕███████           ▏  11 GB/ 28 GB   59 MB/s   4m48s[K[?25h[?2026l[?2026h[?25l[A[1Gpulling manifest [K
pulling f5c702d8820d:  40% ▕███████           ▏  11 GB/ 28 GB   59 MB/s   4m48s[K[?25h[?2026l[?2026h[?25l[A[1Gpulling manifest [K
pulling f5c702d8820d:  40% ▕███████           ▏  11 GB/ 28 GB   59 MB/s   4m48s[K[?25h[?2026l[?2026h[?25l[A[1Gpulling manifest [K
pulling f5c702d8820d:  40% ▕███████           ▏  11 GB/ 28 GB   59 MB/s   4m48s[K[?25h[?2026l[?2026h[?25l[A[1Gpulling manifest [K
pulling f5c702d8820d:  40% ▕███████           ▏  11 GB/ 28 GB   59 MB/s   4m48s[K[?25h[?2026l[?2026h[?25l[A[1Gpulling manifest [K
pulling f5c702d8820d:  40% ▕███████           ▏  11 GB/ 28 GB   59 MB/s   4m48s[K[?25h[?2026l[?2026h[?25l[A[1Gpulling manifest [K
pulling f5c702d8820d:  40% ▕███████           ▏  11 GB/ 28 GB   59 MB/s   4m48s[K[?25h[?2026l[?2026h[?25l[A[1Gpulling manifest [K
pulling f5c702d8820d:  40% ▕███████           ▏  11 GB/ 28 GB   59 MB/s   4m48s[K[?25h[?2026l[?2026h[?25l[A[1Gpulling manifest [K
pulling f5c702d8820d:  40% ▕███████           ▏  11 GB/ 28 GB   59 MB/s   4m47s[K[?25h[?2026l[?2026h[?25l[A[1Gpulling manifest [K
pulling f5c702d8820d:  40% ▕███████           ▏  11 GB/ 28 GB   59 MB/s   4m47s[K[?25h[?2026l[?2026h[?25l[A[1Gpulling manifest [K
pulling f5c702d8820d:  40% ▕███████           ▏  11 GB/ 28 GB   59 MB/s   4m47s[K[?25h[?2026l[?2026h[?25l[A[1Gpulling manifest [K
pulling f5c702d8820d:  40% ▕███████           ▏  11 GB/ 28 GB   59 MB/s   4m47s[K[?25h[?2026l[?2026h[?25l[A[1Gpulling manifest [K
pulling f5c702d8820d:  40% ▕███████           ▏  11 GB/ 28 GB   58 MB/s   4m50s[K[?25h[?2026l[?2026h[?25l[A[1Gpulling manifest [K
pulling f5c702d8820d:  40% ▕███████           ▏  11 GB/ 28 GB   58 MB/s   4m50s[K[?25h[?2026l[?2026h[?25l[A[1Gpulling manifest [K
pulling f5c702d8820d:  40% ▕███████           ▏  11 GB/ 28 GB   58 MB/s   4m50s[K[?25h[?2026l[?2026h[?25l[A[1Gpulling manifest [K
pulling f5c702d8820d:  41% ▕███████           ▏  11 GB/ 28 GB   58 MB/s   4m50s[K[?25h[?2026l[?2026h[?25l[A[1Gpulling manifest [K
pulling f5c702d8820d:  41% ▕███████           ▏  11 GB/ 28 GB   58 MB/s   4m49s[K[?25h[?2026l[?2026h[?25l[A[1Gpulling manifest [K
pulling f5c702d8820d:  41% ▕███████           ▏  11 GB/ 28 GB   58 MB/s   4m49s[K[?25h[?2026l[?2026h[?25l[A[1Gpulling manifest [K
pulling f5c702d8820d:  41% ▕███████           ▏  11 GB/ 28 GB   58 MB/s   4m49s[K[?25h[?2026l[?2026h[?25l[A[1Gpulling manifest [K
pulling f5c702d8820d:  41% ▕███████           ▏  11 GB/ 28 GB   58 MB/s   4m49s[K[?25h[?2026l[?2026h[?25l[A[1Gpulling manifest [K
pulling f5c702d8820d:  41% ▕███████           ▏  11 GB/ 28 GB   58 MB/s   4m49s[K[?25h[?2026l[?2026h[?25l[A[1Gpulling manifest [K
pulling f5c702d8820d:  41% ▕███████           ▏  11 GB/ 28 GB   58 MB/s   4m49s[K[?25h[?2026l[?2026h[?25l[A[1Gpulling manifest [K
pulling f5c702d8820d:  41% ▕███████           ▏  11 GB/ 28 GB   60 MB/s   4m42s[K[?25h[?2026l[?2026h[?25l[A[1Gpulling manifest [K
pulling f5c702d8820d:  41% ▕███████           ▏  11 GB/ 28 GB   60 MB/s   4m42s[K[?25h[?2026l[?2026h[?25l[A[1Gpulling manifest [K
pulling f5c702d8820d:  41% ▕███████           ▏  11 GB/ 28 GB   60 MB/s   4m42s[K[?25h[?2026l[?2026h[?25l[A[1Gpulling manifest [K
pulling f5c702d8820d:  41% ▕███████           ▏  11 GB/ 28 GB   60 MB/s   4m42s[K[?25h[?2026l[?2026h[?25l[A[1Gpulling manifest [K
pulling f5c702d8820d:  41% ▕███████           ▏  11 GB/ 28 GB   60 MB/s   4m42s[K[?25h[?2026l[?2026h[?25l[A[1Gpulling manifest [K
pulling f5c702d8820d:  41% ▕███████           ▏  11 GB/ 28 GB   60 MB/s   4m41s[K[?25h[?2026l[?2026h[?25l[A[1Gpulling manifest [K
pulling f5c702d8820d:  41% ▕███████           ▏  11 GB/ 28 GB   60 MB/s   4m41s[K[?25h[?2026l[?2026h[?25l[A[1Gpulling manifest [K
pulling f5c702d8820d:  41% ▕███████           ▏  11 GB/ 28 GB   60 MB/s   4m41s[K[?25h[?2026l[?2026h[?25l[A[1Gpulling manifest [K
pulling f5c702d8820d:  41% ▕███████           ▏  11 GB/ 28 GB   60 MB/s   4m41s[K[?25h[?2026l[?2026h[?25l[A[1Gpulling manifest [K
pulling f5c702d8820d:  41% ▕███████           ▏  11 GB/ 28 GB   60 MB/s   4m41s[K[?25h[?2026l[?2026h[?25l[A[1Gpulling manifest [K
pulling f5c702d8820d:  41% ▕███████           ▏  11 GB/ 28 GB   60 MB/s   4m41s[K[?25h[?2026l[?2026h[?25l[A[1Gpulling manifest [K
pulling f5c702d8820d:  41% ▕███████           ▏  11 GB/ 28 GB   60 MB/s   4m41s[K[?25h[?2026l[?2026h[?25l[A[1Gpulling manifest [K
pulling f5c702d8820d:  41% ▕███████           ▏  11 GB/ 28 GB   60 MB/s   4m41s[K[?25h[?2026l[?2026h[?25l[A[1Gpulling manifest [K
pulling f5c702d8820d:  41% ▕███████           ▏  11 GB/ 28 GB   60 MB/s   4m41s[K[?25h[?2026l[?2026h[?25l[A[1Gpulling manifest [K
pulling f5c702d8820d:  41% ▕███████           ▏  11 GB/ 28 GB   60 MB/s   4m41s[K[?25h[?2026l[?2026h[?25l[A[1Gpulling manifest [K
pulling f5c702d8820d:  41% ▕███████           ▏  11 GB/ 28 GB   60 MB/s   4m41s[K[?25h[?2026l[?2026h[?25l[A[1Gpulling manifest [K
pulling f5c702d8820d:  41% ▕███████           ▏  11 GB/ 28 GB   60 MB/s   4m41s[K[?25h[?2026l[?2026h[?25l[A[1Gpulling manifest [K
pulling f5c702d8820d:  41% ▕███████           ▏  11 GB/ 28 GB   60 MB/s   4m41s[K[?25h[?2026l[?2026h[?25l[A[1Gpulling manifest [K
pulling f5c702d8820d:  41% ▕███████           ▏  11 GB/ 28 GB   60 MB/s   4m40s[K[?25h[?2026l[?2026h[?25l[A[1Gpulling manifest [K
pulling f5c702d8820d:  41% ▕███████           ▏  11 GB/ 28 GB   60 MB/s   4m40s[K[?25h[?2026l[?2026h[?25l[A[1Gpulling manifest [K
pulling f5c702d8820d:  41% ▕███████           ▏  11 GB/ 28 GB   60 MB/s   4m40s[K[?25h[?2026l[?2026h[?25l[A[1Gpulling manifest [K
pulling f5c702d8820d:  41% ▕███████           ▏  11 GB/ 28 GB   60 MB/s   4m40s[K[?25h[?2026l[?2026h[?25l[A[1Gpulling manifest [K
pulling f5c702d8820d:  41% ▕███████           ▏  11 GB/ 28 GB   60 MB/s   4m40s[K[?25h[?2026l[?2026h[?25l[A[1Gpulling manifest [K
pulling f5c702d8820d:  41% ▕███████           ▏  11 GB/ 28 GB   60 MB/s   4m40s[K[?25h[?2026l[?2026h[?25l[A[1Gpulling manifest [K
pulling f5c702d8820d:  41% ▕███████           ▏  11 GB/ 28 GB   60 MB/s   4m40s[K[?25h[?2026l[?2026h[?25l[A[1Gpulling manifest [K
pulling f5c702d8820d:  41% ▕███████           ▏  11 GB/ 28 GB   60 MB/s   4m40s[K[?25h[?2026l[?2026h[?25l[A[1Gpulling manifest [K
pulling f5c702d8820d:  41% ▕███████           ▏  11 GB/ 28 GB   60 MB/s   4m40s[K[?25h[?2026l[?2026h[?25l[A[1Gpulling manifest [K
pulling f5c702d8820d:  41% ▕███████           ▏  11 GB/ 28 GB   60 MB/s   4m40s[K[?25h[?2026l[?2026h[?25l[A[1Gpulling manifest [K
pulling f5c702d8820d:  41% ▕███████           ▏  11 GB/ 28 GB   60 MB/s   4m40s[K[?25h[?2026l[?2026h[?25l[A[1Gpulling manifest [K
pulling f5c702d8820d:  41% ▕███████           ▏  11 GB/ 28 GB   60 MB/s   4m39s[K[?25h[?2026l[?2026h[?25l[A[1Gpulling manifest [K
pulling f5c702d8820d:  41% ▕███████           ▏  11 GB/ 28 GB   60 MB/s   4m39s[K[?25h[?2026l[?2026h[?25l[A[1Gpulling manifest [K
pulling f5c702d8820d:  41% ▕███████           ▏  11 GB/ 28 GB   60 MB/s   4m39s[K[?25h[?2026l[?2026h[?25l[A[1Gpulling manifest [K
pulling f5c702d8820d:  41% ▕███████           ▏  11 GB/ 28 GB   60 MB/s   4m39s[K[?25h[?2026l[?2026h[?25l[A[1Gpulling manifest [K
pulling f5c702d8820d:  41% ▕███████           ▏  11 GB/ 28 GB   60 MB/s   4m39s[K[?25h[?2026l[?2026h[?25l[A[1Gpulling manifest [K
pulling f5c702d8820d:  41% ▕███████           ▏  11 GB/ 28 GB   60 MB/s   4m39s[K[?25h[?2026l[?2026h[?25l[A[1Gpulling manifest [K
pulling f5c702d8820d:  41% ▕███████           ▏  11 GB/ 28 GB   60 MB/s   4m38s[K[?25h[?2026l[?2026h[?25l[A[1Gpulling manifest [K
pulling f5c702d8820d:  41% ▕███████           ▏  11 GB/ 28 GB   60 MB/s   4m38s[K[?25h[?2026l[?2026h[?25l[A[1Gpulling manifest [K
pulling f5c702d8820d:  41% ▕███████           ▏  11 GB/ 28 GB   60 MB/s   4m38s[K[?25h[?2026l[?2026h[?25l[A[1Gpulling manifest [K
pulling f5c702d8820d:  41% ▕███████           ▏  11 GB/ 28 GB   60 MB/s   4m38s[K[?25h[?2026l[?2026h[?25l[A[1Gpulling manifest [K
pulling f5c702d8820d:  41% ▕███████           ▏  11 GB/ 28 GB   60 MB/s   4m38s[K[?25h[?2026l[?2026h[?25l[A[1Gpulling manifest [K
pulling f5c702d8820d:  41% ▕███████           ▏  11 GB/ 28 GB   60 MB/s   4m38s[K[?25h[?2026l[?2026h[?25l[A[1Gpulling manifest [K
pulling f5c702d8820d:  42% ▕███████           ▏  11 GB/ 28 GB   60 MB/s   4m38s[K[?25h[?2026l[?2026h[?25l[A[1Gpulling manifest [K
pulling f5c702d8820d:  42% ▕███████           ▏  11 GB/ 28 GB   60 MB/s   4m38s[K[?25h[?2026l[?2026h[?25l[A[1Gpulling manifest [K
pulling f5c702d8820d:  42% ▕███████           ▏  11 GB/ 28 GB   60 MB/s   4m38s[K[?25h[?2026l[?2026h[?25l[A[1Gpulling manifest [K
pulling f5c702d8820d:  42% ▕███████           ▏  11 GB/ 28 GB   60 MB/s   4m38s[K[?25h[?2026l[?2026h[?25l[A[1Gpulling manifest [K
pulling f5c702d8820d:  42% ▕███████           ▏  11 GB/ 28 GB   60 MB/s   4m38s[K[?25h[?2026l[?2026h[?25l[A[1Gpulling manifest [K
pulling f5c702d8820d:  42% ▕███████           ▏  11 GB/ 28 GB   60 MB/s   4m38s[K[?25h[?2026l[?2026h[?25l[A[1Gpulling manifest [K
pulling f5c702d8820d:  42% ▕███████           ▏  11 GB/ 28 GB   60 MB/s   4m38s[K[?25h[?2026l[?2026h[?25l[A[1Gpulling manifest [K
pulling f5c702d8820d:  42% ▕███████           ▏  11 GB/ 28 GB   60 MB/s   4m37s[K[?25h[?2026l[?2026h[?25l[A[1Gpulling manifest [K
pulling f5c702d8820d:  42% ▕███████           ▏  11 GB/ 28 GB   60 MB/s   4m37s[K[?25h[?2026l[?2026h[?25l[A[1Gpulling manifest [K
pulling f5c702d8820d:  42% ▕███████           ▏  11 GB/ 28 GB   60 MB/s   4m37s[K[?25h[?2026l[?2026h[?25l[A[1Gpulling manifest [K
pulling f5c702d8820d:  42% ▕███████           ▏  11 GB/ 28 GB   58 MB/s   4m46s[K[?25h[?2026l[?2026h[?25l[A[1Gpulling manifest [K
pulling f5c702d8820d:  42% ▕███████           ▏  11 GB/ 28 GB   58 MB/s   4m46s[K[?25h[?2026l[?2026h[?25l[A[1Gpulling manifest [K
pulling f5c702d8820d:  42% ▕███████           ▏  11 GB/ 28 GB   58 MB/s   4m46s[K[?25h[?2026l[?2026h[?25l[A[1Gpulling manifest [K
pulling f5c702d8820d:  42% ▕███████           ▏  11 GB/ 28 GB   58 MB/s   4m46s[K[?25h[?2026l[?2026h[?25l[A[1Gpulling manifest [K
pulling f5c702d8820d:  42% ▕███████           ▏  11 GB/ 28 GB   58 MB/s   4m46s[K[?25h[?2026l[?2026h[?25l[A[1Gpulling manifest [K
pulling f5c702d8820d:  42% ▕███████           ▏  11 GB/ 28 GB   58 MB/s   4m46s[K[?25h[?2026l[?2026h[?25l[A[1Gpulling manifest [K
pulling f5c702d8820d:  42% ▕███████           ▏  11 GB/ 28 GB   58 MB/s   4m46s[K[?25h[?2026l[?2026h[?25l[A[1Gpulling manifest [K
pulling f5c702d8820d:  42% ▕███████           ▏  11 GB/ 28 GB   58 MB/s   4m45s[K[?25h[?2026l[?2026h[?25l[A[1Gpulling manifest [K
pulling f5c702d8820d:  42% ▕███████           ▏  11 GB/ 28 GB   58 MB/s   4m45s[K[?25h[?2026l[?2026h[?25l[A[1Gpulling manifest [K
pulling f5c702d8820d:  42% ▕███████           ▏  11 GB/ 28 GB   58 MB/s   4m45s[K[?25h[?2026l[?2026h[?25l[A[1Gpulling manifest [K
pulling f5c702d8820d:  42% ▕███████           ▏  11 GB/ 28 GB   58 MB/s   4m45s[K[?25h[?2026l[?2026h[?25l[A[1Gpulling manifest [K
pulling f5c702d8820d:  42% ▕███████           ▏  11 GB/ 28 GB   58 MB/s   4m45s[K[?25h[?2026l[?2026h[?25l[A[1Gpulling manifest [K
pulling f5c702d8820d:  42% ▕███████           ▏  11 GB/ 28 GB   58 MB/s   4m45s[K[?25h[?2026l[?2026h[?25l[A[1Gpulling manifest [K
pulling f5c702d8820d:  42% ▕███████           ▏  11 GB/ 28 GB   58 MB/s   4m45s[K[?25h[?2026l[?2026h[?25l[A[1Gpulling manifest [K
pulling f5c702d8820d:  42% ▕███████           ▏  11 GB/ 28 GB   58 MB/s   4m45s[K[?25h[?2026l[?2026h[?25l[A[1Gpulling manifest [K
pulling f5c702d8820d:  42% ▕███████           ▏  12 GB/ 28 GB   58 MB/s   4m45s[K[?25h[?2026l[?2026h[?25l[A[1Gpulling manifest [K
pulling f5c702d8820d:  42% ▕███████           ▏  12 GB/ 28 GB   58 MB/s   4m45s[K[?25h[?2026l[?2026h[?25l[A[1Gpulling manifest [K
pulling f5c702d8820d:  42% ▕███████           ▏  12 GB/ 28 GB   58 MB/s   4m45s[K[?25h[?2026l[?2026h[?25l[A[1Gpulling manifest [K
pulling f5c702d8820d:  42% ▕███████           ▏  12 GB/ 28 GB   58 MB/s   4m44s[K[?25h[?2026l[?2026h[?25l[A[1Gpulling manifest [K
pulling f5c702d8820d:  42% ▕███████           ▏  12 GB/ 28 GB   58 MB/s   4m44s[K[?25h[?2026l[?2026h[?25l[A[1Gpulling manifest [K
pulling f5c702d8820d:  42% ▕███████           ▏  12 GB/ 28 GB   58 MB/s   4m44s[K[?25h[?2026l[?2026h[?25l[A[1Gpulling manifest [K
pulling f5c702d8820d:  42% ▕███████           ▏  12 GB/ 28 GB   58 MB/s   4m44s[K[?25h[?2026l[?2026h[?25l[A[1Gpulling manifest [K
pulling f5c702d8820d:  42% ▕███████           ▏  12 GB/ 28 GB   58 MB/s   4m44s[K[?25h[?2026l[?2026h[?25l[A[1Gpulling manifest [K
pulling f5c702d8820d:  42% ▕███████           ▏  12 GB/ 28 GB   58 MB/s   4m44s[K[?25h[?2026l[?2026h[?25l[A[1Gpulling manifest [K
pulling f5c702d8820d:  42% ▕███████           ▏  12 GB/ 28 GB   58 MB/s   4m44s[K[?25h[?2026l[?2026h[?25l[A[1Gpulling manifest [K
pulling f5c702d8820d:  42% ▕███████           ▏  12 GB/ 28 GB   58 MB/s   4m44s[K[?25h[?2026l[?2026h[?25l[A[1Gpulling manifest [K
pulling f5c702d8820d:  42% ▕███████           ▏  12 GB/ 28 GB   58 MB/s   4m44s[K[?25h[?2026l[?2026h[?25l[A[1Gpulling manifest [K
pulling f5c702d8820d:  42% ▕███████           ▏  12 GB/ 28 GB   58 MB/s   4m43s[K[?25h[?2026l[?2026h[?25l[A[1Gpulling manifest [K
pulling f5c702d8820d:  42% ▕███████           ▏  12 GB/ 28 GB   58 MB/s   4m43s[K[?25h[?2026l[?2026h[?25l[A[1Gpulling manifest [K
pulling f5c702d8820d:  42% ▕███████           ▏  12 GB/ 28 GB   58 MB/s   4m43s[K[?25h[?2026l[?2026h[?25l[A[1Gpulling manifest [K
pulling f5c702d8820d:  42% ▕███████           ▏  12 GB/ 28 GB   58 MB/s   4m41s[K[?25h[?2026l[?2026h[?25l[A[1Gpulling manifest [K
pulling f5c702d8820d:  42% ▕███████           ▏  12 GB/ 28 GB   58 MB/s   4m41s[K[?25h[?2026l[?2026h[?25l[A[1Gpulling manifest [K
pulling f5c702d8820d:  42% ▕███████           ▏  12 GB/ 28 GB   58 MB/s   4m40s[K[?25h[?2026l[?2026h[?25l[A[1Gpulling manifest [K
pulling f5c702d8820d:  42% ▕███████           ▏  12 GB/ 28 GB   58 MB/s   4m40s[K[?25h[?2026l[?2026h[?25l[A[1Gpulling manifest [K
pulling f5c702d8820d:  42% ▕███████           ▏  12 GB/ 28 GB   58 MB/s   4m40s[K[?25h[?2026l[?2026h[?25l[A[1Gpulling manifest [K
pulling f5c702d8820d:  42% ▕███████           ▏  12 GB/ 28 GB   58 MB/s   4m40s[K[?25h[?2026l[?2026h[?25l[A[1Gpulling manifest [K
pulling f5c702d8820d:  42% ▕███████           ▏  12 GB/ 28 GB   58 MB/s   4m40s[K[?25h[?2026l[?2026h[?25l[A[1Gpulling manifest [K
pulling f5c702d8820d:  42% ▕███████           ▏  12 GB/ 28 GB   58 MB/s   4m40s[K[?25h[?2026l[?2026h[?25l[A[1Gpulling manifest [K
pulling f5c702d8820d:  42% ▕███████           ▏  12 GB/ 28 GB   58 MB/s   4m40s[K[?25h[?2026l[?2026h[?25l[A[1Gpulling manifest [K
pulling f5c702d8820d:  42% ▕███████           ▏  12 GB/ 28 GB   58 MB/s   4m40s[K[?25h[?2026l[?2026h[?25l[A[1Gpulling manifest [K
pulling f5c702d8820d:  42% ▕███████           ▏  12 GB/ 28 GB   58 MB/s   4m40s[K[?25h[?2026l[?2026h[?25l[A[1Gpulling manifest [K
pulling f5c702d8820d:  43% ▕███████           ▏  12 GB/ 28 GB   58 MB/s   4m40s[K[?25h[?2026l[?2026h[?25l[A[1Gpulling manifest [K
pulling f5c702d8820d:  43% ▕███████           ▏  12 GB/ 28 GB   58 MB/s   4m39s[K[?25h[?2026l[?2026h[?25l[A[1Gpulling manifest [K
pulling f5c702d8820d:  43% ▕███████           ▏  12 GB/ 28 GB   58 MB/s   4m39s[K[?25h[?2026l[?2026h[?25l[A[1Gpulling manifest [K
pulling f5c702d8820d:  43% ▕███████           ▏  12 GB/ 28 GB   58 MB/s   4m39s[K[?25h[?2026l[?2026h[?25l[A[1Gpulling manifest [K
pulling f5c702d8820d:  43% ▕███████           ▏  12 GB/ 28 GB   58 MB/s   4m39s[K[?25h[?2026l[?2026h[?25l[A[1Gpulling manifest [K
pulling f5c702d8820d:  43% ▕███████           ▏  12 GB/ 28 GB   58 MB/s   4m39s[K[?25h[?2026l[?2026h[?25l[A[1Gpulling manifest [K
pulling f5c702d8820d:  43% ▕███████           ▏  12 GB/ 28 GB   58 MB/s   4m39s[K[?25h[?2026l[?2026h[?25l[A[1Gpulling manifest [K
pulling f5c702d8820d:  43% ▕███████           ▏  12 GB/ 28 GB   58 MB/s   4m39s[K[?25h[?2026l[?2026h[?25l[A[1Gpulling manifest [K
pulling f5c702d8820d:  43% ▕███████           ▏  12 GB/ 28 GB   58 MB/s   4m39s[K[?25h[?2026l[?2026h[?25l[A[1Gpulling manifest [K
pulling f5c702d8820d:  43% ▕███████           ▏  12 GB/ 28 GB   58 MB/s   4m39s[K[?25h[?2026l[?2026h[?25l[A[1Gpulling manifest [K
pulling f5c702d8820d:  43% ▕███████           ▏  12 GB/ 28 GB   59 MB/s   4m36s[K[?25h[?2026l[?2026h[?25l[A[1Gpulling manifest [K
pulling f5c702d8820d:  43% ▕███████           ▏  12 GB/ 28 GB   59 MB/s   4m36s[K[?25h[?2026l[?2026h[?25l[A[1Gpulling manifest [K
pulling f5c702d8820d:  43% ▕███████           ▏  12 GB/ 28 GB   59 MB/s   4m36s[K[?25h[?2026l[?2026h[?25l[A[1Gpulling manifest [K
pulling f5c702d8820d:  43% ▕███████           ▏  12 GB/ 28 GB   59 MB/s   4m36s[K[?25h[?2026l[?2026h[?25l[A[1Gpulling manifest [K
pulling f5c702d8820d:  43% ▕███████           ▏  12 GB/ 28 GB   59 MB/s   4m36s[K[?25h[?2026l[?2026h[?25l[A[1Gpulling manifest [K
pulling f5c702d8820d:  43% ▕███████           ▏  12 GB/ 28 GB   59 MB/s   4m36s[K[?25h[?2026l[?2026h[?25l[A[1Gpulling manifest [K
pulling f5c702d8820d:  43% ▕███████           ▏  12 GB/ 28 GB   59 MB/s   4m36s[K[?25h[?2026l[?2026h[?25l[A[1Gpulling manifest [K
pulling f5c702d8820d:  43% ▕███████           ▏  12 GB/ 28 GB   59 MB/s   4m36s[K[?25h[?2026l[?2026h[?25l[A[1Gpulling manifest [K
pulling f5c702d8820d:  43% ▕███████           ▏  12 GB/ 28 GB   59 MB/s   4m35s[K[?25h[?2026l[?2026h[?25l[A[1Gpulling manifest [K
pulling f5c702d8820d:  43% ▕███████           ▏  12 GB/ 28 GB   59 MB/s   4m35s[K[?25h[?2026l[?2026h[?25l[A[1Gpulling manifest [K
pulling f5c702d8820d:  43% ▕███████           ▏  12 GB/ 28 GB   59 MB/s   4m35s[K[?25h[?2026l[?2026h[?25l[A[1Gpulling manifest [K
pulling f5c702d8820d:  43% ▕███████           ▏  12 GB/ 28 GB   59 MB/s   4m35s[K[?25h[?2026l[?2026h[?25l[A[1Gpulling manifest [K
pulling f5c702d8820d:  43% ▕███████           ▏  12 GB/ 28 GB   59 MB/s   4m35s[K[?25h[?2026l[?2026h[?25l[A[1Gpulling manifest [K
pulling f5c702d8820d:  43% ▕███████           ▏  12 GB/ 28 GB   59 MB/s   4m35s[K[?25h[?2026l[?2026h[?25l[A[1Gpulling manifest [K
pulling f5c702d8820d:  43% ▕███████           ▏  12 GB/ 28 GB   59 MB/s   4m35s[K[?25h[?2026l[?2026h[?25l[A[1Gpulling manifest [K
pulling f5c702d8820d:  43% ▕███████           ▏  12 GB/ 28 GB   59 MB/s   4m35s[K[?25h[?2026l[?2026h[?25l[A[1Gpulling manifest [K
pulling f5c702d8820d:  43% ▕███████           ▏  12 GB/ 28 GB   59 MB/s   4m35s[K[?25h[?2026l[?2026h[?25l[A[1Gpulling manifest [K
pulling f5c702d8820d:  43% ▕███████           ▏  12 GB/ 28 GB   59 MB/s   4m35s[K[?25h[?2026l[?2026h[?25l[A[1Gpulling manifest [K
pulling f5c702d8820d:  43% ▕███████           ▏  12 GB/ 28 GB   59 MB/s   4m34s[K[?25h[?2026l[?2026h[?25l[A[1Gpulling manifest [K
pulling f5c702d8820d:  43% ▕███████           ▏  12 GB/ 28 GB   59 MB/s   4m34s[K[?25h[?2026l[?2026h[?25l[A[1Gpulling manifest [K
pulling f5c702d8820d:  43% ▕███████           ▏  12 GB/ 28 GB   59 MB/s   4m34s[K[?25h[?2026l[?2026h[?25l[A[1Gpulling manifest [K
pulling f5c702d8820d:  43% ▕███████           ▏  12 GB/ 28 GB   59 MB/s   4m34s[K[?25h[?2026l[?2026h[?25l[A[1Gpulling manifest [K
pulling f5c702d8820d:  43% ▕███████           ▏  12 GB/ 28 GB   59 MB/s   4m34s[K[?25h[?2026l[?2026h[?25l[A[1Gpulling manifest [K
pulling f5c702d8820d:  43% ▕███████           ▏  12 GB/ 28 GB   59 MB/s   4m34s[K[?25h[?2026l[?2026h[?25l[A[1Gpulling manifest [K
pulling f5c702d8820d:  43% ▕███████           ▏  12 GB/ 28 GB   59 MB/s   4m34s[K[?25h[?2026l[?2026h[?25l[A[1Gpulling manifest [K
pulling f5c702d8820d:  43% ▕███████           ▏  12 GB/ 28 GB   59 MB/s   4m34s[K[?25h[?2026l[?2026h[?25l[A[1Gpulling manifest [K
pulling f5c702d8820d:  43% ▕███████           ▏  12 GB/ 28 GB   59 MB/s   4m34s[K[?25h[?2026l[?2026h[?25l[A[1Gpulling manifest [K
pulling f5c702d8820d:  43% ▕███████           ▏  12 GB/ 28 GB   59 MB/s   4m34s[K[?25h[?2026l[?2026h[?25l[A[1Gpulling manifest [K
pulling f5c702d8820d:  43% ▕███████           ▏  12 GB/ 28 GB   59 MB/s   4m34s[K[?25h[?2026l[?2026h[?25l[A[1Gpulling manifest [K
pulling f5c702d8820d:  43% ▕███████           ▏  12 GB/ 28 GB   59 MB/s   4m33s[K[?25h[?2026l[?2026h[?25l[A[1Gpulling manifest [K
pulling f5c702d8820d:  43% ▕███████           ▏  12 GB/ 28 GB   59 MB/s   4m33s[K[?25h[?2026l[?2026h[?25l[A[1Gpulling manifest [K
pulling f5c702d8820d:  43% ▕███████           ▏  12 GB/ 28 GB   59 MB/s   4m33s[K[?25h[?2026l[?2026h[?25l[A[1Gpulling manifest [K
pulling f5c702d8820d:  43% ▕███████           ▏  12 GB/ 28 GB   59 MB/s   4m33s[K[?25h[?2026l[?2026h[?25l[A[1Gpulling manifest [K
pulling f5c702d8820d:  43% ▕███████           ▏  12 GB/ 28 GB   59 MB/s   4m33s[K[?25h[?2026l[?2026h[?25l[A[1Gpulling manifest [K
pulling f5c702d8820d:  43% ▕███████           ▏  12 GB/ 28 GB   59 MB/s   4m33s[K[?25h[?2026l[?2026h[?25l[A[1Gpulling manifest [K
pulling f5c702d8820d:  43% ▕███████           ▏  12 GB/ 28 GB   59 MB/s   4m33s[K[?25h[?2026l[?2026h[?25l[A[1Gpulling manifest [K
pulling f5c702d8820d:  43% ▕███████           ▏  12 GB/ 28 GB   59 MB/s   4m33s[K[?25h[?2026l[?2026h[?25l[A[1Gpulling manifest [K
pulling f5c702d8820d:  43% ▕███████           ▏  12 GB/ 28 GB   59 MB/s   4m33s[K[?25h[?2026l[?2026h[?25l[A[1Gpulling manifest [K
pulling f5c702d8820d:  44% ▕███████           ▏  12 GB/ 28 GB   59 MB/s   4m33s[K[?25h[?2026l[?2026h[?25l[A[1Gpulling manifest [K
pulling f5c702d8820d:  44% ▕███████           ▏  12 GB/ 28 GB   59 MB/s   4m32s[K[?25h[?2026l[?2026h[?25l[A[1Gpulling manifest [K
pulling f5c702d8820d:  44% ▕███████           ▏  12 GB/ 28 GB   59 MB/s   4m32s[K[?25h[?2026l[?2026h[?25l[A[1Gpulling manifest [K
pulling f5c702d8820d:  44% ▕███████           ▏  12 GB/ 28 GB   61 MB/s   4m24s[K[?25h[?2026l[?2026h[?25l[A[1Gpulling manifest [K
pulling f5c702d8820d:  44% ▕███████           ▏  12 GB/ 28 GB   61 MB/s   4m24s[K[?25h[?2026l[?2026h[?25l[A[1Gpulling manifest [K
pulling f5c702d8820d:  44% ▕███████           ▏  12 GB/ 28 GB   61 MB/s   4m24s[K[?25h[?2026l[?2026h[?25l[A[1Gpulling manifest [K
pulling f5c702d8820d:  44% ▕███████           ▏  12 GB/ 28 GB   61 MB/s   4m24s[K[?25h[?2026l[?2026h[?25l[A[1Gpulling manifest [K
pulling f5c702d8820d:  44% ▕███████           ▏  12 GB/ 28 GB   61 MB/s   4m23s[K[?25h[?2026l[?2026h[?25l[A[1Gpulling manifest [K
pulling f5c702d8820d:  44% ▕███████           ▏  12 GB/ 28 GB   61 MB/s   4m23s[K[?25h[?2026l[?2026h[?25l[A[1Gpulling manifest [K
pulling f5c702d8820d:  44% ▕███████           ▏  12 GB/ 28 GB   61 MB/s   4m23s[K[?25h[?2026l[?2026h[?25l[A[1Gpulling manifest [K
pulling f5c702d8820d:  44% ▕███████           ▏  12 GB/ 28 GB   61 MB/s   4m23s[K[?25h[?2026l[?2026h[?25l[A[1Gpulling manifest [K
pulling f5c702d8820d:  44% ▕███████           ▏  12 GB/ 28 GB   61 MB/s   4m23s[K[?25h[?2026l[?2026h[?25l[A[1Gpulling manifest [K
pulling f5c702d8820d:  44% ▕███████           ▏  12 GB/ 28 GB   61 MB/s   4m23s[K[?25h[?2026l[?2026h[?25l[A[1Gpulling manifest [K
pulling f5c702d8820d:  44% ▕███████           ▏  12 GB/ 28 GB   60 MB/s   4m23s[K[?25h[?2026l[?2026h[?25l[A[1Gpulling manifest [K
pulling f5c702d8820d:  44% ▕███████           ▏  12 GB/ 28 GB   60 MB/s   4m23s[K[?25h[?2026l[?2026h[?25l[A[1Gpulling manifest [K
pulling f5c702d8820d:  44% ▕███████           ▏  12 GB/ 28 GB   60 MB/s   4m23s[K[?25h[?2026l[?2026h[?25l[A[1Gpulling manifest [K
pulling f5c702d8820d:  44% ▕███████           ▏  12 GB/ 28 GB   60 MB/s   4m23s[K[?25h[?2026l[?2026h[?25l[A[1Gpulling manifest [K
pulling f5c702d8820d:  44% ▕███████           ▏  12 GB/ 28 GB   60 MB/s   4m23s[K[?25h[?2026l[?2026h[?25l[A[1Gpulling manifest [K
pulling f5c702d8820d:  44% ▕███████           ▏  12 GB/ 28 GB   60 MB/s   4m23s[K[?25h[?2026l[?2026h[?25l[A[1Gpulling manifest [K
pulling f5c702d8820d:  44% ▕███████           ▏  12 GB/ 28 GB   60 MB/s   4m22s[K[?25h[?2026l[?2026h[?25l[A[1Gpulling manifest [K
pulling f5c702d8820d:  44% ▕███████           ▏  12 GB/ 28 GB   60 MB/s   4m22s[K[?25h[?2026l[?2026h[?25l[A[1Gpulling manifest [K
pulling f5c702d8820d:  44% ▕███████           ▏  12 GB/ 28 GB   60 MB/s   4m22s[K[?25h[?2026l[?2026h[?25l[A[1Gpulling manifest [K
pulling f5c702d8820d:  44% ▕███████           ▏  12 GB/ 28 GB   60 MB/s   4m22s[K[?25h[?2026l[?2026h[?25l[A[1Gpulling manifest [K
pulling f5c702d8820d:  44% ▕███████           ▏  12 GB/ 28 GB   60 MB/s   4m22s[K[?25h[?2026l[?2026h[?25l[A[1Gpulling manifest [K
pulling f5c702d8820d:  44% ▕███████           ▏  12 GB/ 28 GB   60 MB/s   4m22s[K[?25h[?2026l[?2026h[?25l[A[1Gpulling manifest [K
pulling f5c702d8820d:  44% ▕███████           ▏  12 GB/ 28 GB   60 MB/s   4m22s[K[?25h[?2026l[?2026h[?25l[A[1Gpulling manifest [K
pulling f5c702d8820d:  44% ▕███████           ▏  12 GB/ 28 GB   60 MB/s   4m22s[K[?25h[?2026l[?2026h[?25l[A[1Gpulling manifest [K
pulling f5c702d8820d:  44% ▕███████           ▏  12 GB/ 28 GB   60 MB/s   4m22s[K[?25h[?2026l[?2026h[?25l[A[1Gpulling manifest [K
pulling f5c702d8820d:  44% ▕███████           ▏  12 GB/ 28 GB   60 MB/s   4m22s[K[?25h[?2026l[?2026h[?25l[A[1Gpulling manifest [K
pulling f5c702d8820d:  44% ▕███████           ▏  12 GB/ 28 GB   60 MB/s   4m22s[K[?25h[?2026l[?2026h[?25l[A[1Gpulling manifest [K
pulling f5c702d8820d:  44% ▕███████           ▏  12 GB/ 28 GB   60 MB/s   4m21s[K[?25h[?2026l[?2026h[?25l[A[1Gpulling manifest [K
pulling f5c702d8820d:  44% ▕███████           ▏  12 GB/ 28 GB   60 MB/s   4m21s[K[?25h[?2026l[?2026h[?25l[A[1Gpulling manifest [K
pulling f5c702d8820d:  44% ▕███████           ▏  12 GB/ 28 GB   60 MB/s   4m21s[K[?25h[?2026l[?2026h[?25l[A[1Gpulling manifest [K
pulling f5c702d8820d:  44% ▕███████           ▏  12 GB/ 28 GB   60 MB/s   4m21s[K[?25h[?2026l[?2026h[?25l[A[1Gpulling manifest [K
pulling f5c702d8820d:  44% ▕███████           ▏  12 GB/ 28 GB   60 MB/s   4m21s[K[?25h[?2026l[?2026h[?25l[A[1Gpulling manifest [K
pulling f5c702d8820d:  44% ▕███████           ▏  12 GB/ 28 GB   60 MB/s   4m21s[K[?25h[?2026l[?2026h[?25l[A[1Gpulling manifest [K
pulling f5c702d8820d:  44% ▕███████           ▏  12 GB/ 28 GB   60 MB/s   4m21s[K[?25h[?2026l[?2026h[?25l[A[1Gpulling manifest [K
pulling f5c702d8820d:  44% ▕███████           ▏  12 GB/ 28 GB   60 MB/s   4m21s[K[?25h[?2026l[?2026h[?25l[A[1Gpulling manifest [K
pulling f5c702d8820d:  44% ▕███████           ▏  12 GB/ 28 GB   60 MB/s   4m21s[K[?25h[?2026l[?2026h[?25l[A[1Gpulling manifest [K
pulling f5c702d8820d:  44% ▕███████           ▏  12 GB/ 28 GB   60 MB/s   4m21s[K[?25h[?2026l[?2026h[?25l[A[1Gpulling manifest [K
pulling f5c702d8820d:  44% ▕███████           ▏  12 GB/ 28 GB   60 MB/s   4m20s[K[?25h[?2026l[?2026h[?25l[A[1Gpulling manifest [K
pulling f5c702d8820d:  44% ▕███████           ▏  12 GB/ 28 GB   60 MB/s   4m20s[K[?25h[?2026l[?2026h[?25l[A[1Gpulling manifest [K
pulling f5c702d8820d:  44% ▕███████           ▏  12 GB/ 28 GB   60 MB/s   4m20s[K[?25h[?2026l[?2026h[?25l[A[1Gpulling manifest [K
pulling f5c702d8820d:  44% ▕███████           ▏  12 GB/ 28 GB   60 MB/s   4m22s[K[?25h[?2026l[?2026h[?25l[A[1Gpulling manifest [K
pulling f5c702d8820d:  44% ▕███████           ▏  12 GB/ 28 GB   60 MB/s   4m22s[K[?25h[?2026l[?2026h[?25l[A[1Gpulling manifest [K
pulling f5c702d8820d:  44% ▕███████           ▏  12 GB/ 28 GB   60 MB/s   4m22s[K[?25h[?2026l[?2026h[?25l[A[1Gpulling manifest [K
pulling f5c702d8820d:  44% ▕████████          ▏  12 GB/ 28 GB   60 MB/s   4m22s[K[?25h[?2026l[?2026h[?25l[A[1Gpulling manifest [K
pulling f5c702d8820d:  44% ▕████████          ▏  12 GB/ 28 GB   60 MB/s   4m22s[K[?25h[?2026l[?2026h[?25l[A[1Gpulling manifest [K
pulling f5c702d8820d:  45% ▕████████          ▏  12 GB/ 28 GB   60 MB/s   4m22s[K[?25h[?2026l[?2026h[?25l[A[1Gpulling manifest [K
pulling f5c702d8820d:  45% ▕████████          ▏  12 GB/ 28 GB   60 MB/s   4m22s[K[?25h[?2026l[?2026h[?25l[A[1Gpulling manifest [K
pulling f5c702d8820d:  45% ▕████████          ▏  12 GB/ 28 GB   60 MB/s   4m22s[K[?25h[?2026l[?2026h[?25l[A[1Gpulling manifest [K
pulling f5c702d8820d:  45% ▕████████          ▏  12 GB/ 28 GB   60 MB/s   4m22s[K[?25h[?2026l[?2026h[?25l[A[1Gpulling manifest [K
pulling f5c702d8820d:  45% ▕████████          ▏  12 GB/ 28 GB   60 MB/s   4m21s[K[?25h[?2026l[?2026h[?25l[A[1Gpulling manifest [K
pulling f5c702d8820d:  45% ▕████████          ▏  12 GB/ 28 GB   60 MB/s   4m21s[K[?25h[?2026l[?2026h[?25l[A[1Gpulling manifest [K
pulling f5c702d8820d:  45% ▕████████          ▏  12 GB/ 28 GB   60 MB/s   4m21s[K[?25h[?2026l[?2026h[?25l[A[1Gpulling manifest [K
pulling f5c702d8820d:  45% ▕████████          ▏  12 GB/ 28 GB   60 MB/s   4m21s[K[?25h[?2026l[?2026h[?25l[A[1Gpulling manifest [K
pulling f5c702d8820d:  45% ▕████████          ▏  12 GB/ 28 GB   60 MB/s   4m21s[K[?25h[?2026l[?2026h[?25l[A[1Gpulling manifest [K
pulling f5c702d8820d:  45% ▕████████          ▏  12 GB/ 28 GB   60 MB/s   4m21s[K[?25h[?2026l[?2026h[?25l[A[1Gpulling manifest [K
pulling f5c702d8820d:  45% ▕████████          ▏  12 GB/ 28 GB   60 MB/s   4m21s[K[?25h[?2026l[?2026h[?25l[A[1Gpulling manifest [K
pulling f5c702d8820d:  45% ▕████████          ▏  12 GB/ 28 GB   60 MB/s   4m20s[K[?25h[?2026l[?2026h[?25l[A[1Gpulling manifest [K
pulling f5c702d8820d:  45% ▕████████          ▏  12 GB/ 28 GB   60 MB/s   4m20s[K[?25h[?2026l[?2026h[?25l[A[1Gpulling manifest [K
pulling f5c702d8820d:  45% ▕████████          ▏  12 GB/ 28 GB   60 MB/s   4m20s[K[?25h[?2026l[?2026h[?25l[A[1Gpulling manifest [K
pulling f5c702d8820d:  45% ▕████████          ▏  12 GB/ 28 GB   60 MB/s   4m20s[K[?25h[?2026l[?2026h[?25l[A[1Gpulling manifest [K
pulling f5c702d8820d:  45% ▕████████          ▏  12 GB/ 28 GB   60 MB/s   4m20s[K[?25h[?2026l[?2026h[?25l[A[1Gpulling manifest [K
pulling f5c702d8820d:  45% ▕████████          ▏  12 GB/ 28 GB   60 MB/s   4m20s[K[?25h[?2026l[?2026h[?25l[A[1Gpulling manifest [K
pulling f5c702d8820d:  45% ▕████████          ▏  12 GB/ 28 GB   60 MB/s   4m20s[K[?25h[?2026l[?2026h[?25l[A[1Gpulling manifest [K
pulling f5c702d8820d:  45% ▕████████          ▏  12 GB/ 28 GB   60 MB/s   4m20s[K[?25h[?2026l[?2026h[?25l[A[1Gpulling manifest [K
pulling f5c702d8820d:  45% ▕████████          ▏  12 GB/ 28 GB   60 MB/s   4m20s[K[?25h[?2026l[?2026h[?25l[A[1Gpulling manifest [K
pulling f5c702d8820d:  45% ▕████████          ▏  12 GB/ 28 GB   60 MB/s   4m20s[K[?25h[?2026l[?2026h[?25l[A[1Gpulling manifest [K
pulling f5c702d8820d:  45% ▕████████          ▏  12 GB/ 28 GB   60 MB/s   4m20s[K[?25h[?2026l[?2026h[?25l[A[1Gpulling manifest [K
pulling f5c702d8820d:  45% ▕████████          ▏  12 GB/ 28 GB   60 MB/s   4m19s[K[?25h[?2026l[?2026h[?25l[A[1Gpulling manifest [K
pulling f5c702d8820d:  45% ▕████████          ▏  12 GB/ 28 GB   60 MB/s   4m19s[K[?25h[?2026l[?2026h[?25l[A[1Gpulling manifest [K
pulling f5c702d8820d:  45% ▕████████          ▏  12 GB/ 28 GB   60 MB/s   4m19s[K[?25h[?2026l[?2026h[?25l[A[1Gpulling manifest [K
pulling f5c702d8820d:  45% ▕████████          ▏  12 GB/ 28 GB   60 MB/s   4m19s[K[?25h[?2026l[?2026h[?25l[A[1Gpulling manifest [K
pulling f5c702d8820d:  45% ▕████████          ▏  12 GB/ 28 GB   60 MB/s   4m19s[K[?25h[?2026l[?2026h[?25l[A[1Gpulling manifest [K
pulling f5c702d8820d:  45% ▕████████          ▏  12 GB/ 28 GB   60 MB/s   4m19s[K[?25h[?2026l[?2026h[?25l[A[1Gpulling manifest [K
pulling f5c702d8820d:  45% ▕████████          ▏  12 GB/ 28 GB   60 MB/s   4m19s[K[?25h[?2026l[?2026h[?25l[A[1Gpulling manifest [K
pulling f5c702d8820d:  45% ▕████████          ▏  12 GB/ 28 GB   60 MB/s   4m19s[K[?25h[?2026l[?2026h[?25l[A[1Gpulling manifest [K
pulling f5c702d8820d:  45% ▕████████          ▏  12 GB/ 28 GB   60 MB/s   4m19s[K[?25h[?2026l[?2026h[?25l[A[1Gpulling manifest [K
pulling f5c702d8820d:  45% ▕████████          ▏  12 GB/ 28 GB   60 MB/s   4m19s[K[?25h[?2026l[?2026h[?25l[A[1Gpulling manifest [K
pulling f5c702d8820d:  45% ▕████████          ▏  12 GB/ 28 GB   60 MB/s   4m19s[K[?25h[?2026l[?2026h[?25l[A[1Gpulling manifest [K
pulling f5c702d8820d:  45% ▕████████          ▏  12 GB/ 28 GB   60 MB/s   4m19s[K[?25h[?2026l[?2026h[?25l[A[1Gpulling manifest [K
pulling f5c702d8820d:  45% ▕████████          ▏  12 GB/ 28 GB   60 MB/s   4m18s[K[?25h[?2026l[?2026h[?25l[A[1Gpulling manifest [K
pulling f5c702d8820d:  45% ▕████████          ▏  12 GB/ 28 GB   60 MB/s   4m18s[K[?25h[?2026l[?2026h[?25l[A[1Gpulling manifest [K
pulling f5c702d8820d:  45% ▕████████          ▏  12 GB/ 28 GB   60 MB/s   4m18s[K[?25h[?2026l[?2026h[?25l[A[1Gpulling manifest [K
pulling f5c702d8820d:  45% ▕████████          ▏  12 GB/ 28 GB   60 MB/s   4m18s[K[?25h[?2026l[?2026h[?25l[A[1Gpulling manifest [K
pulling f5c702d8820d:  45% ▕████████          ▏  12 GB/ 28 GB   60 MB/s   4m18s[K[?25h[?2026l[?2026h[?25l[A[1Gpulling manifest [K
pulling f5c702d8820d:  45% ▕████████          ▏  12 GB/ 28 GB   60 MB/s   4m18s[K[?25h[?2026l[?2026h[?25l[A[1Gpulling manifest [K
pulling f5c702d8820d:  45% ▕████████          ▏  12 GB/ 28 GB   60 MB/s   4m18s[K[?25h[?2026l[?2026h[?25l[A[1Gpulling manifest [K
pulling f5c702d8820d:  45% ▕████████          ▏  12 GB/ 28 GB   60 MB/s   4m18s[K[?25h[?2026l[?2026h[?25l[A[1Gpulling manifest [K
pulling f5c702d8820d:  45% ▕████████          ▏  12 GB/ 28 GB   60 MB/s   4m18s[K[?25h[?2026l[?2026h[?25l[A[1Gpulling manifest [K
pulling f5c702d8820d:  45% ▕████████          ▏  12 GB/ 28 GB   60 MB/s   4m18s[K[?25h[?2026l[?2026h[?25l[A[1Gpulling manifest [K
pulling f5c702d8820d:  45% ▕████████          ▏  12 GB/ 28 GB   60 MB/s   4m17s[K[?25h[?2026l[?2026h[?25l[A[1Gpulling manifest [K
pulling f5c702d8820d:  45% ▕████████          ▏  12 GB/ 28 GB   60 MB/s   4m17s[K[?25h[?2026l[?2026h[?25l[A[1Gpulling manifest [K
pulling f5c702d8820d:  45% ▕████████          ▏  13 GB/ 28 GB   60 MB/s   4m18s[K[?25h[?2026l[?2026h[?25l[A[1Gpulling manifest [K
pulling f5c702d8820d:  45% ▕████████          ▏  13 GB/ 28 GB   60 MB/s   4m17s[K[?25h[?2026l[?2026h[?25l[A[1Gpulling manifest [K
pulling f5c702d8820d:  46% ▕████████          ▏  13 GB/ 28 GB   60 MB/s   4m17s[K[?25h[?2026l[?2026h[?25l[A[1Gpulling manifest [K
pulling f5c702d8820d:  46% ▕████████          ▏  13 GB/ 28 GB   60 MB/s   4m17s[K[?25h[?2026l[?2026h[?25l[A[1Gpulling manifest [K
pulling f5c702d8820d:  46% ▕████████          ▏  13 GB/ 28 GB   60 MB/s   4m17s[K[?25h[?2026l[?2026h[?25l[A[1Gpulling manifest [K
pulling f5c702d8820d:  46% ▕████████          ▏  13 GB/ 28 GB   60 MB/s   4m17s[K[?25h[?2026l[?2026h[?25l[A[1Gpulling manifest [K
pulling f5c702d8820d:  46% ▕████████          ▏  13 GB/ 28 GB   60 MB/s   4m17s[K[?25h[?2026l[?2026h[?25l[A[1Gpulling manifest [K
pulling f5c702d8820d:  46% ▕████████          ▏  13 GB/ 28 GB   60 MB/s   4m17s[K[?25h[?2026l[?2026h[?25l[A[1Gpulling manifest [K
pulling f5c702d8820d:  46% ▕████████          ▏  13 GB/ 28 GB   60 MB/s   4m17s[K[?25h[?2026l[?2026h[?25l[A[1Gpulling manifest [K
pulling f5c702d8820d:  46% ▕████████          ▏  13 GB/ 28 GB   60 MB/s   4m17s[K[?25h[?2026l[?2026h[?25l[A[1Gpulling manifest [K
pulling f5c702d8820d:  46% ▕████████          ▏  13 GB/ 28 GB   60 MB/s   4m17s[K[?25h[?2026l[?2026h[?25l[A[1Gpulling manifest [K
pulling f5c702d8820d:  46% ▕████████          ▏  13 GB/ 28 GB   60 MB/s   4m16s[K[?25h[?2026l[?2026h[?25l[A[1Gpulling manifest [K
pulling f5c702d8820d:  46% ▕████████          ▏  13 GB/ 28 GB   60 MB/s   4m16s[K[?25h[?2026l[?2026h[?25l[A[1Gpulling manifest [K
pulling f5c702d8820d:  46% ▕████████          ▏  13 GB/ 28 GB   60 MB/s   4m16s[K[?25h[?2026l[?2026h[?25l[A[1Gpulling manifest [K
pulling f5c702d8820d:  46% ▕████████          ▏  13 GB/ 28 GB   60 MB/s   4m16s[K[?25h[?2026l[?2026h[?25l[A[1Gpulling manifest [K
pulling f5c702d8820d:  46% ▕████████          ▏  13 GB/ 28 GB   60 MB/s   4m16s[K[?25h[?2026l[?2026h[?25l[A[1Gpulling manifest [K
pulling f5c702d8820d:  46% ▕████████          ▏  13 GB/ 28 GB   60 MB/s   4m16s[K[?25h[?2026l[?2026h[?25l[A[1Gpulling manifest [K
pulling f5c702d8820d:  46% ▕████████          ▏  13 GB/ 28 GB   60 MB/s   4m16s[K[?25h[?2026l[?2026h[?25l[A[1Gpulling manifest [K
pulling f5c702d8820d:  46% ▕████████          ▏  13 GB/ 28 GB   60 MB/s   4m16s[K[?25h[?2026l[?2026h[?25l[A[1Gpulling manifest [K
pulling f5c702d8820d:  46% ▕████████          ▏  13 GB/ 28 GB   60 MB/s   4m15s[K[?25h[?2026l[?2026h[?25l[A[1Gpulling manifest [K
pulling f5c702d8820d:  46% ▕████████          ▏  13 GB/ 28 GB   60 MB/s   4m15s[K[?25h[?2026l[?2026h[?25l[A[1Gpulling manifest [K
pulling f5c702d8820d:  46% ▕████████          ▏  13 GB/ 28 GB   60 MB/s   4m15s[K[?25h[?2026l[?2026h[?25l[A[1Gpulling manifest [K
pulling f5c702d8820d:  46% ▕████████          ▏  13 GB/ 28 GB   60 MB/s   4m15s[K[?25h[?2026l[?2026h[?25l[A[1Gpulling manifest [K
pulling f5c702d8820d:  46% ▕████████          ▏  13 GB/ 28 GB   60 MB/s   4m15s[K[?25h[?2026l[?2026h[?25l[A[1Gpulling manifest [K
pulling f5c702d8820d:  46% ▕████████          ▏  13 GB/ 28 GB   60 MB/s   4m15s[K[?25h[?2026l[?2026h[?25l[A[1Gpulling manifest [K
pulling f5c702d8820d:  46% ▕████████          ▏  13 GB/ 28 GB   60 MB/s   4m15s[K[?25h[?2026l[?2026h[?25l[A[1Gpulling manifest [K
pulling f5c702d8820d:  46% ▕████████          ▏  13 GB/ 28 GB   60 MB/s   4m15s[K[?25h[?2026l[?2026h[?25l[A[1Gpulling manifest [K
pulling f5c702d8820d:  46% ▕████████          ▏  13 GB/ 28 GB   60 MB/s   4m15s[K[?25h[?2026l[?2026h[?25l[A[1Gpulling manifest [K
pulling f5c702d8820d:  46% ▕████████          ▏  13 GB/ 28 GB   60 MB/s   4m15s[K[?25h[?2026l[?2026h[?25l[A[1Gpulling manifest [K
pulling f5c702d8820d:  46% ▕████████          ▏  13 GB/ 28 GB   60 MB/s   4m14s[K[?25h[?2026l[?2026h[?25l[A[1Gpulling manifest [K
pulling f5c702d8820d:  46% ▕████████          ▏  13 GB/ 28 GB   60 MB/s   4m14s[K[?25h[?2026l[?2026h[?25l[A[1Gpulling manifest [K
pulling f5c702d8820d:  46% ▕████████          ▏  13 GB/ 28 GB   60 MB/s   4m14s[K[?25h[?2026l[?2026h[?25l[A[1Gpulling manifest [K
pulling f5c702d8820d:  46% ▕████████          ▏  13 GB/ 28 GB   60 MB/s   4m14s[K[?25h[?2026l[?2026h[?25l[A[1Gpulling manifest [K
pulling f5c702d8820d:  46% ▕████████          ▏  13 GB/ 28 GB   60 MB/s   4m14s[K[?25h[?2026l[?2026h[?25l[A[1Gpulling manifest [K
pulling f5c702d8820d:  46% ▕████████          ▏  13 GB/ 28 GB   60 MB/s   4m14s[K[?25h[?2026l[?2026h[?25l[A[1Gpulling manifest [K
pulling f5c702d8820d:  46% ▕████████          ▏  13 GB/ 28 GB   60 MB/s   4m14s[K[?25h[?2026l[?2026h[?25l[A[1Gpulling manifest [K
pulling f5c702d8820d:  46% ▕████████          ▏  13 GB/ 28 GB   60 MB/s   4m14s[K[?25h[?2026l[?2026h[?25l[A[1Gpulling manifest [K
pulling f5c702d8820d:  46% ▕████████          ▏  13 GB/ 28 GB   60 MB/s   4m14s[K[?25h[?2026l[?2026h[?25l[A[1Gpulling manifest [K
pulling f5c702d8820d:  46% ▕████████          ▏  13 GB/ 28 GB   60 MB/s   4m13s[K[?25h[?2026l[?2026h[?25l[A[1Gpulling manifest [K
pulling f5c702d8820d:  46% ▕████████          ▏  13 GB/ 28 GB   60 MB/s   4m13s[K[?25h[?2026l[?2026h[?25l[A[1Gpulling manifest [K
pulling f5c702d8820d:  46% ▕████████          ▏  13 GB/ 28 GB   60 MB/s   4m13s[K[?25h[?2026l[?2026h[?25l[A[1Gpulling manifest [K
pulling f5c702d8820d:  46% ▕████████          ▏  13 GB/ 28 GB   61 MB/s   4m11s[K[?25h[?2026l[?2026h[?25l[A[1Gpulling manifest [K
pulling f5c702d8820d:  46% ▕████████          ▏  13 GB/ 28 GB   61 MB/s   4m11s[K[?25h[?2026l[?2026h[?25l[A[1Gpulling manifest [K
pulling f5c702d8820d:  46% ▕████████          ▏  13 GB/ 28 GB   61 MB/s   4m11s[K[?25h[?2026l[?2026h[?25l[A[1Gpulling manifest [K
pulling f5c702d8820d:  46% ▕████████          ▏  13 GB/ 28 GB   61 MB/s   4m11s[K[?25h[?2026l[?2026h[?25l[A[1Gpulling manifest [K
pulling f5c702d8820d:  46% ▕████████          ▏  13 GB/ 28 GB   61 MB/s   4m11s[K[?25h[?2026l[?2026h[?25l[A[1Gpulling manifest [K
pulling f5c702d8820d:  46% ▕████████          ▏  13 GB/ 28 GB   61 MB/s   4m11s[K[?25h[?2026l[?2026h[?25l[A[1Gpulling manifest [K
pulling f5c702d8820d:  46% ▕████████          ▏  13 GB/ 28 GB   61 MB/s   4m11s[K[?25h[?2026l[?2026h[?25l[A[1Gpulling manifest [K
pulling f5c702d8820d:  46% ▕████████          ▏  13 GB/ 28 GB   61 MB/s   4m10s[K[?25h[?2026l[?2026h[?25l[A[1Gpulling manifest [K
pulling f5c702d8820d:  46% ▕████████          ▏  13 GB/ 28 GB   61 MB/s   4m10s[K[?25h[?2026l[?2026h[?25l[A[1Gpulling manifest [K
pulling f5c702d8820d:  47% ▕████████          ▏  13 GB/ 28 GB   61 MB/s   4m10s[K[?25h[?2026l[?2026h[?25l[A[1Gpulling manifest [K
pulling f5c702d8820d:  47% ▕████████          ▏  13 GB/ 28 GB   60 MB/s   4m10s[K[?25h[?2026l[?2026h[?25l[A[1Gpulling manifest [K
pulling f5c702d8820d:  47% ▕████████          ▏  13 GB/ 28 GB   60 MB/s   4m10s[K[?25h[?2026l[?2026h[?25l[A[1Gpulling manifest [K
pulling f5c702d8820d:  47% ▕████████          ▏  13 GB/ 28 GB   60 MB/s   4m10s[K[?25h[?2026l[?2026h[?25l[A[1Gpulling manifest [K
pulling f5c702d8820d:  47% ▕████████          ▏  13 GB/ 28 GB   60 MB/s   4m10s[K[?25h[?2026l[?2026h[?25l[A[1Gpulling manifest [K
pulling f5c702d8820d:  47% ▕████████          ▏  13 GB/ 28 GB   60 MB/s   4m10s[K[?25h[?2026l[?2026h[?25l[A[1Gpulling manifest [K
pulling f5c702d8820d:  47% ▕████████          ▏  13 GB/ 28 GB   60 MB/s   4m10s[K[?25h[?2026l[?2026h[?25l[A[1Gpulling manifest [K
pulling f5c702d8820d:  47% ▕████████          ▏  13 GB/ 28 GB   60 MB/s   4m10s[K[?25h[?2026l[?2026h[?25l[A[1Gpulling manifest [K
pulling f5c702d8820d:  47% ▕████████          ▏  13 GB/ 28 GB   60 MB/s   4m10s[K[?25h[?2026l[?2026h[?25l[A[1Gpulling manifest [K
pulling f5c702d8820d:  47% ▕████████          ▏  13 GB/ 28 GB   60 MB/s    4m9s[K[?25h[?2026l[?2026h[?25l[A[1Gpulling manifest [K
pulling f5c702d8820d:  47% ▕████████          ▏  13 GB/ 28 GB   60 MB/s    4m9s[K[?25h[?2026l[?2026h[?25l[A[1Gpulling manifest [K
pulling f5c702d8820d:  47% ▕████████          ▏  13 GB/ 28 GB   60 MB/s    4m9s[K[?25h[?2026l[?2026h[?25l[A[1Gpulling manifest [K
pulling f5c702d8820d:  47% ▕████████          ▏  13 GB/ 28 GB   61 MB/s    4m9s[K[?25h[?2026l[?2026h[?25l[A[1Gpulling manifest [K
pulling f5c702d8820d:  47% ▕████████          ▏  13 GB/ 28 GB   61 MB/s    4m9s[K[?25h[?2026l[?2026h[?25l[A[1Gpulling manifest [K
pulling f5c702d8820d:  47% ▕████████          ▏  13 GB/ 28 GB   61 MB/s    4m9s[K[?25h[?2026l[?2026h[?25l[A[1Gpulling manifest [K
pulling f5c702d8820d:  47% ▕████████          ▏  13 GB/ 28 GB   61 MB/s    4m9s[K[?25h[?2026l[?2026h[?25l[A[1Gpulling manifest [K
pulling f5c702d8820d:  47% ▕████████          ▏  13 GB/ 28 GB   61 MB/s    4m9s[K[?25h[?2026l[?2026h[?25l[A[1Gpulling manifest [K
pulling f5c702d8820d:  47% ▕████████          ▏  13 GB/ 28 GB   61 MB/s    4m9s[K[?25h[?2026l[?2026h[?25l[A[1Gpulling manifest [K
pulling f5c702d8820d:  47% ▕████████          ▏  13 GB/ 28 GB   61 MB/s    4m8s[K[?25h[?2026l[?2026h[?25l[A[1Gpulling manifest [K
pulling f5c702d8820d:  47% ▕████████          ▏  13 GB/ 28 GB   61 MB/s    4m8s[K[?25h[?2026l[?2026h[?25l[A[1Gpulling manifest [K
pulling f5c702d8820d:  47% ▕████████          ▏  13 GB/ 28 GB   61 MB/s    4m8s[K[?25h[?2026l[?2026h[?25l[A[1Gpulling manifest [K
pulling f5c702d8820d:  47% ▕████████          ▏  13 GB/ 28 GB   61 MB/s    4m8s[K[?25h[?2026l[?2026h[?25l[A[1Gpulling manifest [K
pulling f5c702d8820d:  47% ▕████████          ▏  13 GB/ 28 GB   60 MB/s    4m8s[K[?25h[?2026l[?2026h[?25l[A[1Gpulling manifest [K
pulling f5c702d8820d:  47% ▕████████          ▏  13 GB/ 28 GB   60 MB/s    4m8s[K[?25h[?2026l[?2026h[?25l[A[1Gpulling manifest [K
pulling f5c702d8820d:  47% ▕████████          ▏  13 GB/ 28 GB   60 MB/s    4m8s[K[?25h[?2026l[?2026h[?25l[A[1Gpulling manifest [K
pulling f5c702d8820d:  47% ▕████████          ▏  13 GB/ 28 GB   60 MB/s    4m8s[K[?25h[?2026l[?2026h[?25l[A[1Gpulling manifest [K
pulling f5c702d8820d:  47% ▕████████          ▏  13 GB/ 28 GB   60 MB/s    4m8s[K[?25h[?2026l[?2026h[?25l[A[1Gpulling manifest [K
pulling f5c702d8820d:  47% ▕████████          ▏  13 GB/ 28 GB   60 MB/s    4m8s[K[?25h[?2026l[?2026h[?25l[A[1Gpulling manifest [K
pulling f5c702d8820d:  47% ▕████████          ▏  13 GB/ 28 GB   60 MB/s    4m8s[K[?25h[?2026l[?2026h[?25l[A[1Gpulling manifest [K
pulling f5c702d8820d:  47% ▕████████          ▏  13 GB/ 28 GB   60 MB/s    4m8s[K[?25h[?2026l[?2026h[?25l[A[1Gpulling manifest [K
pulling f5c702d8820d:  47% ▕████████          ▏  13 GB/ 28 GB   60 MB/s    4m8s[K[?25h[?2026l[?2026h[?25l[A[1Gpulling manifest [K
pulling f5c702d8820d:  47% ▕████████          ▏  13 GB/ 28 GB   60 MB/s    4m8s[K[?25h[?2026l[?2026h[?25l[A[1Gpulling manifest [K
pulling f5c702d8820d:  47% ▕████████          ▏  13 GB/ 28 GB   60 MB/s    4m8s[K[?25h[?2026l[?2026h[?25l[A[1Gpulling manifest [K
pulling f5c702d8820d:  47% ▕████████          ▏  13 GB/ 28 GB   60 MB/s    4m8s[K[?25h[?2026l[?2026h[?25l[A[1Gpulling manifest [K
pulling f5c702d8820d:  47% ▕████████          ▏  13 GB/ 28 GB   60 MB/s    4m7s[K[?25h[?2026l[?2026h[?25l[A[1Gpulling manifest [K
pulling f5c702d8820d:  47% ▕████████          ▏  13 GB/ 28 GB   60 MB/s    4m7s[K[?25h[?2026l[?2026h[?25l[A[1Gpulling manifest [K
pulling f5c702d8820d:  47% ▕████████          ▏  13 GB/ 28 GB   60 MB/s    4m7s[K[?25h[?2026l[?2026h[?25l[A[1Gpulling manifest [K
pulling f5c702d8820d:  47% ▕████████          ▏  13 GB/ 28 GB   60 MB/s    4m7s[K[?25h[?2026l[?2026h[?25l[A[1Gpulling manifest [K
pulling f5c702d8820d:  47% ▕████████          ▏  13 GB/ 28 GB   60 MB/s    4m7s[K[?25h[?2026l[?2026h[?25l[A[1Gpulling manifest [K
pulling f5c702d8820d:  47% ▕████████          ▏  13 GB/ 28 GB   60 MB/s    4m7s[K[?25h[?2026l[?2026h[?25l[A[1Gpulling manifest [K
pulling f5c702d8820d:  47% ▕████████          ▏  13 GB/ 28 GB   60 MB/s    4m7s[K[?25h[?2026l[?2026h[?25l[A[1Gpulling manifest [K
pulling f5c702d8820d:  47% ▕████████          ▏  13 GB/ 28 GB   60 MB/s    4m7s[K[?25h[?2026l[?2026h[?25l[A[1Gpulling manifest [K
pulling f5c702d8820d:  47% ▕████████          ▏  13 GB/ 28 GB   60 MB/s    4m7s[K[?25h[?2026l[?2026h[?25l[A[1Gpulling manifest [K
pulling f5c702d8820d:  47% ▕████████          ▏  13 GB/ 28 GB   60 MB/s    4m6s[K[?25h[?2026l[?2026h[?25l[A[1Gpulling manifest [K
pulling f5c702d8820d:  47% ▕████████          ▏  13 GB/ 28 GB   60 MB/s    4m6s[K[?25h[?2026l[?2026h[?25l[A[1Gpulling manifest [K
pulling f5c702d8820d:  47% ▕████████          ▏  13 GB/ 28 GB   60 MB/s    4m6s[K[?25h[?2026l[?2026h[?25l[A[1Gpulling manifest [K
pulling f5c702d8820d:  47% ▕████████          ▏  13 GB/ 28 GB   60 MB/s    4m6s[K[?25h[?2026l[?2026h[?25l[A[1Gpulling manifest [K
pulling f5c702d8820d:  47% ▕████████          ▏  13 GB/ 28 GB   60 MB/s    4m6s[K[?25h[?2026l[?2026h[?25l[A[1Gpulling manifest [K
pulling f5c702d8820d:  47% ▕████████          ▏  13 GB/ 28 GB   60 MB/s    4m6s[K[?25h[?2026l[?2026h[?25l[A[1Gpulling manifest [K
pulling f5c702d8820d:  48% ▕████████          ▏  13 GB/ 28 GB   60 MB/s    4m6s[K[?25h[?2026l[?2026h[?25l[A[1Gpulling manifest [K
pulling f5c702d8820d:  48% ▕████████          ▏  13 GB/ 28 GB   60 MB/s    4m6s[K[?25h[?2026l[?2026h[?25l[A[1Gpulling manifest [K
pulling f5c702d8820d:  48% ▕████████          ▏  13 GB/ 28 GB   60 MB/s    4m6s[K[?25h[?2026l[?2026h[?25l[A[1Gpulling manifest [K
pulling f5c702d8820d:  48% ▕████████          ▏  13 GB/ 28 GB   60 MB/s    4m8s[K[?25h[?2026l[?2026h[?25l[A[1Gpulling manifest [K
pulling f5c702d8820d:  48% ▕████████          ▏  13 GB/ 28 GB   60 MB/s    4m8s[K[?25h[?2026l[?2026h[?25l[A[1Gpulling manifest [K
pulling f5c702d8820d:  48% ▕████████          ▏  13 GB/ 28 GB   60 MB/s    4m8s[K[?25h[?2026l[?2026h[?25l[A[1Gpulling manifest [K
pulling f5c702d8820d:  48% ▕████████          ▏  13 GB/ 28 GB   60 MB/s    4m8s[K[?25h[?2026l[?2026h[?25l[A[1Gpulling manifest [K
pulling f5c702d8820d:  48% ▕████████          ▏  13 GB/ 28 GB   60 MB/s    4m8s[K[?25h[?2026l[?2026h[?25l[A[1Gpulling manifest [K
pulling f5c702d8820d:  48% ▕████████          ▏  13 GB/ 28 GB   60 MB/s    4m8s[K[?25h[?2026l[?2026h[?25l[A[1Gpulling manifest [K
pulling f5c702d8820d:  48% ▕████████          ▏  13 GB/ 28 GB   60 MB/s    4m8s[K[?25h[?2026l[?2026h[?25l[A[1Gpulling manifest [K
pulling f5c702d8820d:  48% ▕████████          ▏  13 GB/ 28 GB   60 MB/s    4m8s[K[?25h[?2026l[?2026h[?25l[A[1Gpulling manifest [K
pulling f5c702d8820d:  48% ▕████████          ▏  13 GB/ 28 GB   60 MB/s    4m7s[K[?25h[?2026l[?2026h[?25l[A[1Gpulling manifest [K
pulling f5c702d8820d:  48% ▕████████          ▏  13 GB/ 28 GB   60 MB/s    4m7s[K[?25h[?2026l[?2026h[?25l[A[1Gpulling manifest [K
pulling f5c702d8820d:  48% ▕████████          ▏  13 GB/ 28 GB   60 MB/s    4m7s[K[?25h[?2026l[?2026h[?25l[A[1Gpulling manifest [K
pulling f5c702d8820d:  48% ▕████████          ▏  13 GB/ 28 GB   60 MB/s    4m7s[K[?25h[?2026l[?2026h[?25l[A[1Gpulling manifest [K
pulling f5c702d8820d:  48% ▕████████          ▏  13 GB/ 28 GB   60 MB/s    4m7s[K[?25h[?2026l[?2026h[?25l[A[1Gpulling manifest [K
pulling f5c702d8820d:  48% ▕████████          ▏  13 GB/ 28 GB   60 MB/s    4m7s[K[?25h[?2026l[?2026h[?25l[A[1Gpulling manifest [K
pulling f5c702d8820d:  48% ▕████████          ▏  13 GB/ 28 GB   60 MB/s    4m7s[K[?25h[?2026l[?2026h[?25l[A[1Gpulling manifest [K
pulling f5c702d8820d:  48% ▕████████          ▏  13 GB/ 28 GB   60 MB/s    4m7s[K[?25h[?2026l[?2026h[?25l[A[1Gpulling manifest [K
pulling f5c702d8820d:  48% ▕████████          ▏  13 GB/ 28 GB   60 MB/s    4m7s[K[?25h[?2026l[?2026h[?25l[A[1Gpulling manifest [K
pulling f5c702d8820d:  48% ▕████████          ▏  13 GB/ 28 GB   60 MB/s    4m6s[K[?25h[?2026l[?2026h[?25l[A[1Gpulling manifest [K
pulling f5c702d8820d:  48% ▕████████          ▏  13 GB/ 28 GB   60 MB/s    4m6s[K[?25h[?2026l[?2026h[?25l[A[1Gpulling manifest [K
pulling f5c702d8820d:  48% ▕████████          ▏  13 GB/ 28 GB   60 MB/s    4m6s[K[?25h[?2026l[?2026h[?25l[A[1Gpulling manifest [K
pulling f5c702d8820d:  48% ▕████████          ▏  13 GB/ 28 GB   60 MB/s    4m6s[K[?25h[?2026l[?2026h[?25l[A[1Gpulling manifest [K
pulling f5c702d8820d:  48% ▕████████          ▏  13 GB/ 28 GB   60 MB/s    4m6s[K[?25h[?2026l[?2026h[?25l[A[1Gpulling manifest [K
pulling f5c702d8820d:  48% ▕████████          ▏  13 GB/ 28 GB   60 MB/s    4m6s[K[?25h[?2026l[?2026h[?25l[A[1Gpulling manifest [K
pulling f5c702d8820d:  48% ▕████████          ▏  13 GB/ 28 GB   60 MB/s    4m6s[K[?25h[?2026l[?2026h[?25l[A[1Gpulling manifest [K
pulling f5c702d8820d:  48% ▕████████          ▏  13 GB/ 28 GB   60 MB/s    4m6s[K[?25h[?2026l[?2026h[?25l[A[1Gpulling manifest [K
pulling f5c702d8820d:  48% ▕████████          ▏  13 GB/ 28 GB   60 MB/s    4m6s[K[?25h[?2026l[?2026h[?25l[A[1Gpulling manifest [K
pulling f5c702d8820d:  48% ▕████████          ▏  13 GB/ 28 GB   60 MB/s    4m5s[K[?25h[?2026l[?2026h[?25l[A[1Gpulling manifest [K
pulling f5c702d8820d:  48% ▕████████          ▏  13 GB/ 28 GB   60 MB/s    4m5s[K[?25h[?2026l[?2026h[?25l[A[1Gpulling manifest [K
pulling f5c702d8820d:  48% ▕████████          ▏  13 GB/ 28 GB   60 MB/s    4m5s[K[?25h[?2026l[?2026h[?25l[A[1Gpulling manifest [K
pulling f5c702d8820d:  48% ▕████████          ▏  13 GB/ 28 GB   60 MB/s    4m5s[K[?25h[?2026l[?2026h[?25l[A[1Gpulling manifest [K
pulling f5c702d8820d:  48% ▕████████          ▏  13 GB/ 28 GB   60 MB/s    4m5s[K[?25h[?2026l[?2026h[?25l[A[1Gpulling manifest [K
pulling f5c702d8820d:  48% ▕████████          ▏  13 GB/ 28 GB   60 MB/s    4m5s[K[?25h[?2026l[?2026h[?25l[A[1Gpulling manifest [K
pulling f5c702d8820d:  48% ▕████████          ▏  13 GB/ 28 GB   60 MB/s    4m5s[K[?25h[?2026l[?2026h[?25l[A[1Gpulling manifest [K
pulling f5c702d8820d:  48% ▕████████          ▏  13 GB/ 28 GB   60 MB/s    4m5s[K[?25h[?2026l[?2026h[?25l[A[1Gpulling manifest [K
pulling f5c702d8820d:  48% ▕████████          ▏  13 GB/ 28 GB   60 MB/s    4m5s[K[?25h[?2026l[?2026h[?25l[A[1Gpulling manifest [K
pulling f5c702d8820d:  48% ▕████████          ▏  13 GB/ 28 GB   60 MB/s    4m4s[K[?25h[?2026l[?2026h[?25l[A[1Gpulling manifest [K
pulling f5c702d8820d:  48% ▕████████          ▏  13 GB/ 28 GB   60 MB/s    4m4s[K[?25h[?2026l[?2026h[?25l[A[1Gpulling manifest [K
pulling f5c702d8820d:  48% ▕████████          ▏  13 GB/ 28 GB   60 MB/s    4m4s[K[?25h[?2026l[?2026h[?25l[A[1Gpulling manifest [K
pulling f5c702d8820d:  48% ▕████████          ▏  13 GB/ 28 GB   60 MB/s    4m4s[K[?25h[?2026l[?2026h[?25l[A[1Gpulling manifest [K
pulling f5c702d8820d:  48% ▕████████          ▏  13 GB/ 28 GB   60 MB/s    4m4s[K[?25h[?2026l[?2026h[?25l[A[1Gpulling manifest [K
pulling f5c702d8820d:  48% ▕████████          ▏  13 GB/ 28 GB   60 MB/s    4m4s[K[?25h[?2026l[?2026h[?25l[A[1Gpulling manifest [K
pulling f5c702d8820d:  48% ▕████████          ▏  13 GB/ 28 GB   58 MB/s   4m12s[K[?25h[?2026l[?2026h[?25l[A[1Gpulling manifest [K
pulling f5c702d8820d:  48% ▕████████          ▏  13 GB/ 28 GB   58 MB/s   4m12s[K[?25h[?2026l[?2026h[?25l[A[1Gpulling manifest [K
pulling f5c702d8820d:  48% ▕████████          ▏  13 GB/ 28 GB   58 MB/s   4m12s[K[?25h[?2026l[?2026h[?25l[A[1Gpulling manifest [K
pulling f5c702d8820d:  48% ▕████████          ▏  13 GB/ 28 GB   58 MB/s   4m12s[K[?25h[?2026l[?2026h[?25l[A[1Gpulling manifest [K
pulling f5c702d8820d:  48% ▕████████          ▏  13 GB/ 28 GB   58 MB/s   4m12s[K[?25h[?2026l[?2026h[?25l[A[1Gpulling manifest [K
pulling f5c702d8820d:  48% ▕████████          ▏  13 GB/ 28 GB   58 MB/s   4m11s[K[?25h[?2026l[?2026h[?25l[A[1Gpulling manifest [K
pulling f5c702d8820d:  49% ▕████████          ▏  13 GB/ 28 GB   58 MB/s   4m11s[K[?25h[?2026l[?2026h[?25l[A[1Gpulling manifest [K
pulling f5c702d8820d:  49% ▕████████          ▏  13 GB/ 28 GB   58 MB/s   4m11s[K[?25h[?2026l[?2026h[?25l[A[1Gpulling manifest [K
pulling f5c702d8820d:  49% ▕████████          ▏  13 GB/ 28 GB   58 MB/s   4m11s[K[?25h[?2026l[?2026h[?25l[A[1Gpulling manifest [K
pulling f5c702d8820d:  49% ▕████████          ▏  13 GB/ 28 GB   58 MB/s   4m11s[K[?25h[?2026l[?2026h[?25l[A[1Gpulling manifest [K
pulling f5c702d8820d:  49% ▕████████          ▏  13 GB/ 28 GB   58 MB/s   4m11s[K[?25h[?2026l[?2026h[?25l[A[1Gpulling manifest [K
pulling f5c702d8820d:  49% ▕████████          ▏  13 GB/ 28 GB   58 MB/s   4m11s[K[?25h[?2026l[?2026h[?25l[A[1Gpulling manifest [K
pulling f5c702d8820d:  49% ▕████████          ▏  13 GB/ 28 GB   58 MB/s   4m11s[K[?25h[?2026l[?2026h[?25l[A[1Gpulling manifest [K
pulling f5c702d8820d:  49% ▕████████          ▏  13 GB/ 28 GB   58 MB/s   4m11s[K[?25h[?2026l[?2026h[?25l[A[1Gpulling manifest [K
pulling f5c702d8820d:  49% ▕████████          ▏  13 GB/ 28 GB   58 MB/s   4m11s[K[?25h[?2026l[?2026h[?25l[A[1Gpulling manifest [K
pulling f5c702d8820d:  49% ▕████████          ▏  13 GB/ 28 GB   58 MB/s   4m11s[K[?25h[?2026l[?2026h[?25l[A[1Gpulling manifest [K
pulling f5c702d8820d:  49% ▕████████          ▏  13 GB/ 28 GB   58 MB/s   4m11s[K[?25h[?2026l[?2026h[?25l[A[1Gpulling manifest [K
pulling f5c702d8820d:  49% ▕████████          ▏  13 GB/ 28 GB   58 MB/s   4m11s[K[?25h[?2026l[?2026h[?25l[A[1Gpulling manifest [K
pulling f5c702d8820d:  49% ▕████████          ▏  13 GB/ 28 GB   58 MB/s   4m10s[K[?25h[?2026l[?2026h[?25l[A[1Gpulling manifest [K
pulling f5c702d8820d:  49% ▕████████          ▏  13 GB/ 28 GB   58 MB/s   4m10s[K[?25h[?2026l[?2026h[?25l[A[1Gpulling manifest [K
pulling f5c702d8820d:  49% ▕████████          ▏  13 GB/ 28 GB   58 MB/s   4m10s[K[?25h[?2026l[?2026h[?25l[A[1Gpulling manifest [K
pulling f5c702d8820d:  49% ▕████████          ▏  13 GB/ 28 GB   58 MB/s   4m10s[K[?25h[?2026l[?2026h[?25l[A[1Gpulling manifest [K
pulling f5c702d8820d:  49% ▕████████          ▏  13 GB/ 28 GB   58 MB/s    4m9s[K[?25h[?2026l[?2026h[?25l[A[1Gpulling manifest [K
pulling f5c702d8820d:  49% ▕████████          ▏  13 GB/ 28 GB   58 MB/s    4m9s[K[?25h[?2026l[?2026h[?25l[A[1Gpulling manifest [K
pulling f5c702d8820d:  49% ▕████████          ▏  13 GB/ 28 GB   58 MB/s    4m9s[K[?25h[?2026l[?2026h[?25l[A[1Gpulling manifest [K
pulling f5c702d8820d:  49% ▕████████          ▏  13 GB/ 28 GB   58 MB/s    4m9s[K[?25h[?2026l[?2026h[?25l[A[1Gpulling manifest [K
pulling f5c702d8820d:  49% ▕████████          ▏  13 GB/ 28 GB   58 MB/s    4m9s[K[?25h[?2026l[?2026h[?25l[A[1Gpulling manifest [K
pulling f5c702d8820d:  49% ▕████████          ▏  13 GB/ 28 GB   58 MB/s    4m9s[K[?25h[?2026l[?2026h[?25l[A[1Gpulling manifest [K
pulling f5c702d8820d:  49% ▕████████          ▏  13 GB/ 28 GB   58 MB/s    4m9s[K[?25h[?2026l[?2026h[?25l[A[1Gpulling manifest [K
pulling f5c702d8820d:  49% ▕████████          ▏  14 GB/ 28 GB   58 MB/s    4m9s[K[?25h[?2026l[?2026h[?25l[A[1Gpulling manifest [K
pulling f5c702d8820d:  49% ▕████████          ▏  14 GB/ 28 GB   58 MB/s    4m9s[K[?25h[?2026l[?2026h[?25l[A[1Gpulling manifest [K
pulling f5c702d8820d:  49% ▕████████          ▏  14 GB/ 28 GB   58 MB/s   4m11s[K[?25h[?2026l[?2026h[?25l[A[1Gpulling manifest [K
pulling f5c702d8820d:  49% ▕████████          ▏  14 GB/ 28 GB   58 MB/s   4m11s[K[?25h[?2026l[?2026h[?25l[A[1Gpulling manifest [K
pulling f5c702d8820d:  49% ▕████████          ▏  14 GB/ 28 GB   58 MB/s   4m10s[K[?25h[?2026l[?2026h[?25l[A[1Gpulling manifest [K
pulling f5c702d8820d:  49% ▕████████          ▏  14 GB/ 28 GB   58 MB/s   4m10s[K[?25h[?2026l[?2026h[?25l[A[1Gpulling manifest [K
pulling f5c702d8820d:  49% ▕████████          ▏  14 GB/ 28 GB   58 MB/s   4m10s[K[?25h[?2026l[?2026h[?25l[A[1Gpulling manifest [K
pulling f5c702d8820d:  49% ▕████████          ▏  14 GB/ 28 GB   58 MB/s   4m10s[K[?25h[?2026l[?2026h[?25l[A[1Gpulling manifest [K
pulling f5c702d8820d:  49% ▕████████          ▏  14 GB/ 28 GB   58 MB/s   4m10s[K[?25h[?2026l[?2026h[?25l[A[1Gpulling manifest [K
pulling f5c702d8820d:  49% ▕████████          ▏  14 GB/ 28 GB   58 MB/s   4m10s[K[?25h[?2026l[?2026h[?25l[A[1Gpulling manifest [K
pulling f5c702d8820d:  49% ▕████████          ▏  14 GB/ 28 GB   58 MB/s   4m10s[K[?25h[?2026l[?2026h[?25l[A[1Gpulling manifest [K
pulling f5c702d8820d:  49% ▕████████          ▏  14 GB/ 28 GB   58 MB/s   4m10s[K[?25h[?2026l[?2026h[?25l[A[1Gpulling manifest [K
pulling f5c702d8820d:  49% ▕████████          ▏  14 GB/ 28 GB   57 MB/s   4m12s[K[?25h[?2026l[?2026h[?25l[A[1Gpulling manifest [K
pulling f5c702d8820d:  49% ▕████████          ▏  14 GB/ 28 GB   57 MB/s   4m12s[K[?25h[?2026l[?2026h[?25l[A[1Gpulling manifest [K
pulling f5c702d8820d:  49% ▕████████          ▏  14 GB/ 28 GB   57 MB/s   4m12s[K[?25h[?2026l[?2026h[?25l[A[1Gpulling manifest [K
pulling f5c702d8820d:  49% ▕████████          ▏  14 GB/ 28 GB   57 MB/s   4m11s[K[?25h[?2026l[?2026h[?25l[A[1Gpulling manifest [K
pulling f5c702d8820d:  49% ▕████████          ▏  14 GB/ 28 GB   57 MB/s   4m11s[K[?25h[?2026l[?2026h[?25l[A[1Gpulling manifest [K
pulling f5c702d8820d:  49% ▕████████          ▏  14 GB/ 28 GB   57 MB/s   4m11s[K[?25h[?2026l[?2026h[?25l[A[1Gpulling manifest [K
pulling f5c702d8820d:  49% ▕████████          ▏  14 GB/ 28 GB   57 MB/s   4m11s[K[?25h[?2026l[?2026h[?25l[A[1Gpulling manifest [K
pulling f5c702d8820d:  49% ▕████████          ▏  14 GB/ 28 GB   57 MB/s   4m11s[K[?25h[?2026l[?2026h[?25l[A[1Gpulling manifest [K
pulling f5c702d8820d:  49% ▕████████          ▏  14 GB/ 28 GB   57 MB/s   4m11s[K[?25h[?2026l[?2026h[?25l[A[1Gpulling manifest [K
pulling f5c702d8820d:  49% ▕████████          ▏  14 GB/ 28 GB   57 MB/s   4m11s[K[?25h[?2026l[?2026h[?25l[A[1Gpulling manifest [K
pulling f5c702d8820d:  49% ▕████████          ▏  14 GB/ 28 GB   58 MB/s    4m8s[K[?25h[?2026l[?2026h[?25l[A[1Gpulling manifest [K
pulling f5c702d8820d:  49% ▕████████          ▏  14 GB/ 28 GB   58 MB/s    4m8s[K[?25h[?2026l[?2026h[?25l[A[1Gpulling manifest [K
pulling f5c702d8820d:  49% ▕████████          ▏  14 GB/ 28 GB   58 MB/s    4m8s[K[?25h[?2026l[?2026h[?25l[A[1Gpulling manifest [K
pulling f5c702d8820d:  49% ▕████████          ▏  14 GB/ 28 GB   58 MB/s    4m8s[K[?25h[?2026l[?2026h[?25l[A[1Gpulling manifest [K
pulling f5c702d8820d:  49% ▕████████          ▏  14 GB/ 28 GB   58 MB/s    4m8s[K[?25h[?2026l[?2026h[?25l[A[1Gpulling manifest [K
pulling f5c702d8820d:  50% ▕████████          ▏  14 GB/ 28 GB   58 MB/s    4m8s[K[?25h[?2026l[?2026h[?25l[A[1Gpulling manifest [K
pulling f5c702d8820d:  50% ▕████████          ▏  14 GB/ 28 GB   58 MB/s    4m8s[K[?25h[?2026l[?2026h[?25l[A[1Gpulling manifest [K
pulling f5c702d8820d:  50% ▕████████          ▏  14 GB/ 28 GB   58 MB/s    4m7s[K[?25h[?2026l[?2026h[?25l[A[1Gpulling manifest [K
pulling f5c702d8820d:  50% ▕████████          ▏  14 GB/ 28 GB   58 MB/s    4m7s[K[?25h[?2026l[?2026h[?25l[A[1Gpulling manifest [K
pulling f5c702d8820d:  50% ▕████████          ▏  14 GB/ 28 GB   58 MB/s    4m7s[K[?25h[?2026l[?2026h[?25l[A[1Gpulling manifest [K
pulling f5c702d8820d:  50% ▕████████          ▏  14 GB/ 28 GB   58 MB/s    4m7s[K[?25h[?2026l[?2026h[?25l[A[1Gpulling manifest [K
pulling f5c702d8820d:  50% ▕████████          ▏  14 GB/ 28 GB   58 MB/s    4m7s[K[?25h[?2026l[?2026h[?25l[A[1Gpulling manifest [K
pulling f5c702d8820d:  50% ▕████████          ▏  14 GB/ 28 GB   58 MB/s    4m7s[K[?25h[?2026l[?2026h[?25l[A[1Gpulling manifest [K
pulling f5c702d8820d:  50% ▕████████          ▏  14 GB/ 28 GB   58 MB/s    4m7s[K[?25h[?2026l[?2026h[?25l[A[1Gpulling manifest [K
pulling f5c702d8820d:  50% ▕████████          ▏  14 GB/ 28 GB   58 MB/s    4m7s[K[?25h[?2026l[?2026h[?25l[A[1Gpulling manifest [K
pulling f5c702d8820d:  50% ▕████████          ▏  14 GB/ 28 GB   58 MB/s    4m7s[K[?25h[?2026l[?2026h[?25l[A[1Gpulling manifest [K
pulling f5c702d8820d:  50% ▕████████          ▏  14 GB/ 28 GB   58 MB/s    4m7s[K[?25h[?2026l[?2026h[?25l[A[1Gpulling manifest [K
pulling f5c702d8820d:  50% ▕████████          ▏  14 GB/ 28 GB   58 MB/s    4m7s[K[?25h[?2026l[?2026h[?25l[A[1Gpulling manifest [K
pulling f5c702d8820d:  50% ▕████████          ▏  14 GB/ 28 GB   58 MB/s    4m7s[K[?25h[?2026l[?2026h[?25l[A[1Gpulling manifest [K
pulling f5c702d8820d:  50% ▕████████          ▏  14 GB/ 28 GB   58 MB/s    4m6s[K[?25h[?2026l[?2026h[?25l[A[1Gpulling manifest [K
pulling f5c702d8820d:  50% ▕████████          ▏  14 GB/ 28 GB   58 MB/s    4m6s[K[?25h[?2026l[?2026h[?25l[A[1Gpulling manifest [K
pulling f5c702d8820d:  50% ▕████████          ▏  14 GB/ 28 GB   58 MB/s    4m6s[K[?25h[?2026l[?2026h[?25l[A[1Gpulling manifest [K
pulling f5c702d8820d:  50% ▕████████          ▏  14 GB/ 28 GB   58 MB/s    4m6s[K[?25h[?2026l[?2026h[?25l[A[1Gpulling manifest [K
pulling f5c702d8820d:  50% ▕████████          ▏  14 GB/ 28 GB   58 MB/s    4m6s[K[?25h[?2026l[?2026h[?25l[A[1Gpulling manifest [K
pulling f5c702d8820d:  50% ▕████████          ▏  14 GB/ 28 GB   58 MB/s    4m6s[K[?25h[?2026l[?2026h[?25l[A[1Gpulling manifest [K
pulling f5c702d8820d:  50% ▕████████          ▏  14 GB/ 28 GB   58 MB/s    4m6s[K[?25h[?2026l[?2026h[?25l[A[1Gpulling manifest [K
pulling f5c702d8820d:  50% ▕████████          ▏  14 GB/ 28 GB   58 MB/s    4m6s[K[?25h[?2026l[?2026h[?25l[A[1Gpulling manifest [K
pulling f5c702d8820d:  50% ▕████████          ▏  14 GB/ 28 GB   58 MB/s    4m6s[K[?25h[?2026l[?2026h[?25l[A[1Gpulling manifest [K
pulling f5c702d8820d:  50% ▕████████          ▏  14 GB/ 28 GB   58 MB/s    4m6s[K[?25h[?2026l[?2026h[?25l[A[1Gpulling manifest [K
pulling f5c702d8820d:  50% ▕████████          ▏  14 GB/ 28 GB   58 MB/s    4m6s[K[?25h[?2026l[?2026h[?25l[A[1Gpulling manifest [K
pulling f5c702d8820d:  50% ▕█████████         ▏  14 GB/ 28 GB   58 MB/s    4m6s[K[?25h[?2026l[?2026h[?25l[A[1Gpulling manifest [K
pulling f5c702d8820d:  50% ▕█████████         ▏  14 GB/ 28 GB   57 MB/s    4m8s[K[?25h[?2026l[?2026h[?25l[A[1Gpulling manifest [K
pulling f5c702d8820d:  50% ▕█████████         ▏  14 GB/ 28 GB   57 MB/s    4m8s[K[?25h[?2026l[?2026h[?25l[A[1Gpulling manifest [K
pulling f5c702d8820d:  50% ▕█████████         ▏  14 GB/ 28 GB   57 MB/s    4m8s[K[?25h[?2026l[?2026h[?25l[A[1Gpulling manifest [K
pulling f5c702d8820d:  50% ▕█████████         ▏  14 GB/ 28 GB   57 MB/s    4m7s[K[?25h[?2026l[?2026h[?25l[A[1Gpulling manifest [K
pulling f5c702d8820d:  50% ▕█████████         ▏  14 GB/ 28 GB   57 MB/s    4m7s[K[?25h[?2026l[?2026h[?25l[A[1Gpulling manifest [K
pulling f5c702d8820d:  50% ▕█████████         ▏  14 GB/ 28 GB   57 MB/s    4m7s[K[?25h[?2026l[?2026h[?25l[A[1Gpulling manifest [K
pulling f5c702d8820d:  50% ▕█████████         ▏  14 GB/ 28 GB   57 MB/s    4m7s[K[?25h[?2026l[?2026h[?25l[A[1Gpulling manifest [K
pulling f5c702d8820d:  50% ▕█████████         ▏  14 GB/ 28 GB   57 MB/s    4m7s[K[?25h[?2026l[?2026h[?25l[A[1Gpulling manifest [K
pulling f5c702d8820d:  50% ▕█████████         ▏  14 GB/ 28 GB   57 MB/s    4m7s[K[?25h[?2026l[?2026h[?25l[A[1Gpulling manifest [K
pulling f5c702d8820d:  50% ▕█████████         ▏  14 GB/ 28 GB   57 MB/s    4m7s[K[?25h[?2026l[?2026h[?25l[A[1Gpulling manifest [K
pulling f5c702d8820d:  50% ▕█████████         ▏  14 GB/ 28 GB   59 MB/s   3m59s[K[?25h[?2026l[?2026h[?25l[A[1Gpulling manifest [K
pulling f5c702d8820d:  50% ▕█████████         ▏  14 GB/ 28 GB   59 MB/s   3m59s[K[?25h[?2026l[?2026h[?25l[A[1Gpulling manifest [K
pulling f5c702d8820d:  50% ▕█████████         ▏  14 GB/ 28 GB   59 MB/s   3m59s[K[?25h[?2026l[?2026h[?25l[A[1Gpulling manifest [K
pulling f5c702d8820d:  50% ▕█████████         ▏  14 GB/ 28 GB   59 MB/s   3m59s[K[?25h[?2026l[?2026h[?25l[A[1Gpulling manifest [K
pulling f5c702d8820d:  50% ▕█████████         ▏  14 GB/ 28 GB   59 MB/s   3m59s[K[?25h[?2026l[?2026h[?25l[A[1Gpulling manifest [K
pulling f5c702d8820d:  50% ▕█████████         ▏  14 GB/ 28 GB   59 MB/s   3m58s[K[?25h[?2026l[?2026h[?25l[A[1Gpulling manifest [K
pulling f5c702d8820d:  50% ▕█████████         ▏  14 GB/ 28 GB   59 MB/s   3m58s[K[?25h[?2026l[?2026h[?25l[A[1Gpulling manifest [K
pulling f5c702d8820d:  50% ▕█████████         ▏  14 GB/ 28 GB   59 MB/s   3m58s[K[?25h[?2026l[?2026h[?25l[A[1Gpulling manifest [K
pulling f5c702d8820d:  50% ▕█████████         ▏  14 GB/ 28 GB   59 MB/s   3m58s[K[?25h[?2026l[?2026h[?25l[A[1Gpulling manifest [K
pulling f5c702d8820d:  50% ▕█████████         ▏  14 GB/ 28 GB   59 MB/s   3m58s[K[?25h[?2026l[?2026h[?25l[A[1Gpulling manifest [K
pulling f5c702d8820d:  50% ▕█████████         ▏  14 GB/ 28 GB   59 MB/s   3m58s[K[?25h[?2026l[?2026h[?25l[A[1Gpulling manifest [K
pulling f5c702d8820d:  50% ▕█████████         ▏  14 GB/ 28 GB   59 MB/s   3m58s[K[?25h[?2026l[?2026h[?25l[A[1Gpulling manifest [K
pulling f5c702d8820d:  50% ▕█████████         ▏  14 GB/ 28 GB   59 MB/s   3m57s[K[?25h[?2026l[?2026h[?25l[A[1Gpulling manifest [K
pulling f5c702d8820d:  51% ▕█████████         ▏  14 GB/ 28 GB   59 MB/s   3m57s[K[?25h[?2026l[?2026h[?25l[A[1Gpulling manifest [K
pulling f5c702d8820d:  51% ▕█████████         ▏  14 GB/ 28 GB   59 MB/s   3m57s[K[?25h[?2026l[?2026h[?25l[A[1Gpulling manifest [K
pulling f5c702d8820d:  51% ▕█████████         ▏  14 GB/ 28 GB   59 MB/s   3m57s[K[?25h[?2026l[?2026h[?25l[A[1Gpulling manifest [K
pulling f5c702d8820d:  51% ▕█████████         ▏  14 GB/ 28 GB   59 MB/s   3m57s[K[?25h[?2026l[?2026h[?25l[A[1Gpulling manifest [K
pulling f5c702d8820d:  51% ▕█████████         ▏  14 GB/ 28 GB   59 MB/s   3m57s[K[?25h[?2026l[?2026h[?25l[A[1Gpulling manifest [K
pulling f5c702d8820d:  51% ▕█████████         ▏  14 GB/ 28 GB   59 MB/s   3m57s[K[?25h[?2026l[?2026h[?25l[A[1Gpulling manifest [K
pulling f5c702d8820d:  51% ▕█████████         ▏  14 GB/ 28 GB   59 MB/s   3m57s[K[?25h[?2026l[?2026h[?25l[A[1Gpulling manifest [K
pulling f5c702d8820d:  51% ▕█████████         ▏  14 GB/ 28 GB   59 MB/s   3m57s[K[?25h[?2026l[?2026h[?25l[A[1Gpulling manifest [K
pulling f5c702d8820d:  51% ▕█████████         ▏  14 GB/ 28 GB   59 MB/s   3m57s[K[?25h[?2026l[?2026h[?25l[A[1Gpulling manifest [K
pulling f5c702d8820d:  51% ▕█████████         ▏  14 GB/ 28 GB   59 MB/s   3m57s[K[?25h[?2026l[?2026h[?25l[A[1Gpulling manifest [K
pulling f5c702d8820d:  51% ▕█████████         ▏  14 GB/ 28 GB   59 MB/s   3m56s[K[?25h[?2026l[?2026h[?25l[A[1Gpulling manifest [K
pulling f5c702d8820d:  51% ▕█████████         ▏  14 GB/ 28 GB   59 MB/s   3m56s[K[?25h[?2026l[?2026h[?25l[A[1Gpulling manifest [K
pulling f5c702d8820d:  51% ▕█████████         ▏  14 GB/ 28 GB   59 MB/s   3m56s[K[?25h[?2026l[?2026h[?25l[A[1Gpulling manifest [K
pulling f5c702d8820d:  51% ▕█████████         ▏  14 GB/ 28 GB   59 MB/s   3m56s[K[?25h[?2026l[?2026h[?25l[A[1Gpulling manifest [K
pulling f5c702d8820d:  51% ▕█████████         ▏  14 GB/ 28 GB   59 MB/s   3m56s[K[?25h[?2026l[?2026h[?25l[A[1Gpulling manifest [K
pulling f5c702d8820d:  51% ▕█████████         ▏  14 GB/ 28 GB   59 MB/s   3m56s[K[?25h[?2026l[?2026h[?25l[A[1Gpulling manifest [K
pulling f5c702d8820d:  51% ▕█████████         ▏  14 GB/ 28 GB   59 MB/s   3m56s[K[?25h[?2026l[?2026h[?25l[A[1Gpulling manifest [K
pulling f5c702d8820d:  51% ▕█████████         ▏  14 GB/ 28 GB   59 MB/s   3m56s[K[?25h[?2026l[?2026h[?25l[A[1Gpulling manifest [K
pulling f5c702d8820d:  51% ▕█████████         ▏  14 GB/ 28 GB   59 MB/s   3m54s[K[?25h[?2026l[?2026h[?25l[A[1Gpulling manifest [K
pulling f5c702d8820d:  51% ▕█████████         ▏  14 GB/ 28 GB   59 MB/s   3m53s[K[?25h[?2026l[?2026h[?25l[A[1Gpulling manifest [K
pulling f5c702d8820d:  51% ▕█████████         ▏  14 GB/ 28 GB   59 MB/s   3m53s[K[?25h[?2026l[?2026h[?25l[A[1Gpulling manifest [K
pulling f5c702d8820d:  51% ▕█████████         ▏  14 GB/ 28 GB   59 MB/s   3m53s[K[?25h[?2026l[?2026h[?25l[A[1Gpulling manifest [K
pulling f5c702d8820d:  51% ▕█████████         ▏  14 GB/ 28 GB   59 MB/s   3m53s[K[?25h[?2026l[?2026h[?25l[A[1Gpulling manifest [K
pulling f5c702d8820d:  51% ▕█████████         ▏  14 GB/ 28 GB   59 MB/s   3m53s[K[?25h[?2026l[?2026h[?25l[A[1Gpulling manifest [K
pulling f5c702d8820d:  51% ▕█████████         ▏  14 GB/ 28 GB   59 MB/s   3m53s[K[?25h[?2026l[?2026h[?25l[A[1Gpulling manifest [K
pulling f5c702d8820d:  51% ▕█████████         ▏  14 GB/ 28 GB   59 MB/s   3m53s[K[?25h[?2026l[?2026h[?25l[A[1Gpulling manifest [K
pulling f5c702d8820d:  51% ▕█████████         ▏  14 GB/ 28 GB   59 MB/s   3m53s[K[?25h[?2026l[?2026h[?25l[A[1Gpulling manifest [K
pulling f5c702d8820d:  51% ▕█████████         ▏  14 GB/ 28 GB   59 MB/s   3m53s[K[?25h[?2026l[?2026h[?25l[A[1Gpulling manifest [K
pulling f5c702d8820d:  51% ▕█████████         ▏  14 GB/ 28 GB   60 MB/s   3m51s[K[?25h[?2026l[?2026h[?25l[A[1Gpulling manifest [K
pulling f5c702d8820d:  51% ▕█████████         ▏  14 GB/ 28 GB   60 MB/s   3m51s[K[?25h[?2026l[?2026h[?25l[A[1Gpulling manifest [K
pulling f5c702d8820d:  51% ▕█████████         ▏  14 GB/ 28 GB   60 MB/s   3m51s[K[?25h[?2026l[?2026h[?25l[A[1Gpulling manifest [K
pulling f5c702d8820d:  51% ▕█████████         ▏  14 GB/ 28 GB   60 MB/s   3m50s[K[?25h[?2026l[?2026h[?25l[A[1Gpulling manifest [K
pulling f5c702d8820d:  51% ▕█████████         ▏  14 GB/ 28 GB   60 MB/s   3m50s[K[?25h[?2026l[?2026h[?25l[A[1Gpulling manifest [K
pulling f5c702d8820d:  51% ▕█████████         ▏  14 GB/ 28 GB   60 MB/s   3m50s[K[?25h[?2026l[?2026h[?25l[A[1Gpulling manifest [K
pulling f5c702d8820d:  51% ▕█████████         ▏  14 GB/ 28 GB   60 MB/s   3m50s[K[?25h[?2026l[?2026h[?25l[A[1Gpulling manifest [K
pulling f5c702d8820d:  51% ▕█████████         ▏  14 GB/ 28 GB   60 MB/s   3m50s[K[?25h[?2026l[?2026h[?25l[A[1Gpulling manifest [K
pulling f5c702d8820d:  51% ▕█████████         ▏  14 GB/ 28 GB   60 MB/s   3m50s[K[?25h[?2026l[?2026h[?25l[A[1Gpulling manifest [K
pulling f5c702d8820d:  51% ▕█████████         ▏  14 GB/ 28 GB   60 MB/s   3m50s[K[?25h[?2026l[?2026h[?25l[A[1Gpulling manifest [K
pulling f5c702d8820d:  51% ▕█████████         ▏  14 GB/ 28 GB   60 MB/s   3m50s[K[?25h[?2026l[?2026h[?25l[A[1Gpulling manifest [K
pulling f5c702d8820d:  51% ▕█████████         ▏  14 GB/ 28 GB   60 MB/s   3m50s[K[?25h[?2026l[?2026h[?25l[A[1Gpulling manifest [K
pulling f5c702d8820d:  51% ▕█████████         ▏  14 GB/ 28 GB   60 MB/s   3m49s[K[?25h[?2026l[?2026h[?25l[A[1Gpulling manifest [K
pulling f5c702d8820d:  51% ▕█████████         ▏  14 GB/ 28 GB   60 MB/s   3m49s[K[?25h[?2026l[?2026h[?25l[A[1Gpulling manifest [K
pulling f5c702d8820d:  51% ▕█████████         ▏  14 GB/ 28 GB   60 MB/s   3m49s[K[?25h[?2026l[?2026h[?25l[A[1Gpulling manifest [K
pulling f5c702d8820d:  51% ▕█████████         ▏  14 GB/ 28 GB   60 MB/s   3m49s[K[?25h[?2026l[?2026h[?25l[A[1Gpulling manifest [K
pulling f5c702d8820d:  51% ▕█████████         ▏  14 GB/ 28 GB   60 MB/s   3m49s[K[?25h[?2026l[?2026h[?25l[A[1Gpulling manifest [K
pulling f5c702d8820d:  51% ▕█████████         ▏  14 GB/ 28 GB   60 MB/s   3m49s[K[?25h[?2026l[?2026h[?25l[A[1Gpulling manifest [K
pulling f5c702d8820d:  51% ▕█████████         ▏  14 GB/ 28 GB   60 MB/s   3m49s[K[?25h[?2026l[?2026h[?25l[A[1Gpulling manifest [K
pulling f5c702d8820d:  52% ▕█████████         ▏  14 GB/ 28 GB   60 MB/s   3m49s[K[?25h[?2026l[?2026h[?25l[A[1Gpulling manifest [K
pulling f5c702d8820d:  52% ▕█████████         ▏  14 GB/ 28 GB   60 MB/s   3m49s[K[?25h[?2026l[?2026h[?25l[A[1Gpulling manifest [K
pulling f5c702d8820d:  52% ▕█████████         ▏  14 GB/ 28 GB   60 MB/s   3m48s[K[?25h[?2026l[?2026h[?25l[A[1Gpulling manifest [K
pulling f5c702d8820d:  52% ▕█████████         ▏  14 GB/ 28 GB   60 MB/s   3m48s[K[?25h[?2026l[?2026h[?25l[A[1Gpulling manifest [K
pulling f5c702d8820d:  52% ▕█████████         ▏  14 GB/ 28 GB   60 MB/s   3m48s[K[?25h[?2026l[?2026h[?25l[A[1Gpulling manifest [K
pulling f5c702d8820d:  52% ▕█████████         ▏  14 GB/ 28 GB   60 MB/s   3m48s[K[?25h[?2026l[?2026h[?25l[A[1Gpulling manifest [K
pulling f5c702d8820d:  52% ▕█████████         ▏  14 GB/ 28 GB   60 MB/s   3m48s[K[?25h[?2026l[?2026h[?25l[A[1Gpulling manifest [K
pulling f5c702d8820d:  52% ▕█████████         ▏  14 GB/ 28 GB   60 MB/s   3m48s[K[?25h[?2026l[?2026h[?25l[A[1Gpulling manifest [K
pulling f5c702d8820d:  52% ▕█████████         ▏  14 GB/ 28 GB   60 MB/s   3m48s[K[?25h[?2026l[?2026h[?25l[A[1Gpulling manifest [K
pulling f5c702d8820d:  52% ▕█████████         ▏  14 GB/ 28 GB   60 MB/s   3m48s[K[?25h[?2026l[?2026h[?25l[A[1Gpulling manifest [K
pulling f5c702d8820d:  52% ▕█████████         ▏  14 GB/ 28 GB   60 MB/s   3m48s[K[?25h[?2026l[?2026h[?25l[A[1Gpulling manifest [K
pulling f5c702d8820d:  52% ▕█████████         ▏  14 GB/ 28 GB   60 MB/s   3m47s[K[?25h[?2026l[?2026h[?25l[A[1Gpulling manifest [K
pulling f5c702d8820d:  52% ▕█████████         ▏  14 GB/ 28 GB   60 MB/s   3m47s[K[?25h[?2026l[?2026h[?25l[A[1Gpulling manifest [K
pulling f5c702d8820d:  52% ▕█████████         ▏  14 GB/ 28 GB   60 MB/s   3m47s[K[?25h[?2026l[?2026h[?25l[A[1Gpulling manifest [K
pulling f5c702d8820d:  52% ▕█████████         ▏  14 GB/ 28 GB   60 MB/s   3m47s[K[?25h[?2026l[?2026h[?25l[A[1Gpulling manifest [K
pulling f5c702d8820d:  52% ▕█████████         ▏  14 GB/ 28 GB   60 MB/s   3m47s[K[?25h[?2026l[?2026h[?25l[A[1Gpulling manifest [K
pulling f5c702d8820d:  52% ▕█████████         ▏  14 GB/ 28 GB   60 MB/s   3m47s[K[?25h[?2026l[?2026h[?25l[A[1Gpulling manifest [K
pulling f5c702d8820d:  52% ▕█████████         ▏  14 GB/ 28 GB   60 MB/s   3m47s[K[?25h[?2026l[?2026h[?25l[A[1Gpulling manifest [K
pulling f5c702d8820d:  52% ▕█████████         ▏  14 GB/ 28 GB   60 MB/s   3m47s[K[?25h[?2026l[?2026h[?25l[A[1Gpulling manifest [K
pulling f5c702d8820d:  52% ▕█████████         ▏  14 GB/ 28 GB   60 MB/s   3m47s[K[?25h[?2026l[?2026h[?25l[A[1Gpulling manifest [K
pulling f5c702d8820d:  52% ▕█████████         ▏  14 GB/ 28 GB   60 MB/s   3m47s[K[?25h[?2026l[?2026h[?25l[A[1Gpulling manifest [K
pulling f5c702d8820d:  52% ▕█████████         ▏  14 GB/ 28 GB   60 MB/s   3m46s[K[?25h[?2026l[?2026h[?25l[A[1Gpulling manifest [K
pulling f5c702d8820d:  52% ▕█████████         ▏  14 GB/ 28 GB   61 MB/s   3m45s[K[?25h[?2026l[?2026h[?25l[A[1Gpulling manifest [K
pulling f5c702d8820d:  52% ▕█████████         ▏  14 GB/ 28 GB   61 MB/s   3m44s[K[?25h[?2026l[?2026h[?25l[A[1Gpulling manifest [K
pulling f5c702d8820d:  52% ▕█████████         ▏  14 GB/ 28 GB   61 MB/s   3m44s[K[?25h[?2026l[?2026h[?25l[A[1Gpulling manifest [K
pulling f5c702d8820d:  52% ▕█████████         ▏  14 GB/ 28 GB   61 MB/s   3m44s[K[?25h[?2026l[?2026h[?25l[A[1Gpulling manifest [K
pulling f5c702d8820d:  52% ▕█████████         ▏  14 GB/ 28 GB   61 MB/s   3m44s[K[?25h[?2026l[?2026h[?25l[A[1Gpulling manifest [K
pulling f5c702d8820d:  52% ▕█████████         ▏  14 GB/ 28 GB   61 MB/s   3m44s[K[?25h[?2026l[?2026h[?25l[A[1Gpulling manifest [K
pulling f5c702d8820d:  52% ▕█████████         ▏  14 GB/ 28 GB   61 MB/s   3m44s[K[?25h[?2026l[?2026h[?25l[A[1Gpulling manifest [K
pulling f5c702d8820d:  52% ▕█████████         ▏  14 GB/ 28 GB   61 MB/s   3m44s[K[?25h[?2026l[?2026h[?25l[A[1Gpulling manifest [K
pulling f5c702d8820d:  52% ▕█████████         ▏  14 GB/ 28 GB   61 MB/s   3m44s[K[?25h[?2026l[?2026h[?25l[A[1Gpulling manifest [K
pulling f5c702d8820d:  52% ▕█████████         ▏  14 GB/ 28 GB   61 MB/s   3m44s[K[?25h[?2026l[?2026h[?25l[A[1Gpulling manifest [K
pulling f5c702d8820d:  52% ▕█████████         ▏  14 GB/ 28 GB   61 MB/s   3m44s[K[?25h[?2026l[?2026h[?25l[A[1Gpulling manifest [K
pulling f5c702d8820d:  52% ▕█████████         ▏  14 GB/ 28 GB   61 MB/s   3m43s[K[?25h[?2026l[?2026h[?25l[A[1Gpulling manifest [K
pulling f5c702d8820d:  52% ▕█████████         ▏  14 GB/ 28 GB   61 MB/s   3m43s[K[?25h[?2026l[?2026h[?25l[A[1Gpulling manifest [K
pulling f5c702d8820d:  52% ▕█████████         ▏  14 GB/ 28 GB   61 MB/s   3m43s[K[?25h[?2026l[?2026h[?25l[A[1Gpulling manifest [K
pulling f5c702d8820d:  52% ▕█████████         ▏  14 GB/ 28 GB   61 MB/s   3m43s[K[?25h[?2026l[?2026h[?25l[A[1Gpulling manifest [K
pulling f5c702d8820d:  52% ▕█████████         ▏  14 GB/ 28 GB   61 MB/s   3m43s[K[?25h[?2026l[?2026h[?25l[A[1Gpulling manifest [K
pulling f5c702d8820d:  52% ▕█████████         ▏  14 GB/ 28 GB   61 MB/s   3m43s[K[?25h[?2026l[?2026h[?25l[A[1Gpulling manifest [K
pulling f5c702d8820d:  52% ▕█████████         ▏  14 GB/ 28 GB   61 MB/s   3m43s[K[?25h[?2026l[?2026h[?25l[A[1Gpulling manifest [K
pulling f5c702d8820d:  52% ▕█████████         ▏  14 GB/ 28 GB   61 MB/s   3m43s[K[?25h[?2026l[?2026h[?25l[A[1Gpulling manifest [K
pulling f5c702d8820d:  52% ▕█████████         ▏  14 GB/ 28 GB   61 MB/s   3m43s[K[?25h[?2026l[?2026h[?25l[A[1Gpulling manifest [K
pulling f5c702d8820d:  52% ▕█████████         ▏  14 GB/ 28 GB   60 MB/s   3m44s[K[?25h[?2026l[?2026h[?25l[A[1Gpulling manifest [K
pulling f5c702d8820d:  52% ▕█████████         ▏  14 GB/ 28 GB   60 MB/s   3m44s[K[?25h[?2026l[?2026h[?25l[A[1Gpulling manifest [K
pulling f5c702d8820d:  52% ▕█████████         ▏  14 GB/ 28 GB   60 MB/s   3m44s[K[?25h[?2026l[?2026h[?25l[A[1Gpulling manifest [K
pulling f5c702d8820d:  52% ▕█████████         ▏  14 GB/ 28 GB   60 MB/s   3m44s[K[?25h[?2026l[?2026h[?25l[A[1Gpulling manifest [K
pulling f5c702d8820d:  52% ▕█████████         ▏  14 GB/ 28 GB   60 MB/s   3m44s[K[?25h[?2026l[?2026h[?25l[A[1Gpulling manifest [K
pulling f5c702d8820d:  52% ▕█████████         ▏  15 GB/ 28 GB   60 MB/s   3m44s[K[?25h[?2026l[?2026h[?25l[A[1Gpulling manifest [K
pulling f5c702d8820d:  52% ▕█████████         ▏  15 GB/ 28 GB   60 MB/s   3m44s[K[?25h[?2026l[?2026h[?25l[A[1Gpulling manifest [K
pulling f5c702d8820d:  53% ▕█████████         ▏  15 GB/ 28 GB   60 MB/s   3m44s[K[?25h[?2026l[?2026h[?25l[A[1Gpulling manifest [K
pulling f5c702d8820d:  53% ▕█████████         ▏  15 GB/ 28 GB   60 MB/s   3m44s[K[?25h[?2026l[?2026h[?25l[A[1Gpulling manifest [K
pulling f5c702d8820d:  53% ▕█████████         ▏  15 GB/ 28 GB   60 MB/s   3m44s[K[?25h[?2026l[?2026h[?25l[A[1Gpulling manifest [K
pulling f5c702d8820d:  53% ▕█████████         ▏  15 GB/ 28 GB   60 MB/s   3m43s[K[?25h[?2026l[?2026h[?25l[A[1Gpulling manifest [K
pulling f5c702d8820d:  53% ▕█████████         ▏  15 GB/ 28 GB   60 MB/s   3m43s[K[?25h[?2026l[?2026h[?25l[A[1Gpulling manifest [K
pulling f5c702d8820d:  53% ▕█████████         ▏  15 GB/ 28 GB   60 MB/s   3m43s[K[?25h[?2026l[?2026h[?25l[A[1Gpulling manifest [K
pulling f5c702d8820d:  53% ▕█████████         ▏  15 GB/ 28 GB   60 MB/s   3m43s[K[?25h[?2026l[?2026h[?25l[A[1Gpulling manifest [K
pulling f5c702d8820d:  53% ▕█████████         ▏  15 GB/ 28 GB   60 MB/s   3m43s[K[?25h[?2026l[?2026h[?25l[A[1Gpulling manifest [K
pulling f5c702d8820d:  53% ▕█████████         ▏  15 GB/ 28 GB   60 MB/s   3m43s[K[?25h[?2026l[?2026h[?25l[A[1Gpulling manifest [K
pulling f5c702d8820d:  53% ▕█████████         ▏  15 GB/ 28 GB   60 MB/s   3m43s[K[?25h[?2026l[?2026h[?25l[A[1Gpulling manifest [K
pulling f5c702d8820d:  53% ▕█████████         ▏  15 GB/ 28 GB   60 MB/s   3m43s[K[?25h[?2026l[?2026h[?25l[A[1Gpulling manifest [K
pulling f5c702d8820d:  53% ▕█████████         ▏  15 GB/ 28 GB   60 MB/s   3m43s[K[?25h[?2026l[?2026h[?25l[A[1Gpulling manifest [K
pulling f5c702d8820d:  53% ▕█████████         ▏  15 GB/ 28 GB   60 MB/s   3m43s[K[?25h[?2026l[?2026h[?25l[A[1Gpulling manifest [K
pulling f5c702d8820d:  53% ▕█████████         ▏  15 GB/ 28 GB   60 MB/s   3m42s[K[?25h[?2026l[?2026h[?25l[A[1Gpulling manifest [K
pulling f5c702d8820d:  53% ▕█████████         ▏  15 GB/ 28 GB   60 MB/s   3m42s[K[?25h[?2026l[?2026h[?25l[A[1Gpulling manifest [K
pulling f5c702d8820d:  53% ▕█████████         ▏  15 GB/ 28 GB   60 MB/s   3m42s[K[?25h[?2026l[?2026h[?25l[A[1Gpulling manifest [K
pulling f5c702d8820d:  53% ▕█████████         ▏  15 GB/ 28 GB   60 MB/s   3m42s[K[?25h[?2026l[?2026h[?25l[A[1Gpulling manifest [K
pulling f5c702d8820d:  53% ▕█████████         ▏  15 GB/ 28 GB   60 MB/s   3m42s[K[?25h[?2026l[?2026h[?25l[A[1Gpulling manifest [K
pulling f5c702d8820d:  53% ▕█████████         ▏  15 GB/ 28 GB   60 MB/s   3m42s[K[?25h[?2026l[?2026h[?25l[A[1Gpulling manifest [K
pulling f5c702d8820d:  53% ▕█████████         ▏  15 GB/ 28 GB   60 MB/s   3m42s[K[?25h[?2026l[?2026h[?25l[A[1Gpulling manifest [K
pulling f5c702d8820d:  53% ▕█████████         ▏  15 GB/ 28 GB   60 MB/s   3m42s[K[?25h[?2026l[?2026h[?25l[A[1Gpulling manifest [K
pulling f5c702d8820d:  53% ▕█████████         ▏  15 GB/ 28 GB   60 MB/s   3m42s[K[?25h[?2026l[?2026h[?25l[A[1Gpulling manifest [K
pulling f5c702d8820d:  53% ▕█████████         ▏  15 GB/ 28 GB   60 MB/s   3m41s[K[?25h[?2026l[?2026h[?25l[A[1Gpulling manifest [K
pulling f5c702d8820d:  53% ▕█████████         ▏  15 GB/ 28 GB   60 MB/s   3m41s[K[?25h[?2026l[?2026h[?25l[A[1Gpulling manifest [K
pulling f5c702d8820d:  53% ▕█████████         ▏  15 GB/ 28 GB   60 MB/s   3m41s[K[?25h[?2026l[?2026h[?25l[A[1Gpulling manifest [K
pulling f5c702d8820d:  53% ▕█████████         ▏  15 GB/ 28 GB   60 MB/s   3m41s[K[?25h[?2026l[?2026h[?25l[A[1Gpulling manifest [K
pulling f5c702d8820d:  53% ▕█████████         ▏  15 GB/ 28 GB   60 MB/s   3m41s[K[?25h[?2026l[?2026h[?25l[A[1Gpulling manifest [K
pulling f5c702d8820d:  53% ▕█████████         ▏  15 GB/ 28 GB   60 MB/s   3m41s[K[?25h[?2026l[?2026h[?25l[A[1Gpulling manifest [K
pulling f5c702d8820d:  53% ▕█████████         ▏  15 GB/ 28 GB   60 MB/s   3m41s[K[?25h[?2026l[?2026h[?25l[A[1Gpulling manifest [K
pulling f5c702d8820d:  53% ▕█████████         ▏  15 GB/ 28 GB   60 MB/s   3m41s[K[?25h[?2026l[?2026h[?25l[A[1Gpulling manifest [K
pulling f5c702d8820d:  53% ▕█████████         ▏  15 GB/ 28 GB   60 MB/s   3m41s[K[?25h[?2026l[?2026h[?25l[A[1Gpulling manifest [K
pulling f5c702d8820d:  53% ▕█████████         ▏  15 GB/ 28 GB   60 MB/s   3m41s[K[?25h[?2026l[?2026h[?25l[A[1Gpulling manifest [K
pulling f5c702d8820d:  53% ▕█████████         ▏  15 GB/ 28 GB   60 MB/s   3m41s[K[?25h[?2026l[?2026h[?25l[A[1Gpulling manifest [K
pulling f5c702d8820d:  53% ▕█████████         ▏  15 GB/ 28 GB   60 MB/s   3m41s[K[?25h[?2026l[?2026h[?25l[A[1Gpulling manifest [K
pulling f5c702d8820d:  53% ▕█████████         ▏  15 GB/ 28 GB   59 MB/s   3m44s[K[?25h[?2026l[?2026h[?25l[A[1Gpulling manifest [K
pulling f5c702d8820d:  53% ▕█████████         ▏  15 GB/ 28 GB   59 MB/s   3m44s[K[?25h[?2026l[?2026h[?25l[A[1Gpulling manifest [K
pulling f5c702d8820d:  53% ▕█████████         ▏  15 GB/ 28 GB   59 MB/s   3m44s[K[?25h[?2026l[?2026h[?25l[A[1Gpulling manifest [K
pulling f5c702d8820d:  53% ▕█████████         ▏  15 GB/ 28 GB   59 MB/s   3m44s[K[?25h[?2026l[?2026h[?25l[A[1Gpulling manifest [K
pulling f5c702d8820d:  53% ▕█████████         ▏  15 GB/ 28 GB   59 MB/s   3m44s[K[?25h[?2026l[?2026h[?25l[A[1Gpulling manifest [K
pulling f5c702d8820d:  53% ▕█████████         ▏  15 GB/ 28 GB   59 MB/s   3m44s[K[?25h[?2026l[?2026h[?25l[A[1Gpulling manifest [K
pulling f5c702d8820d:  53% ▕█████████         ▏  15 GB/ 28 GB   59 MB/s   3m43s[K[?25h[?2026l[?2026h[?25l[A[1Gpulling manifest [K
pulling f5c702d8820d:  53% ▕█████████         ▏  15 GB/ 28 GB   59 MB/s   3m43s[K[?25h[?2026l[?2026h[?25l[A[1Gpulling manifest [K
pulling f5c702d8820d:  53% ▕█████████         ▏  15 GB/ 28 GB   59 MB/s   3m43s[K[?25h[?2026l[?2026h[?25l[A[1Gpulling manifest [K
pulling f5c702d8820d:  53% ▕█████████         ▏  15 GB/ 28 GB   59 MB/s   3m43s[K[?25h[?2026l[?2026h[?25l[A[1Gpulling manifest [K
pulling f5c702d8820d:  53% ▕█████████         ▏  15 GB/ 28 GB   58 MB/s   3m47s[K[?25h[?2026l[?2026h[?25l[A[1Gpulling manifest [K
pulling f5c702d8820d:  53% ▕█████████         ▏  15 GB/ 28 GB   58 MB/s   3m47s[K[?25h[?2026l[?2026h[?25l[A[1Gpulling manifest [K
pulling f5c702d8820d:  53% ▕█████████         ▏  15 GB/ 28 GB   58 MB/s   3m47s[K[?25h[?2026l[?2026h[?25l[A[1Gpulling manifest [K
pulling f5c702d8820d:  53% ▕█████████         ▏  15 GB/ 28 GB   58 MB/s   3m47s[K[?25h[?2026l[?2026h[?25l[A[1Gpulling manifest [K
pulling f5c702d8820d:  53% ▕█████████         ▏  15 GB/ 28 GB   58 MB/s   3m46s[K[?25h[?2026l[?2026h[?25l[A[1Gpulling manifest [K
pulling f5c702d8820d:  53% ▕█████████         ▏  15 GB/ 28 GB   58 MB/s   3m46s[K[?25h[?2026l[?2026h[?25l[A[1Gpulling manifest [K
pulling f5c702d8820d:  53% ▕█████████         ▏  15 GB/ 28 GB   58 MB/s   3m46s[K[?25h[?2026l[?2026h[?25l[A[1Gpulling manifest [K
pulling f5c702d8820d:  54% ▕█████████         ▏  15 GB/ 28 GB   58 MB/s   3m46s[K[?25h[?2026l[?2026h[?25l[A[1Gpulling manifest [K
pulling f5c702d8820d:  54% ▕█████████         ▏  15 GB/ 28 GB   58 MB/s   3m46s[K[?25h[?2026l[?2026h[?25l[A[1Gpulling manifest [K
pulling f5c702d8820d:  54% ▕█████████         ▏  15 GB/ 28 GB   58 MB/s   3m46s[K[?25h[?2026l[?2026h[?25l[A[1Gpulling manifest [K
pulling f5c702d8820d:  54% ▕█████████         ▏  15 GB/ 28 GB   58 MB/s   3m46s[K[?25h[?2026l[?2026h[?25l[A[1Gpulling manifest [K
pulling f5c702d8820d:  54% ▕█████████         ▏  15 GB/ 28 GB   58 MB/s   3m46s[K[?25h[?2026l[?2026h[?25l[A[1Gpulling manifest [K
pulling f5c702d8820d:  54% ▕█████████         ▏  15 GB/ 28 GB   58 MB/s   3m46s[K[?25h[?2026l[?2026h[?25l[A[1Gpulling manifest [K
pulling f5c702d8820d:  54% ▕█████████         ▏  15 GB/ 28 GB   58 MB/s   3m46s[K[?25h[?2026l[?2026h[?25l[A[1Gpulling manifest [K
pulling f5c702d8820d:  54% ▕█████████         ▏  15 GB/ 28 GB   58 MB/s   3m46s[K[?25h[?2026l[?2026h[?25l[A[1Gpulling manifest [K
pulling f5c702d8820d:  54% ▕█████████         ▏  15 GB/ 28 GB   58 MB/s   3m45s[K[?25h[?2026l[?2026h[?25l[A[1Gpulling manifest [K
pulling f5c702d8820d:  54% ▕█████████         ▏  15 GB/ 28 GB   58 MB/s   3m45s[K[?25h[?2026l[?2026h[?25l[A[1Gpulling manifest [K
pulling f5c702d8820d:  54% ▕█████████         ▏  15 GB/ 28 GB   58 MB/s   3m45s[K[?25h[?2026l[?2026h[?25l[A[1Gpulling manifest [K
pulling f5c702d8820d:  54% ▕█████████         ▏  15 GB/ 28 GB   58 MB/s   3m45s[K[?25h[?2026l[?2026h[?25l[A[1Gpulling manifest [K
pulling f5c702d8820d:  54% ▕█████████         ▏  15 GB/ 28 GB   58 MB/s   3m45s[K[?25h[?2026l[?2026h[?25l[A[1Gpulling manifest [K
pulling f5c702d8820d:  54% ▕█████████         ▏  15 GB/ 28 GB   58 MB/s   3m45s[K[?25h[?2026l[?2026h[?25l[A[1Gpulling manifest [K
pulling f5c702d8820d:  54% ▕█████████         ▏  15 GB/ 28 GB   58 MB/s   3m45s[K[?25h[?2026l[?2026h[?25l[A[1Gpulling manifest [K
pulling f5c702d8820d:  54% ▕█████████         ▏  15 GB/ 28 GB   58 MB/s   3m45s[K[?25h[?2026l[?2026h[?25l[A[1Gpulling manifest [K
pulling f5c702d8820d:  54% ▕█████████         ▏  15 GB/ 28 GB   58 MB/s   3m45s[K[?25h[?2026l[?2026h[?25l[A[1Gpulling manifest [K
pulling f5c702d8820d:  54% ▕█████████         ▏  15 GB/ 28 GB   58 MB/s   3m45s[K[?25h[?2026l[?2026h[?25l[A[1Gpulling manifest [K
pulling f5c702d8820d:  54% ▕█████████         ▏  15 GB/ 28 GB   58 MB/s   3m44s[K[?25h[?2026l[?2026h[?25l[A[1Gpulling manifest [K
pulling f5c702d8820d:  54% ▕█████████         ▏  15 GB/ 28 GB   58 MB/s   3m44s[K[?25h[?2026l[?2026h[?25l[A[1Gpulling manifest [K
pulling f5c702d8820d:  54% ▕█████████         ▏  15 GB/ 28 GB   58 MB/s   3m44s[K[?25h[?2026l[?2026h[?25l[A[1Gpulling manifest [K
pulling f5c702d8820d:  54% ▕█████████         ▏  15 GB/ 28 GB   58 MB/s   3m44s[K[?25h[?2026l[?2026h[?25l[A[1Gpulling manifest [K
pulling f5c702d8820d:  54% ▕█████████         ▏  15 GB/ 28 GB   58 MB/s   3m44s[K[?25h[?2026l[?2026h[?25l[A[1Gpulling manifest [K
pulling f5c702d8820d:  54% ▕█████████         ▏  15 GB/ 28 GB   58 MB/s   3m44s[K[?25h[?2026l[?2026h[?25l[A[1Gpulling manifest [K
pulling f5c702d8820d:  54% ▕█████████         ▏  15 GB/ 28 GB   58 MB/s   3m44s[K[?25h[?2026l[?2026h[?25l[A[1Gpulling manifest [K
pulling f5c702d8820d:  54% ▕█████████         ▏  15 GB/ 28 GB   58 MB/s   3m44s[K[?25h[?2026l[?2026h[?25l[A[1Gpulling manifest [K
pulling f5c702d8820d:  54% ▕█████████         ▏  15 GB/ 28 GB   58 MB/s   3m44s[K[?25h[?2026l[?2026h[?25l[A[1Gpulling manifest [K
pulling f5c702d8820d:  54% ▕█████████         ▏  15 GB/ 28 GB   58 MB/s   3m43s[K[?25h[?2026l[?2026h[?25l[A[1Gpulling manifest [K
pulling f5c702d8820d:  54% ▕█████████         ▏  15 GB/ 28 GB   58 MB/s   3m43s[K[?25h[?2026l[?2026h[?25l[A[1Gpulling manifest [K
pulling f5c702d8820d:  54% ▕█████████         ▏  15 GB/ 28 GB   58 MB/s   3m43s[K[?25h[?2026l[?2026h[?25l[A[1Gpulling manifest [K
pulling f5c702d8820d:  54% ▕█████████         ▏  15 GB/ 28 GB   58 MB/s   3m43s[K[?25h[?2026l[?2026h[?25l[A[1Gpulling manifest [K
pulling f5c702d8820d:  54% ▕█████████         ▏  15 GB/ 28 GB   58 MB/s   3m43s[K[?25h[?2026l[?2026h[?25l[A[1Gpulling manifest [K
pulling f5c702d8820d:  54% ▕█████████         ▏  15 GB/ 28 GB   58 MB/s   3m43s[K[?25h[?2026l[?2026h[?25l[A[1Gpulling manifest [K
pulling f5c702d8820d:  54% ▕█████████         ▏  15 GB/ 28 GB   58 MB/s   3m43s[K[?25h[?2026l[?2026h[?25l[A[1Gpulling manifest [K
pulling f5c702d8820d:  54% ▕█████████         ▏  15 GB/ 28 GB   59 MB/s   3m41s[K[?25h[?2026l[?2026h[?25l[A[1Gpulling manifest [K
pulling f5c702d8820d:  54% ▕█████████         ▏  15 GB/ 28 GB   59 MB/s   3m41s[K[?25h[?2026l[?2026h[?25l[A[1Gpulling manifest [K
pulling f5c702d8820d:  54% ▕█████████         ▏  15 GB/ 28 GB   59 MB/s   3m41s[K[?25h[?2026l[?2026h[?25l[A[1Gpulling manifest [K
pulling f5c702d8820d:  54% ▕█████████         ▏  15 GB/ 28 GB   59 MB/s   3m41s[K[?25h[?2026l[?2026h[?25l[A[1Gpulling manifest [K
pulling f5c702d8820d:  54% ▕█████████         ▏  15 GB/ 28 GB   59 MB/s   3m41s[K[?25h[?2026l[?2026h[?25l[A[1Gpulling manifest [K
pulling f5c702d8820d:  54% ▕█████████         ▏  15 GB/ 28 GB   59 MB/s   3m40s[K[?25h[?2026l[?2026h[?25l[A[1Gpulling manifest [K
pulling f5c702d8820d:  54% ▕█████████         ▏  15 GB/ 28 GB   59 MB/s   3m40s[K[?25h[?2026l[?2026h[?25l[A[1Gpulling manifest [K
pulling f5c702d8820d:  54% ▕█████████         ▏  15 GB/ 28 GB   59 MB/s   3m40s[K[?25h[?2026l[?2026h[?25l[A[1Gpulling manifest [K
pulling f5c702d8820d:  54% ▕█████████         ▏  15 GB/ 28 GB   59 MB/s   3m40s[K[?25h[?2026l[?2026h[?25l[A[1Gpulling manifest [K
pulling f5c702d8820d:  54% ▕█████████         ▏  15 GB/ 28 GB   59 MB/s   3m40s[K[?25h[?2026l[?2026h[?25l[A[1Gpulling manifest [K
pulling f5c702d8820d:  54% ▕█████████         ▏  15 GB/ 28 GB   59 MB/s   3m40s[K[?25h[?2026l[?2026h[?25l[A[1Gpulling manifest [K
pulling f5c702d8820d:  54% ▕█████████         ▏  15 GB/ 28 GB   59 MB/s   3m40s[K[?25h[?2026l[?2026h[?25l[A[1Gpulling manifest [K
pulling f5c702d8820d:  54% ▕█████████         ▏  15 GB/ 28 GB   59 MB/s   3m40s[K[?25h[?2026l[?2026h[?25l[A[1Gpulling manifest [K
pulling f5c702d8820d:  55% ▕█████████         ▏  15 GB/ 28 GB   59 MB/s   3m40s[K[?25h[?2026l[?2026h[?25l[A[1Gpulling manifest [K
pulling f5c702d8820d:  55% ▕█████████         ▏  15 GB/ 28 GB   59 MB/s   3m39s[K[?25h[?2026l[?2026h[?25l[A[1Gpulling manifest [K
pulling f5c702d8820d:  55% ▕█████████         ▏  15 GB/ 28 GB   59 MB/s   3m39s[K[?25h[?2026l[?2026h[?25l[A[1Gpulling manifest [K
pulling f5c702d8820d:  55% ▕█████████         ▏  15 GB/ 28 GB   59 MB/s   3m39s[K[?25h[?2026l[?2026h[?25l[A[1Gpulling manifest [K
pulling f5c702d8820d:  55% ▕█████████         ▏  15 GB/ 28 GB   59 MB/s   3m39s[K[?25h[?2026l[?2026h[?25l[A[1Gpulling manifest [K
pulling f5c702d8820d:  55% ▕█████████         ▏  15 GB/ 28 GB   59 MB/s   3m39s[K[?25h[?2026l[?2026h[?25l[A[1Gpulling manifest [K
pulling f5c702d8820d:  55% ▕█████████         ▏  15 GB/ 28 GB   59 MB/s   3m39s[K[?25h[?2026l[?2026h[?25l[A[1Gpulling manifest [K
pulling f5c702d8820d:  55% ▕█████████         ▏  15 GB/ 28 GB   59 MB/s   3m39s[K[?25h[?2026l[?2026h[?25l[A[1Gpulling manifest [K
pulling f5c702d8820d:  55% ▕█████████         ▏  15 GB/ 28 GB   59 MB/s   3m39s[K[?25h[?2026l[?2026h[?25l[A[1Gpulling manifest [K
pulling f5c702d8820d:  55% ▕█████████         ▏  15 GB/ 28 GB   59 MB/s   3m39s[K[?25h[?2026l[?2026h[?25l[A[1Gpulling manifest [K
pulling f5c702d8820d:  55% ▕█████████         ▏  15 GB/ 28 GB   59 MB/s   3m39s[K[?25h[?2026l[?2026h[?25l[A[1Gpulling manifest [K
pulling f5c702d8820d:  55% ▕█████████         ▏  15 GB/ 28 GB   59 MB/s   3m39s[K[?25h[?2026l[?2026h[?25l[A[1Gpulling manifest [K
pulling f5c702d8820d:  55% ▕█████████         ▏  15 GB/ 28 GB   59 MB/s   3m39s[K[?25h[?2026l[?2026h[?25l[A[1Gpulling manifest [K
pulling f5c702d8820d:  55% ▕█████████         ▏  15 GB/ 28 GB   59 MB/s   3m38s[K[?25h[?2026l[?2026h[?25l[A[1Gpulling manifest [K
pulling f5c702d8820d:  55% ▕█████████         ▏  15 GB/ 28 GB   59 MB/s   3m38s[K[?25h[?2026l[?2026h[?25l[A[1Gpulling manifest [K
pulling f5c702d8820d:  55% ▕█████████         ▏  15 GB/ 28 GB   59 MB/s   3m38s[K[?25h[?2026l[?2026h[?25l[A[1Gpulling manifest [K
pulling f5c702d8820d:  55% ▕█████████         ▏  15 GB/ 28 GB   59 MB/s   3m38s[K[?25h[?2026l[?2026h[?25l[A[1Gpulling manifest [K
pulling f5c702d8820d:  55% ▕█████████         ▏  15 GB/ 28 GB   59 MB/s   3m38s[K[?25h[?2026l[?2026h[?25l[A[1Gpulling manifest [K
pulling f5c702d8820d:  55% ▕█████████         ▏  15 GB/ 28 GB   59 MB/s   3m38s[K[?25h[?2026l[?2026h[?25l[A[1Gpulling manifest [K
pulling f5c702d8820d:  55% ▕█████████         ▏  15 GB/ 28 GB   59 MB/s   3m38s[K[?25h[?2026l[?2026h[?25l[A[1Gpulling manifest [K
pulling f5c702d8820d:  55% ▕█████████         ▏  15 GB/ 28 GB   59 MB/s   3m38s[K[?25h[?2026l[?2026h[?25l[A[1Gpulling manifest [K
pulling f5c702d8820d:  55% ▕█████████         ▏  15 GB/ 28 GB   59 MB/s   3m38s[K[?25h[?2026l[?2026h[?25l[A[1Gpulling manifest [K
pulling f5c702d8820d:  55% ▕█████████         ▏  15 GB/ 28 GB   59 MB/s   3m38s[K[?25h[?2026l[?2026h[?25l[A[1Gpulling manifest [K
pulling f5c702d8820d:  55% ▕█████████         ▏  15 GB/ 28 GB   59 MB/s   3m37s[K[?25h[?2026l[?2026h[?25l[A[1Gpulling manifest [K
pulling f5c702d8820d:  55% ▕█████████         ▏  15 GB/ 28 GB   59 MB/s   3m37s[K[?25h[?2026l[?2026h[?25l[A[1Gpulling manifest [K
pulling f5c702d8820d:  55% ▕█████████         ▏  15 GB/ 28 GB   59 MB/s   3m37s[K[?25h[?2026l[?2026h[?25l[A[1Gpulling manifest [K
pulling f5c702d8820d:  55% ▕█████████         ▏  15 GB/ 28 GB   59 MB/s   3m37s[K[?25h[?2026l[?2026h[?25l[A[1Gpulling manifest [K
pulling f5c702d8820d:  55% ▕█████████         ▏  15 GB/ 28 GB   59 MB/s   3m37s[K[?25h[?2026l[?2026h[?25l[A[1Gpulling manifest [K
pulling f5c702d8820d:  55% ▕█████████         ▏  15 GB/ 28 GB   59 MB/s   3m36s[K[?25h[?2026l[?2026h[?25l[A[1Gpulling manifest [K
pulling f5c702d8820d:  55% ▕█████████         ▏  15 GB/ 28 GB   59 MB/s   3m35s[K[?25h[?2026l[?2026h[?25l[A[1Gpulling manifest [K
pulling f5c702d8820d:  55% ▕█████████         ▏  15 GB/ 28 GB   59 MB/s   3m35s[K[?25h[?2026l[?2026h[?25l[A[1Gpulling manifest [K
pulling f5c702d8820d:  55% ▕█████████         ▏  15 GB/ 28 GB   59 MB/s   3m35s[K[?25h[?2026l[?2026h[?25l[A[1Gpulling manifest [K
pulling f5c702d8820d:  55% ▕█████████         ▏  15 GB/ 28 GB   59 MB/s   3m35s[K[?25h[?2026l[?2026h[?25l[A[1Gpulling manifest [K
pulling f5c702d8820d:  55% ▕█████████         ▏  15 GB/ 28 GB   59 MB/s   3m35s[K[?25h[?2026l[?2026h[?25l[A[1Gpulling manifest [K
pulling f5c702d8820d:  55% ▕█████████         ▏  15 GB/ 28 GB   59 MB/s   3m35s[K[?25h[?2026l[?2026h[?25l[A[1Gpulling manifest [K
pulling f5c702d8820d:  55% ▕█████████         ▏  15 GB/ 28 GB   59 MB/s   3m35s[K[?25h[?2026l[?2026h[?25l[A[1Gpulling manifest [K
pulling f5c702d8820d:  55% ▕█████████         ▏  15 GB/ 28 GB   59 MB/s   3m35s[K[?25h[?2026l[?2026h[?25l[A[1Gpulling manifest [K
pulling f5c702d8820d:  55% ▕█████████         ▏  15 GB/ 28 GB   59 MB/s   3m35s[K[?25h[?2026l[?2026h[?25l[A[1Gpulling manifest [K
pulling f5c702d8820d:  55% ▕█████████         ▏  15 GB/ 28 GB   60 MB/s   3m31s[K[?25h[?2026l[?2026h[?25l[A[1Gpulling manifest [K
pulling f5c702d8820d:  55% ▕█████████         ▏  15 GB/ 28 GB   60 MB/s   3m31s[K[?25h[?2026l[?2026h[?25l[A[1Gpulling manifest [K
pulling f5c702d8820d:  55% ▕█████████         ▏  15 GB/ 28 GB   60 MB/s   3m31s[K[?25h[?2026l[?2026h[?25l[A[1Gpulling manifest [K
pulling f5c702d8820d:  55% ▕█████████         ▏  15 GB/ 28 GB   60 MB/s   3m31s[K[?25h[?2026l[?2026h[?25l[A[1Gpulling manifest [K
pulling f5c702d8820d:  55% ▕█████████         ▏  15 GB/ 28 GB   60 MB/s   3m31s[K[?25h[?2026l[?2026h[?25l[A[1Gpulling manifest [K
pulling f5c702d8820d:  55% ▕█████████         ▏  15 GB/ 28 GB   60 MB/s   3m30s[K[?25h[?2026l[?2026h[?25l[A[1Gpulling manifest [K
pulling f5c702d8820d:  55% ▕█████████         ▏  15 GB/ 28 GB   60 MB/s   3m30s[K[?25h[?2026l[?2026h[?25l[A[1Gpulling manifest [K
pulling f5c702d8820d:  55% ▕█████████         ▏  15 GB/ 28 GB   60 MB/s   3m30s[K[?25h[?2026l[?2026h[?25l[A[1Gpulling manifest [K
pulling f5c702d8820d:  55% ▕█████████         ▏  15 GB/ 28 GB   60 MB/s   3m30s[K[?25h[?2026l[?2026h[?25l[A[1Gpulling manifest [K
pulling f5c702d8820d:  55% ▕█████████         ▏  15 GB/ 28 GB   60 MB/s   3m30s[K[?25h[?2026l[?2026h[?25l[A[1Gpulling manifest [K
pulling f5c702d8820d:  55% ▕█████████         ▏  15 GB/ 28 GB   60 MB/s   3m30s[K[?25h[?2026l[?2026h[?25l[A[1Gpulling manifest [K
pulling f5c702d8820d:  56% ▕█████████         ▏  15 GB/ 28 GB   60 MB/s   3m30s[K[?25h[?2026l[?2026h[?25l[A[1Gpulling manifest [K
pulling f5c702d8820d:  56% ▕█████████         ▏  15 GB/ 28 GB   60 MB/s   3m30s[K[?25h[?2026l[?2026h[?25l[A[1Gpulling manifest [K
pulling f5c702d8820d:  56% ▕█████████         ▏  15 GB/ 28 GB   60 MB/s   3m30s[K[?25h[?2026l[?2026h[?25l[A[1Gpulling manifest [K
pulling f5c702d8820d:  56% ▕█████████         ▏  15 GB/ 28 GB   60 MB/s   3m30s[K[?25h[?2026l[?2026h[?25l[A[1Gpulling manifest [K
pulling f5c702d8820d:  56% ▕█████████         ▏  15 GB/ 28 GB   60 MB/s   3m30s[K[?25h[?2026l[?2026h[?25l[A[1Gpulling manifest [K
pulling f5c702d8820d:  56% ▕██████████        ▏  15 GB/ 28 GB   60 MB/s   3m29s[K[?25h[?2026l[?2026h[?25l[A[1Gpulling manifest [K
pulling f5c702d8820d:  56% ▕██████████        ▏  15 GB/ 28 GB   60 MB/s   3m29s[K[?25h[?2026l[?2026h[?25l[A[1Gpulling manifest [K
pulling f5c702d8820d:  56% ▕██████████        ▏  15 GB/ 28 GB   60 MB/s   3m29s[K[?25h[?2026l[?2026h[?25l[A[1Gpulling manifest [K
pulling f5c702d8820d:  56% ▕██████████        ▏  15 GB/ 28 GB   60 MB/s   3m29s[K[?25h[?2026l[?2026h[?25l[A[1Gpulling manifest [K
pulling f5c702d8820d:  56% ▕██████████        ▏  15 GB/ 28 GB   58 MB/s   3m36s[K[?25h[?2026l[?2026h[?25l[A[1Gpulling manifest [K
pulling f5c702d8820d:  56% ▕██████████        ▏  15 GB/ 28 GB   58 MB/s   3m35s[K[?25h[?2026l[?2026h[?25l[A[1Gpulling manifest [K
pulling f5c702d8820d:  56% ▕██████████        ▏  15 GB/ 28 GB   58 MB/s   3m35s[K[?25h[?2026l[?2026h[?25l[A[1Gpulling manifest [K
pulling f5c702d8820d:  56% ▕██████████        ▏  15 GB/ 28 GB   58 MB/s   3m35s[K[?25h[?2026l[?2026h[?25l[A[1Gpulling manifest [K
pulling f5c702d8820d:  56% ▕██████████        ▏  15 GB/ 28 GB   58 MB/s   3m35s[K[?25h[?2026l[?2026h[?25l[A[1Gpulling manifest [K
pulling f5c702d8820d:  56% ▕██████████        ▏  15 GB/ 28 GB   58 MB/s   3m35s[K[?25h[?2026l[?2026h[?25l[A[1Gpulling manifest [K
pulling f5c702d8820d:  56% ▕██████████        ▏  15 GB/ 28 GB   58 MB/s   3m35s[K[?25h[?2026l[?2026h[?25l[A[1Gpulling manifest [K
pulling f5c702d8820d:  56% ▕██████████        ▏  15 GB/ 28 GB   58 MB/s   3m35s[K[?25h[?2026l[?2026h[?25l[A[1Gpulling manifest [K
pulling f5c702d8820d:  56% ▕██████████        ▏  15 GB/ 28 GB   58 MB/s   3m35s[K[?25h[?2026l[?2026h[?25l[A[1Gpulling manifest [K
pulling f5c702d8820d:  56% ▕██████████        ▏  15 GB/ 28 GB   58 MB/s   3m35s[K[?25h[?2026l[?2026h[?25l[A[1Gpulling manifest [K
pulling f5c702d8820d:  56% ▕██████████        ▏  15 GB/ 28 GB   58 MB/s   3m35s[K[?25h[?2026l[?2026h[?25l[A[1Gpulling manifest [K
pulling f5c702d8820d:  56% ▕██████████        ▏  15 GB/ 28 GB   58 MB/s   3m35s[K[?25h[?2026l[?2026h[?25l[A[1Gpulling manifest [K
pulling f5c702d8820d:  56% ▕██████████        ▏  15 GB/ 28 GB   58 MB/s   3m34s[K[?25h[?2026l[?2026h[?25l[A[1Gpulling manifest [K
pulling f5c702d8820d:  56% ▕██████████        ▏  15 GB/ 28 GB   58 MB/s   3m34s[K[?25h[?2026l[?2026h[?25l[A[1Gpulling manifest [K
pulling f5c702d8820d:  56% ▕██████████        ▏  15 GB/ 28 GB   58 MB/s   3m34s[K[?25h[?2026l[?2026h[?25l[A[1Gpulling manifest [K
pulling f5c702d8820d:  56% ▕██████████        ▏  16 GB/ 28 GB   58 MB/s   3m34s[K[?25h[?2026l[?2026h[?25l[A[1Gpulling manifest [K
pulling f5c702d8820d:  56% ▕██████████        ▏  16 GB/ 28 GB   58 MB/s   3m34s[K[?25h[?2026l[?2026h[?25l[A[1Gpulling manifest [K
pulling f5c702d8820d:  56% ▕██████████        ▏  16 GB/ 28 GB   58 MB/s   3m34s[K[?25h[?2026l[?2026h[?25l[A[1Gpulling manifest [K
pulling f5c702d8820d:  56% ▕██████████        ▏  16 GB/ 28 GB   58 MB/s   3m34s[K[?25h[?2026l[?2026h[?25l[A[1Gpulling manifest [K
pulling f5c702d8820d:  56% ▕██████████        ▏  16 GB/ 28 GB   58 MB/s   3m34s[K[?25h[?2026l[?2026h[?25l[A[1Gpulling manifest [K
pulling f5c702d8820d:  56% ▕██████████        ▏  16 GB/ 28 GB   58 MB/s   3m34s[K[?25h[?2026l[?2026h[?25l[A[1Gpulling manifest [K
pulling f5c702d8820d:  56% ▕██████████        ▏  16 GB/ 28 GB   54 MB/s   3m49s[K[?25h[?2026l[?2026h[?25l[A[1Gpulling manifest [K
pulling f5c702d8820d:  56% ▕██████████        ▏  16 GB/ 28 GB   54 MB/s   3m49s[K[?25h[?2026l[?2026h[?25l[A[1Gpulling manifest [K
pulling f5c702d8820d:  56% ▕██████████        ▏  16 GB/ 28 GB   54 MB/s   3m49s[K[?25h[?2026l[?2026h[?25l[A[1Gpulling manifest [K
pulling f5c702d8820d:  56% ▕██████████        ▏  16 GB/ 28 GB   54 MB/s   3m49s[K[?25h[?2026l[?2026h[?25l[A[1Gpulling manifest [K
pulling f5c702d8820d:  56% ▕██████████        ▏  16 GB/ 28 GB   54 MB/s   3m49s[K[?25h[?2026l[?2026h[?25l[A[1Gpulling manifest [K
pulling f5c702d8820d:  56% ▕██████████        ▏  16 GB/ 28 GB   54 MB/s   3m49s[K[?25h[?2026l[?2026h[?25l[A[1Gpulling manifest [K
pulling f5c702d8820d:  56% ▕██████████        ▏  16 GB/ 28 GB   54 MB/s   3m49s[K[?25h[?2026l[?2026h[?25l[A[1Gpulling manifest [K
pulling f5c702d8820d:  56% ▕██████████        ▏  16 GB/ 28 GB   54 MB/s   3m49s[K[?25h[?2026l[?2026h[?25l[A[1Gpulling manifest [K
pulling f5c702d8820d:  56% ▕██████████        ▏  16 GB/ 28 GB   54 MB/s   3m49s[K[?25h[?2026l[?2026h[?25l[A[1Gpulling manifest [K
pulling f5c702d8820d:  56% ▕██████████        ▏  16 GB/ 28 GB   54 MB/s   3m49s[K[?25h[?2026l[?2026h[?25l[A[1Gpulling manifest [K
pulling f5c702d8820d:  56% ▕██████████        ▏  16 GB/ 28 GB   50 MB/s    4m6s[K[?25h[?2026l[?2026h[?25l[A[1Gpulling manifest [K
pulling f5c702d8820d:  56% ▕██████████        ▏  16 GB/ 28 GB   50 MB/s    4m6s[K[?25h[?2026l[?2026h[?25l[A[1Gpulling manifest [K
pulling f5c702d8820d:  56% ▕██████████        ▏  16 GB/ 28 GB   50 MB/s    4m6s[K[?25h[?2026l[?2026h[?25l[A[1Gpulling manifest [K
pulling f5c702d8820d:  56% ▕██████████        ▏  16 GB/ 28 GB   50 MB/s    4m6s[K[?25h[?2026l[?2026h[?25l[A[1Gpulling manifest [K
pulling f5c702d8820d:  56% ▕██████████        ▏  16 GB/ 28 GB   50 MB/s    4m6s[K[?25h[?2026l[?2026h[?25l[A[1Gpulling manifest [K
pulling f5c702d8820d:  56% ▕██████████        ▏  16 GB/ 28 GB   50 MB/s    4m6s[K[?25h[?2026l[?2026h[?25l[A[1Gpulling manifest [K
pulling f5c702d8820d:  56% ▕██████████        ▏  16 GB/ 28 GB   50 MB/s    4m5s[K[?25h[?2026l[?2026h[?25l[A[1Gpulling manifest [K
pulling f5c702d8820d:  56% ▕██████████        ▏  16 GB/ 28 GB   50 MB/s    4m5s[K[?25h[?2026l[?2026h[?25l[A[1Gpulling manifest [K
pulling f5c702d8820d:  56% ▕██████████        ▏  16 GB/ 28 GB   50 MB/s    4m5s[K[?25h[?2026l[?2026h[?25l[A[1Gpulling manifest [K
pulling f5c702d8820d:  56% ▕██████████        ▏  16 GB/ 28 GB   50 MB/s    4m5s[K[?25h[?2026l[?2026h[?25l[A[1Gpulling manifest [K
pulling f5c702d8820d:  56% ▕██████████        ▏  16 GB/ 28 GB   51 MB/s    4m4s[K[?25h[?2026l[?2026h[?25l[A[1Gpulling manifest [K
pulling f5c702d8820d:  56% ▕██████████        ▏  16 GB/ 28 GB   51 MB/s    4m4s[K[?25h[?2026l[?2026h[?25l[A[1Gpulling manifest [K
pulling f5c702d8820d:  56% ▕██████████        ▏  16 GB/ 28 GB   51 MB/s    4m3s[K[?25h[?2026l[?2026h[?25l[A[1Gpulling manifest [K
pulling f5c702d8820d:  56% ▕██████████        ▏  16 GB/ 28 GB   51 MB/s    4m3s[K[?25h[?2026l[?2026h[?25l[A[1Gpulling manifest [K
pulling f5c702d8820d:  56% ▕██████████        ▏  16 GB/ 28 GB   51 MB/s    4m3s[K[?25h[?2026l[?2026h[?25l[A[1Gpulling manifest [K
pulling f5c702d8820d:  56% ▕██████████        ▏  16 GB/ 28 GB   51 MB/s    4m3s[K[?25h[?2026l[?2026h[?25l[A[1Gpulling manifest [K
pulling f5c702d8820d:  56% ▕██████████        ▏  16 GB/ 28 GB   51 MB/s    4m3s[K[?25h[?2026l[?2026h[?25l[A[1Gpulling manifest [K
pulling f5c702d8820d:  56% ▕██████████        ▏  16 GB/ 28 GB   51 MB/s    4m3s[K[?25h[?2026l[?2026h[?25l[A[1Gpulling manifest [K
pulling f5c702d8820d:  56% ▕██████████        ▏  16 GB/ 28 GB   51 MB/s    4m3s[K[?25h[?2026l[?2026h[?25l[A[1Gpulling manifest [K
pulling f5c702d8820d:  56% ▕██████████        ▏  16 GB/ 28 GB   51 MB/s    4m3s[K[?25h[?2026l[?2026h[?25l[A[1Gpulling manifest [K
pulling f5c702d8820d:  56% ▕██████████        ▏  16 GB/ 28 GB   51 MB/s    4m1s[K[?25h[?2026l[?2026h[?25l[A[1Gpulling manifest [K
pulling f5c702d8820d:  57% ▕██████████        ▏  16 GB/ 28 GB   51 MB/s    4m1s[K[?25h[?2026l[?2026h[?25l[A[1Gpulling manifest [K
pulling f5c702d8820d:  57% ▕██████████        ▏  16 GB/ 28 GB   51 MB/s    4m1s[K[?25h[?2026l[?2026h[?25l[A[1Gpulling manifest [K
pulling f5c702d8820d:  57% ▕██████████        ▏  16 GB/ 28 GB   51 MB/s    4m1s[K[?25h[?2026l[?2026h[?25l[A[1Gpulling manifest [K
pulling f5c702d8820d:  57% ▕██████████        ▏  16 GB/ 28 GB   51 MB/s    4m1s[K[?25h[?2026l[?2026h[?25l[A[1Gpulling manifest [K
pulling f5c702d8820d:  57% ▕██████████        ▏  16 GB/ 28 GB   51 MB/s    4m1s[K[?25h[?2026l[?2026h[?25l[A[1Gpulling manifest [K
pulling f5c702d8820d:  57% ▕██████████        ▏  16 GB/ 28 GB   51 MB/s    4m0s[K[?25h[?2026l[?2026h[?25l[A[1Gpulling manifest [K
pulling f5c702d8820d:  57% ▕██████████        ▏  16 GB/ 28 GB   51 MB/s    4m0s[K[?25h[?2026l[?2026h[?25l[A[1Gpulling manifest [K
pulling f5c702d8820d:  57% ▕██████████        ▏  16 GB/ 28 GB   51 MB/s    4m0s[K[?25h[?2026l[?2026h[?25l[A[1Gpulling manifest [K
pulling f5c702d8820d:  57% ▕██████████        ▏  16 GB/ 28 GB   51 MB/s    4m0s[K[?25h[?2026l[?2026h[?25l[A[1Gpulling manifest [K
pulling f5c702d8820d:  57% ▕██████████        ▏  16 GB/ 28 GB   51 MB/s   3m59s[K[?25h[?2026l[?2026h[?25l[A[1Gpulling manifest [K
pulling f5c702d8820d:  57% ▕██████████        ▏  16 GB/ 28 GB   51 MB/s   3m59s[K[?25h[?2026l[?2026h[?25l[A[1Gpulling manifest [K
pulling f5c702d8820d:  57% ▕██████████        ▏  16 GB/ 28 GB   51 MB/s   3m59s[K[?25h[?2026l[?2026h[?25l[A[1Gpulling manifest [K
pulling f5c702d8820d:  57% ▕██████████        ▏  16 GB/ 28 GB   51 MB/s   3m59s[K[?25h[?2026l[?2026h[?25l[A[1Gpulling manifest [K
pulling f5c702d8820d:  57% ▕██████████        ▏  16 GB/ 28 GB   51 MB/s   3m58s[K[?25h[?2026l[?2026h[?25l[A[1Gpulling manifest [K
pulling f5c702d8820d:  57% ▕██████████        ▏  16 GB/ 28 GB   51 MB/s   3m58s[K[?25h[?2026l[?2026h[?25l[A[1Gpulling manifest [K
pulling f5c702d8820d:  57% ▕██████████        ▏  16 GB/ 28 GB   51 MB/s   3m58s[K[?25h[?2026l[?2026h[?25l[A[1Gpulling manifest [K
pulling f5c702d8820d:  57% ▕██████████        ▏  16 GB/ 28 GB   51 MB/s   3m58s[K[?25h[?2026l[?2026h[?25l[A[1Gpulling manifest [K
pulling f5c702d8820d:  57% ▕██████████        ▏  16 GB/ 28 GB   51 MB/s   3m58s[K[?25h[?2026l[?2026h[?25l[A[1Gpulling manifest [K
pulling f5c702d8820d:  57% ▕██████████        ▏  16 GB/ 28 GB   51 MB/s   3m58s[K[?25h[?2026l[?2026h[?25l[A[1Gpulling manifest [K
pulling f5c702d8820d:  57% ▕██████████        ▏  16 GB/ 28 GB   51 MB/s   3m58s[K[?25h[?2026l[?2026h[?25l[A[1Gpulling manifest [K
pulling f5c702d8820d:  57% ▕██████████        ▏  16 GB/ 28 GB   51 MB/s   3m56s[K[?25h[?2026l[?2026h[?25l[A[1Gpulling manifest [K
pulling f5c702d8820d:  57% ▕██████████        ▏  16 GB/ 28 GB   51 MB/s   3m56s[K[?25h[?2026l[?2026h[?25l[A[1Gpulling manifest [K
pulling f5c702d8820d:  57% ▕██████████        ▏  16 GB/ 28 GB   51 MB/s   3m56s[K[?25h[?2026l[?2026h[?25l[A[1Gpulling manifest [K
pulling f5c702d8820d:  57% ▕██████████        ▏  16 GB/ 28 GB   51 MB/s   3m56s[K[?25h[?2026l[?2026h[?25l[A[1Gpulling manifest [K
pulling f5c702d8820d:  57% ▕██████████        ▏  16 GB/ 28 GB   51 MB/s   3m56s[K[?25h[?2026l[?2026h[?25l[A[1Gpulling manifest [K
pulling f5c702d8820d:  57% ▕██████████        ▏  16 GB/ 28 GB   51 MB/s   3m56s[K[?25h[?2026l[?2026h[?25l[A[1Gpulling manifest [K
pulling f5c702d8820d:  57% ▕██████████        ▏  16 GB/ 28 GB   51 MB/s   3m56s[K[?25h[?2026l[?2026h[?25l[A[1Gpulling manifest [K
pulling f5c702d8820d:  57% ▕██████████        ▏  16 GB/ 28 GB   51 MB/s   3m56s[K[?25h[?2026l[?2026h[?25l[A[1Gpulling manifest [K
pulling f5c702d8820d:  57% ▕██████████        ▏  16 GB/ 28 GB   51 MB/s   3m55s[K[?25h[?2026l[?2026h[?25l[A[1Gpulling manifest [K
pulling f5c702d8820d:  57% ▕██████████        ▏  16 GB/ 28 GB   51 MB/s   3m55s[K[?25h[?2026l[?2026h[?25l[A[1Gpulling manifest [K
pulling f5c702d8820d:  57% ▕██████████        ▏  16 GB/ 28 GB   52 MB/s   3m54s[K[?25h[?2026l[?2026h[?25l[A[1Gpulling manifest [K
pulling f5c702d8820d:  57% ▕██████████        ▏  16 GB/ 28 GB   52 MB/s   3m54s[K[?25h[?2026l[?2026h[?25l[A[1Gpulling manifest [K
pulling f5c702d8820d:  57% ▕██████████        ▏  16 GB/ 28 GB   52 MB/s   3m54s[K[?25h[?2026l[?2026h[?25l[A[1Gpulling manifest [K
pulling f5c702d8820d:  57% ▕██████████        ▏  16 GB/ 28 GB   52 MB/s   3m54s[K[?25h[?2026l[?2026h[?25l[A[1Gpulling manifest [K
pulling f5c702d8820d:  57% ▕██████████        ▏  16 GB/ 28 GB   52 MB/s   3m54s[K[?25h[?2026l[?2026h[?25l[A[1Gpulling manifest [K
pulling f5c702d8820d:  57% ▕██████████        ▏  16 GB/ 28 GB   52 MB/s   3m53s[K[?25h[?2026l[?2026h[?25l[A[1Gpulling manifest [K
pulling f5c702d8820d:  57% ▕██████████        ▏  16 GB/ 28 GB   52 MB/s   3m53s[K[?25h[?2026l[?2026h[?25l[A[1Gpulling manifest [K
pulling f5c702d8820d:  57% ▕██████████        ▏  16 GB/ 28 GB   52 MB/s   3m53s[K[?25h[?2026l[?2026h[?25l[A[1Gpulling manifest [K
pulling f5c702d8820d:  57% ▕██████████        ▏  16 GB/ 28 GB   52 MB/s   3m53s[K[?25h[?2026l[?2026h[?25l[A[1Gpulling manifest [K
pulling f5c702d8820d:  57% ▕██████████        ▏  16 GB/ 28 GB   52 MB/s   3m53s[K[?25h[?2026l[?2026h[?25l[A[1Gpulling manifest [K
pulling f5c702d8820d:  57% ▕██████████        ▏  16 GB/ 28 GB   54 MB/s   3m44s[K[?25h[?2026l[?2026h[?25l[A[1Gpulling manifest [K
pulling f5c702d8820d:  57% ▕██████████        ▏  16 GB/ 28 GB   54 MB/s   3m44s[K[?25h[?2026l[?2026h[?25l[A[1Gpulling manifest [K
pulling f5c702d8820d:  57% ▕██████████        ▏  16 GB/ 28 GB   54 MB/s   3m43s[K[?25h[?2026l[?2026h[?25l[A[1Gpulling manifest [K
pulling f5c702d8820d:  57% ▕██████████        ▏  16 GB/ 28 GB   54 MB/s   3m43s[K[?25h[?2026l[?2026h[?25l[A[1Gpulling manifest [K
pulling f5c702d8820d:  57% ▕██████████        ▏  16 GB/ 28 GB   54 MB/s   3m43s[K[?25h[?2026l[?2026h[?25l[A[1Gpulling manifest [K
pulling f5c702d8820d:  57% ▕██████████        ▏  16 GB/ 28 GB   54 MB/s   3m43s[K[?25h[?2026l[?2026h[?25l[A[1Gpulling manifest [K
pulling f5c702d8820d:  57% ▕██████████        ▏  16 GB/ 28 GB   54 MB/s   3m43s[K[?25h[?2026l[?2026h[?25l[A[1Gpulling manifest [K
pulling f5c702d8820d:  58% ▕██████████        ▏  16 GB/ 28 GB   54 MB/s   3m43s[K[?25h[?2026l[?2026h[?25l[A[1Gpulling manifest [K
pulling f5c702d8820d:  58% ▕██████████        ▏  16 GB/ 28 GB   54 MB/s   3m43s[K[?25h[?2026l[?2026h[?25l[A[1Gpulling manifest [K
pulling f5c702d8820d:  58% ▕██████████        ▏  16 GB/ 28 GB   54 MB/s   3m43s[K[?25h[?2026l[?2026h[?25l[A[1Gpulling manifest [K
pulling f5c702d8820d:  58% ▕██████████        ▏  16 GB/ 28 GB   54 MB/s   3m41s[K[?25h[?2026l[?2026h[?25l[A[1Gpulling manifest [K
pulling f5c702d8820d:  58% ▕██████████        ▏  16 GB/ 28 GB   54 MB/s   3m41s[K[?25h[?2026l[?2026h[?25l[A[1Gpulling manifest [K
pulling f5c702d8820d:  58% ▕██████████        ▏  16 GB/ 28 GB   54 MB/s   3m41s[K[?25h[?2026l[?2026h[?25l[A[1Gpulling manifest [K
pulling f5c702d8820d:  58% ▕██████████        ▏  16 GB/ 28 GB   54 MB/s   3m41s[K[?25h[?2026l[?2026h[?25l[A[1Gpulling manifest [K
pulling f5c702d8820d:  58% ▕██████████        ▏  16 GB/ 28 GB   54 MB/s   3m41s[K[?25h[?2026l[?2026h[?25l[A[1Gpulling manifest [K
pulling f5c702d8820d:  58% ▕██████████        ▏  16 GB/ 28 GB   54 MB/s   3m41s[K[?25h[?2026l[?2026h[?25l[A[1Gpulling manifest [K
pulling f5c702d8820d:  58% ▕██████████        ▏  16 GB/ 28 GB   54 MB/s   3m41s[K[?25h[?2026l[?2026h[?25l[A[1Gpulling manifest [K
pulling f5c702d8820d:  58% ▕██████████        ▏  16 GB/ 28 GB   54 MB/s   3m41s[K[?25h[?2026l[?2026h[?25l[A[1Gpulling manifest [K
pulling f5c702d8820d:  58% ▕██████████        ▏  16 GB/ 28 GB   54 MB/s   3m41s[K[?25h[?2026l[?2026h[?25l[A[1Gpulling manifest [K
pulling f5c702d8820d:  58% ▕██████████        ▏  16 GB/ 28 GB   54 MB/s   3m40s[K[?25h[?2026l[?2026h[?25l[A[1Gpulling manifest [K
pulling f5c702d8820d:  58% ▕██████████        ▏  16 GB/ 28 GB   58 MB/s   3m25s[K[?25h[?2026l[?2026h[?25l[A[1Gpulling manifest [K
pulling f5c702d8820d:  58% ▕██████████        ▏  16 GB/ 28 GB   58 MB/s   3m25s[K[?25h[?2026l[?2026h[?25l[A[1Gpulling manifest [K
pulling f5c702d8820d:  58% ▕██████████        ▏  16 GB/ 28 GB   58 MB/s   3m25s[K[?25h[?2026l[?2026h[?25l[A[1Gpulling manifest [K
pulling f5c702d8820d:  58% ▕██████████        ▏  16 GB/ 28 GB   58 MB/s   3m25s[K[?25h[?2026l[?2026h[?25l[A[1Gpulling manifest [K
pulling f5c702d8820d:  58% ▕██████████        ▏  16 GB/ 28 GB   58 MB/s   3m25s[K[?25h[?2026l[?2026h[?25l[A[1Gpulling manifest [K
pulling f5c702d8820d:  58% ▕██████████        ▏  16 GB/ 28 GB   58 MB/s   3m24s[K[?25h[?2026l[?2026h[?25l[A[1Gpulling manifest [K
pulling f5c702d8820d:  58% ▕██████████        ▏  16 GB/ 28 GB   58 MB/s   3m24s[K[?25h[?2026l[?2026h[?25l[A[1Gpulling manifest [K
pulling f5c702d8820d:  58% ▕██████████        ▏  16 GB/ 28 GB   58 MB/s   3m24s[K[?25h[?2026l[?2026h[?25l[A[1Gpulling manifest [K
pulling f5c702d8820d:  58% ▕██████████        ▏  16 GB/ 28 GB   58 MB/s   3m24s[K[?25h[?2026l[?2026h[?25l[A[1Gpulling manifest [K
pulling f5c702d8820d:  58% ▕██████████        ▏  16 GB/ 28 GB   58 MB/s   3m24s[K[?25h[?2026l[?2026h[?25l[A[1Gpulling manifest [K
pulling f5c702d8820d:  58% ▕██████████        ▏  16 GB/ 28 GB   58 MB/s   3m24s[K[?25h[?2026l[?2026h[?25l[A[1Gpulling manifest [K
pulling f5c702d8820d:  58% ▕██████████        ▏  16 GB/ 28 GB   62 MB/s   3m12s[K[?25h[?2026l[?2026h[?25l[A[1Gpulling manifest [K
pulling f5c702d8820d:  58% ▕██████████        ▏  16 GB/ 28 GB   62 MB/s   3m12s[K[?25h[?2026l[?2026h[?25l[A[1Gpulling manifest [K
pulling f5c702d8820d:  58% ▕██████████        ▏  16 GB/ 28 GB   62 MB/s   3m12s[K[?25h[?2026l[?2026h[?25l[A[1Gpulling manifest [K
pulling f5c702d8820d:  58% ▕██████████        ▏  16 GB/ 28 GB   62 MB/s   3m12s[K[?25h[?2026l[?2026h[?25l[A[1Gpulling manifest [K
pulling f5c702d8820d:  58% ▕██████████        ▏  16 GB/ 28 GB   62 MB/s   3m12s[K[?25h[?2026l[?2026h[?25l[A[1Gpulling manifest [K
pulling f5c702d8820d:  58% ▕██████████        ▏  16 GB/ 28 GB   62 MB/s   3m12s[K[?25h[?2026l[?2026h[?25l[A[1Gpulling manifest [K
pulling f5c702d8820d:  58% ▕██████████        ▏  16 GB/ 28 GB   62 MB/s   3m12s[K[?25h[?2026l[?2026h[?25l[A[1Gpulling manifest [K
pulling f5c702d8820d:  58% ▕██████████        ▏  16 GB/ 28 GB   62 MB/s   3m12s[K[?25h[?2026l[?2026h[?25l[A[1Gpulling manifest [K
pulling f5c702d8820d:  58% ▕██████████        ▏  16 GB/ 28 GB   62 MB/s   3m12s[K[?25h[?2026l[?2026h[?25l[A[1Gpulling manifest [K
pulling f5c702d8820d:  58% ▕██████████        ▏  16 GB/ 28 GB   62 MB/s   3m11s[K[?25h[?2026l[?2026h[?25l[A[1Gpulling manifest [K
pulling f5c702d8820d:  58% ▕██████████        ▏  16 GB/ 28 GB   62 MB/s   3m11s[K[?25h[?2026l[?2026h[?25l[A[1Gpulling manifest [K
pulling f5c702d8820d:  58% ▕██████████        ▏  16 GB/ 28 GB   62 MB/s   3m11s[K[?25h[?2026l[?2026h[?25l[A[1Gpulling manifest [K
pulling f5c702d8820d:  58% ▕██████████        ▏  16 GB/ 28 GB   62 MB/s   3m11s[K[?25h[?2026l[?2026h[?25l[A[1Gpulling manifest [K
pulling f5c702d8820d:  58% ▕██████████        ▏  16 GB/ 28 GB   62 MB/s   3m11s[K[?25h[?2026l[?2026h[?25l[A[1Gpulling manifest [K
pulling f5c702d8820d:  58% ▕██████████        ▏  16 GB/ 28 GB   62 MB/s   3m11s[K[?25h[?2026l[?2026h[?25l[A[1Gpulling manifest [K
pulling f5c702d8820d:  58% ▕██████████        ▏  16 GB/ 28 GB   62 MB/s   3m11s[K[?25h[?2026l[?2026h[?25l[A[1Gpulling manifest [K
pulling f5c702d8820d:  58% ▕██████████        ▏  16 GB/ 28 GB   62 MB/s   3m11s[K[?25h[?2026l[?2026h[?25l[A[1Gpulling manifest [K
pulling f5c702d8820d:  58% ▕██████████        ▏  16 GB/ 28 GB   62 MB/s   3m10s[K[?25h[?2026l[?2026h[?25l[A[1Gpulling manifest [K
pulling f5c702d8820d:  58% ▕██████████        ▏  16 GB/ 28 GB   62 MB/s   3m10s[K[?25h[?2026l[?2026h[?25l[A[1Gpulling manifest [K
pulling f5c702d8820d:  58% ▕██████████        ▏  16 GB/ 28 GB   62 MB/s   3m10s[K[?25h[?2026l[?2026h[?25l[A[1Gpulling manifest [K
pulling f5c702d8820d:  58% ▕██████████        ▏  16 GB/ 28 GB   60 MB/s   3m17s[K[?25h[?2026l[?2026h[?25l[A[1Gpulling manifest [K
pulling f5c702d8820d:  58% ▕██████████        ▏  16 GB/ 28 GB   60 MB/s   3m16s[K[?25h[?2026l[?2026h[?25l[A[1Gpulling manifest [K
pulling f5c702d8820d:  58% ▕██████████        ▏  16 GB/ 28 GB   60 MB/s   3m16s[K[?25h[?2026l[?2026h[?25l[A[1Gpulling manifest [K
pulling f5c702d8820d:  58% ▕██████████        ▏  16 GB/ 28 GB   60 MB/s   3m16s[K[?25h[?2026l[?2026h[?25l[A[1Gpulling manifest [K
pulling f5c702d8820d:  58% ▕██████████        ▏  16 GB/ 28 GB   60 MB/s   3m16s[K[?25h[?2026l[?2026h[?25l[A[1Gpulling manifest [K
pulling f5c702d8820d:  59% ▕██████████        ▏  16 GB/ 28 GB   60 MB/s   3m16s[K[?25h[?2026l[?2026h[?25l[A[1Gpulling manifest [K
pulling f5c702d8820d:  59% ▕██████████        ▏  16 GB/ 28 GB   60 MB/s   3m16s[K[?25h[?2026l[?2026h[?25l[A[1Gpulling manifest [K
pulling f5c702d8820d:  59% ▕██████████        ▏  16 GB/ 28 GB   60 MB/s   3m16s[K[?25h[?2026l[?2026h[?25l[A[1Gpulling manifest [K
pulling f5c702d8820d:  59% ▕██████████        ▏  16 GB/ 28 GB   60 MB/s   3m16s[K[?25h[?2026l[?2026h[?25l[A[1Gpulling manifest [K
pulling f5c702d8820d:  59% ▕██████████        ▏  16 GB/ 28 GB   60 MB/s   3m16s[K[?25h[?2026l[?2026h[?25l[A[1Gpulling manifest [K
pulling f5c702d8820d:  59% ▕██████████        ▏  16 GB/ 28 GB   60 MB/s   3m14s[K[?25h[?2026l[?2026h[?25l[A[1Gpulling manifest [K
pulling f5c702d8820d:  59% ▕██████████        ▏  16 GB/ 28 GB   60 MB/s   3m14s[K[?25h[?2026l[?2026h[?25l[A[1Gpulling manifest [K
pulling f5c702d8820d:  59% ▕██████████        ▏  16 GB/ 28 GB   60 MB/s   3m14s[K[?25h[?2026l[?2026h[?25l[A[1Gpulling manifest [K
pulling f5c702d8820d:  59% ▕██████████        ▏  16 GB/ 28 GB   60 MB/s   3m13s[K[?25h[?2026l[?2026h[?25l[A[1Gpulling manifest [K
pulling f5c702d8820d:  59% ▕██████████        ▏  16 GB/ 28 GB   60 MB/s   3m13s[K[?25h[?2026l[?2026h[?25l[A[1Gpulling manifest [K
pulling f5c702d8820d:  59% ▕██████████        ▏  16 GB/ 28 GB   60 MB/s   3m13s[K[?25h[?2026l[?2026h[?25l[A[1Gpulling manifest [K
pulling f5c702d8820d:  59% ▕██████████        ▏  16 GB/ 28 GB   60 MB/s   3m13s[K[?25h[?2026l[?2026h[?25l[A[1Gpulling manifest [K
pulling f5c702d8820d:  59% ▕██████████        ▏  16 GB/ 28 GB   60 MB/s   3m13s[K[?25h[?2026l[?2026h[?25l[A[1Gpulling manifest [K
pulling f5c702d8820d:  59% ▕██████████        ▏  16 GB/ 28 GB   60 MB/s   3m13s[K[?25h[?2026l[?2026h[?25l[A[1Gpulling manifest [K
pulling f5c702d8820d:  59% ▕██████████        ▏  16 GB/ 28 GB   60 MB/s   3m13s[K[?25h[?2026l[?2026h[?25l[A[1Gpulling manifest [K
pulling f5c702d8820d:  59% ▕██████████        ▏  16 GB/ 28 GB   60 MB/s   3m13s[K[?25h[?2026l[?2026h[?25l[A[1Gpulling manifest [K
pulling f5c702d8820d:  59% ▕██████████        ▏  16 GB/ 28 GB   60 MB/s   3m13s[K[?25h[?2026l[?2026h[?25l[A[1Gpulling manifest [K
pulling f5c702d8820d:  59% ▕██████████        ▏  16 GB/ 28 GB   60 MB/s   3m13s[K[?25h[?2026l[?2026h[?25l[A[1Gpulling manifest [K
pulling f5c702d8820d:  59% ▕██████████        ▏  16 GB/ 28 GB   60 MB/s   3m12s[K[?25h[?2026l[?2026h[?25l[A[1Gpulling manifest [K
pulling f5c702d8820d:  59% ▕██████████        ▏  16 GB/ 28 GB   60 MB/s   3m12s[K[?25h[?2026l[?2026h[?25l[A[1Gpulling manifest [K
pulling f5c702d8820d:  59% ▕██████████        ▏  16 GB/ 28 GB   60 MB/s   3m12s[K[?25h[?2026l[?2026h[?25l[A[1Gpulling manifest [K
pulling f5c702d8820d:  59% ▕██████████        ▏  16 GB/ 28 GB   60 MB/s   3m12s[K[?25h[?2026l[?2026h[?25l[A[1Gpulling manifest [K
pulling f5c702d8820d:  59% ▕██████████        ▏  16 GB/ 28 GB   60 MB/s   3m12s[K[?25h[?2026l[?2026h[?25l[A[1Gpulling manifest [K
pulling f5c702d8820d:  59% ▕██████████        ▏  16 GB/ 28 GB   60 MB/s   3m12s[K[?25h[?2026l[?2026h[?25l[A[1Gpulling manifest [K
pulling f5c702d8820d:  59% ▕██████████        ▏  16 GB/ 28 GB   60 MB/s   3m12s[K[?25h[?2026l[?2026h[?25l[A[1Gpulling manifest [K
pulling f5c702d8820d:  59% ▕██████████        ▏  16 GB/ 28 GB   60 MB/s   3m12s[K[?25h[?2026l[?2026h[?25l[A[1Gpulling manifest [K
pulling f5c702d8820d:  59% ▕██████████        ▏  16 GB/ 28 GB   60 MB/s   3m12s[K[?25h[?2026l[?2026h[?25l[A[1Gpulling manifest [K
pulling f5c702d8820d:  59% ▕██████████        ▏  16 GB/ 28 GB   60 MB/s   3m12s[K[?25h[?2026l[?2026h[?25l[A[1Gpulling manifest [K
pulling f5c702d8820d:  59% ▕██████████        ▏  16 GB/ 28 GB   60 MB/s   3m12s[K[?25h[?2026l[?2026h[?25l[A[1Gpulling manifest [K
pulling f5c702d8820d:  59% ▕██████████        ▏  16 GB/ 28 GB   60 MB/s   3m12s[K[?25h[?2026l[?2026h[?25l[A[1Gpulling manifest [K
pulling f5c702d8820d:  59% ▕██████████        ▏  16 GB/ 28 GB   60 MB/s   3m12s[K[?25h[?2026l[?2026h[?25l[A[1Gpulling manifest [K
pulling f5c702d8820d:  59% ▕██████████        ▏  16 GB/ 28 GB   60 MB/s   3m12s[K[?25h[?2026l[?2026h[?25l[A[1Gpulling manifest [K
pulling f5c702d8820d:  59% ▕██████████        ▏  16 GB/ 28 GB   60 MB/s   3m12s[K[?25h[?2026l[?2026h[?25l[A[1Gpulling manifest [K
pulling f5c702d8820d:  59% ▕██████████        ▏  16 GB/ 28 GB   60 MB/s   3m11s[K[?25h[?2026l[?2026h[?25l[A[1Gpulling manifest [K
pulling f5c702d8820d:  59% ▕██████████        ▏  16 GB/ 28 GB   60 MB/s   3m11s[K[?25h[?2026l[?2026h[?25l[A[1Gpulling manifest [K
pulling f5c702d8820d:  59% ▕██████████        ▏  16 GB/ 28 GB   60 MB/s   3m11s[K[?25h[?2026l[?2026h[?25l[A[1Gpulling manifest [K
pulling f5c702d8820d:  59% ▕██████████        ▏  16 GB/ 28 GB   60 MB/s   3m11s[K[?25h[?2026l[?2026h[?25l[A[1Gpulling manifest [K
pulling f5c702d8820d:  59% ▕██████████        ▏  16 GB/ 28 GB   60 MB/s   3m11s[K[?25h[?2026l[?2026h[?25l[A[1Gpulling manifest [K
pulling f5c702d8820d:  59% ▕██████████        ▏  16 GB/ 28 GB   60 MB/s   3m11s[K[?25h[?2026l[?2026h[?25l[A[1Gpulling manifest [K
pulling f5c702d8820d:  59% ▕██████████        ▏  16 GB/ 28 GB   60 MB/s   3m11s[K[?25h[?2026l[?2026h[?25l[A[1Gpulling manifest [K
pulling f5c702d8820d:  59% ▕██████████        ▏  16 GB/ 28 GB   60 MB/s   3m11s[K[?25h[?2026l[?2026h[?25l[A[1Gpulling manifest [K
pulling f5c702d8820d:  59% ▕██████████        ▏  16 GB/ 28 GB   60 MB/s   3m11s[K[?25h[?2026l[?2026h[?25l[A[1Gpulling manifest [K
pulling f5c702d8820d:  59% ▕██████████        ▏  16 GB/ 28 GB   60 MB/s   3m11s[K[?25h[?2026l[?2026h[?25l[A[1Gpulling manifest [K
pulling f5c702d8820d:  59% ▕██████████        ▏  16 GB/ 28 GB   60 MB/s   3m10s[K[?25h[?2026l[?2026h[?25l[A[1Gpulling manifest [K
pulling f5c702d8820d:  59% ▕██████████        ▏  17 GB/ 28 GB   60 MB/s   3m10s[K[?25h[?2026l[?2026h[?25l[A[1Gpulling manifest [K
pulling f5c702d8820d:  59% ▕██████████        ▏  17 GB/ 28 GB   60 MB/s   3m10s[K[?25h[?2026l[?2026h[?25l[A[1Gpulling manifest [K
pulling f5c702d8820d:  59% ▕██████████        ▏  17 GB/ 28 GB   60 MB/s   3m10s[K[?25h[?2026l[?2026h[?25l[A[1Gpulling manifest [K
pulling f5c702d8820d:  60% ▕██████████        ▏  17 GB/ 28 GB   60 MB/s   3m10s[K[?25h[?2026l[?2026h[?25l[A[1Gpulling manifest [K
pulling f5c702d8820d:  60% ▕██████████        ▏  17 GB/ 28 GB   60 MB/s   3m10s[K[?25h[?2026l[?2026h[?25l[A[1Gpulling manifest [K
pulling f5c702d8820d:  60% ▕██████████        ▏  17 GB/ 28 GB   60 MB/s   3m10s[K[?25h[?2026l[?2026h[?25l[A[1Gpulling manifest [K
pulling f5c702d8820d:  60% ▕██████████        ▏  17 GB/ 28 GB   60 MB/s   3m10s[K[?25h[?2026l[?2026h[?25l[A[1Gpulling manifest [K
pulling f5c702d8820d:  60% ▕██████████        ▏  17 GB/ 28 GB   60 MB/s   3m10s[K[?25h[?2026l[?2026h[?25l[A[1Gpulling manifest [K
pulling f5c702d8820d:  60% ▕██████████        ▏  17 GB/ 28 GB   60 MB/s   3m10s[K[?25h[?2026l[?2026h[?25l[A[1Gpulling manifest [K
pulling f5c702d8820d:  60% ▕██████████        ▏  17 GB/ 28 GB   60 MB/s   3m10s[K[?25h[?2026l[?2026h[?25l[A[1Gpulling manifest [K
pulling f5c702d8820d:  60% ▕██████████        ▏  17 GB/ 28 GB   60 MB/s    3m9s[K[?25h[?2026l[?2026h[?25l[A[1Gpulling manifest [K
pulling f5c702d8820d:  60% ▕██████████        ▏  17 GB/ 28 GB   60 MB/s    3m9s[K[?25h[?2026l[?2026h[?25l[A[1Gpulling manifest [K
pulling f5c702d8820d:  60% ▕██████████        ▏  17 GB/ 28 GB   60 MB/s    3m9s[K[?25h[?2026l[?2026h[?25l[A[1Gpulling manifest [K
pulling f5c702d8820d:  60% ▕██████████        ▏  17 GB/ 28 GB   60 MB/s    3m9s[K[?25h[?2026l[?2026h[?25l[A[1Gpulling manifest [K
pulling f5c702d8820d:  60% ▕██████████        ▏  17 GB/ 28 GB   60 MB/s    3m9s[K[?25h[?2026l[?2026h[?25l[A[1Gpulling manifest [K
pulling f5c702d8820d:  60% ▕██████████        ▏  17 GB/ 28 GB   60 MB/s    3m9s[K[?25h[?2026l[?2026h[?25l[A[1Gpulling manifest [K
pulling f5c702d8820d:  60% ▕██████████        ▏  17 GB/ 28 GB   60 MB/s    3m9s[K[?25h[?2026l[?2026h[?25l[A[1Gpulling manifest [K
pulling f5c702d8820d:  60% ▕██████████        ▏  17 GB/ 28 GB   60 MB/s    3m9s[K[?25h[?2026l[?2026h[?25l[A[1Gpulling manifest [K
pulling f5c702d8820d:  60% ▕██████████        ▏  17 GB/ 28 GB   60 MB/s    3m9s[K[?25h[?2026l[?2026h[?25l[A[1Gpulling manifest [K
pulling f5c702d8820d:  60% ▕██████████        ▏  17 GB/ 28 GB   60 MB/s    3m8s[K[?25h[?2026l[?2026h[?25l[A[1Gpulling manifest [K
pulling f5c702d8820d:  60% ▕██████████        ▏  17 GB/ 28 GB   60 MB/s    3m8s[K[?25h[?2026l[?2026h[?25l[A[1Gpulling manifest [K
pulling f5c702d8820d:  60% ▕██████████        ▏  17 GB/ 28 GB   60 MB/s    3m8s[K[?25h[?2026l[?2026h[?25l[A[1Gpulling manifest [K
pulling f5c702d8820d:  60% ▕██████████        ▏  17 GB/ 28 GB   61 MB/s    3m6s[K[?25h[?2026l[?2026h[?25l[A[1Gpulling manifest [K
pulling f5c702d8820d:  60% ▕██████████        ▏  17 GB/ 28 GB   61 MB/s    3m6s[K[?25h[?2026l[?2026h[?25l[A[1Gpulling manifest [K
pulling f5c702d8820d:  60% ▕██████████        ▏  17 GB/ 28 GB   61 MB/s    3m6s[K[?25h[?2026l[?2026h[?25l[A[1Gpulling manifest [K
pulling f5c702d8820d:  60% ▕██████████        ▏  17 GB/ 28 GB   61 MB/s    3m6s[K[?25h[?2026l[?2026h[?25l[A[1Gpulling manifest [K
pulling f5c702d8820d:  60% ▕██████████        ▏  17 GB/ 28 GB   61 MB/s    3m6s[K[?25h[?2026l[?2026h[?25l[A[1Gpulling manifest [K
pulling f5c702d8820d:  60% ▕██████████        ▏  17 GB/ 28 GB   61 MB/s    3m6s[K[?25h[?2026l[?2026h[?25l[A[1Gpulling manifest [K
pulling f5c702d8820d:  60% ▕██████████        ▏  17 GB/ 28 GB   61 MB/s    3m6s[K[?25h[?2026l[?2026h[?25l[A[1Gpulling manifest [K
pulling f5c702d8820d:  60% ▕██████████        ▏  17 GB/ 28 GB   61 MB/s    3m6s[K[?25h[?2026l[?2026h[?25l[A[1Gpulling manifest [K
pulling f5c702d8820d:  60% ▕██████████        ▏  17 GB/ 28 GB   61 MB/s    3m6s[K[?25h[?2026l[?2026h[?25l[A[1Gpulling manifest [K
pulling f5c702d8820d:  60% ▕██████████        ▏  17 GB/ 28 GB   61 MB/s    3m5s[K[?25h[?2026l[?2026h[?25l[A[1Gpulling manifest [K
pulling f5c702d8820d:  60% ▕██████████        ▏  17 GB/ 28 GB   61 MB/s    3m5s[K[?25h[?2026l[?2026h[?25l[A[1Gpulling manifest [K
pulling f5c702d8820d:  60% ▕██████████        ▏  17 GB/ 28 GB   61 MB/s    3m5s[K[?25h[?2026l[?2026h[?25l[A[1Gpulling manifest [K
pulling f5c702d8820d:  60% ▕██████████        ▏  17 GB/ 28 GB   61 MB/s    3m5s[K[?25h[?2026l[?2026h[?25l[A[1Gpulling manifest [K
pulling f5c702d8820d:  60% ▕██████████        ▏  17 GB/ 28 GB   61 MB/s    3m5s[K[?25h[?2026l[?2026h[?25l[A[1Gpulling manifest [K
pulling f5c702d8820d:  60% ▕██████████        ▏  17 GB/ 28 GB   61 MB/s    3m5s[K[?25h[?2026l[?2026h[?25l[A[1Gpulling manifest [K
pulling f5c702d8820d:  60% ▕██████████        ▏  17 GB/ 28 GB   61 MB/s    3m5s[K[?25h[?2026l[?2026h[?25l[A[1Gpulling manifest [K
pulling f5c702d8820d:  60% ▕██████████        ▏  17 GB/ 28 GB   61 MB/s    3m5s[K[?25h[?2026l[?2026h[?25l[A[1Gpulling manifest [K
pulling f5c702d8820d:  60% ▕██████████        ▏  17 GB/ 28 GB   61 MB/s    3m5s[K[?25h[?2026l[?2026h[?25l[A[1Gpulling manifest [K
pulling f5c702d8820d:  60% ▕██████████        ▏  17 GB/ 28 GB   61 MB/s    3m5s[K[?25h[?2026l[?2026h[?25l[A[1Gpulling manifest [K
pulling f5c702d8820d:  60% ▕██████████        ▏  17 GB/ 28 GB   61 MB/s    3m4s[K[?25h[?2026l[?2026h[?25l[A[1Gpulling manifest [K
pulling f5c702d8820d:  60% ▕██████████        ▏  17 GB/ 28 GB   61 MB/s    3m4s[K[?25h[?2026l[?2026h[?25l[A[1Gpulling manifest [K
pulling f5c702d8820d:  60% ▕██████████        ▏  17 GB/ 28 GB   63 MB/s   2m59s[K[?25h[?2026l[?2026h[?25l[A[1Gpulling manifest [K
pulling f5c702d8820d:  60% ▕██████████        ▏  17 GB/ 28 GB   63 MB/s   2m59s[K[?25h[?2026l[?2026h[?25l[A[1Gpulling manifest [K
pulling f5c702d8820d:  60% ▕██████████        ▏  17 GB/ 28 GB   63 MB/s   2m58s[K[?25h[?2026l[?2026h[?25l[A[1Gpulling manifest [K
pulling f5c702d8820d:  60% ▕██████████        ▏  17 GB/ 28 GB   63 MB/s   2m58s[K[?25h[?2026l[?2026h[?25l[A[1Gpulling manifest [K
pulling f5c702d8820d:  60% ▕██████████        ▏  17 GB/ 28 GB   63 MB/s   2m58s[K[?25h[?2026l[?2026h[?25l[A[1Gpulling manifest [K
pulling f5c702d8820d:  60% ▕██████████        ▏  17 GB/ 28 GB   63 MB/s   2m58s[K[?25h[?2026l[?2026h[?25l[A[1Gpulling manifest [K
pulling f5c702d8820d:  61% ▕██████████        ▏  17 GB/ 28 GB   63 MB/s   2m58s[K[?25h[?2026l[?2026h[?25l[A[1Gpulling manifest [K
pulling f5c702d8820d:  61% ▕██████████        ▏  17 GB/ 28 GB   63 MB/s   2m58s[K[?25h[?2026l[?2026h[?25l[A[1Gpulling manifest [K
pulling f5c702d8820d:  61% ▕██████████        ▏  17 GB/ 28 GB   63 MB/s   2m58s[K[?25h[?2026l[?2026h[?25l[A[1Gpulling manifest [K
pulling f5c702d8820d:  61% ▕██████████        ▏  17 GB/ 28 GB   63 MB/s   2m58s[K[?25h[?2026l[?2026h[?25l[A[1Gpulling manifest [K
pulling f5c702d8820d:  61% ▕██████████        ▏  17 GB/ 28 GB   63 MB/s   2m58s[K[?25h[?2026l[?2026h[?25l[A[1Gpulling manifest [K
pulling f5c702d8820d:  61% ▕██████████        ▏  17 GB/ 28 GB   63 MB/s   2m58s[K[?25h[?2026l[?2026h[?25l[A[1Gpulling manifest [K
pulling f5c702d8820d:  61% ▕██████████        ▏  17 GB/ 28 GB   63 MB/s   2m57s[K[?25h[?2026l[?2026h[?25l[A[1Gpulling manifest [K
pulling f5c702d8820d:  61% ▕██████████        ▏  17 GB/ 28 GB   63 MB/s   2m57s[K[?25h[?2026l[?2026h[?25l[A[1Gpulling manifest [K
pulling f5c702d8820d:  61% ▕██████████        ▏  17 GB/ 28 GB   63 MB/s   2m57s[K[?25h[?2026l[?2026h[?25l[A[1Gpulling manifest [K
pulling f5c702d8820d:  61% ▕██████████        ▏  17 GB/ 28 GB   63 MB/s   2m57s[K[?25h[?2026l[?2026h[?25l[A[1Gpulling manifest [K
pulling f5c702d8820d:  61% ▕██████████        ▏  17 GB/ 28 GB   63 MB/s   2m57s[K[?25h[?2026l[?2026h[?25l[A[1Gpulling manifest [K
pulling f5c702d8820d:  61% ▕██████████        ▏  17 GB/ 28 GB   63 MB/s   2m57s[K[?25h[?2026l[?2026h[?25l[A[1Gpulling manifest [K
pulling f5c702d8820d:  61% ▕██████████        ▏  17 GB/ 28 GB   63 MB/s   2m57s[K[?25h[?2026l[?2026h[?25l[A[1Gpulling manifest [K
pulling f5c702d8820d:  61% ▕██████████        ▏  17 GB/ 28 GB   63 MB/s   2m57s[K[?25h[?2026l[?2026h[?25l[A[1Gpulling manifest [K
pulling f5c702d8820d:  61% ▕██████████        ▏  17 GB/ 28 GB   63 MB/s   2m57s[K[?25h[?2026l[?2026h[?25l[A[1Gpulling manifest [K
pulling f5c702d8820d:  61% ▕██████████        ▏  17 GB/ 28 GB   63 MB/s   2m56s[K[?25h[?2026l[?2026h[?25l[A[1Gpulling manifest [K
pulling f5c702d8820d:  61% ▕██████████        ▏  17 GB/ 28 GB   63 MB/s   2m56s[K[?25h[?2026l[?2026h[?25l[A[1Gpulling manifest [K
pulling f5c702d8820d:  61% ▕██████████        ▏  17 GB/ 28 GB   63 MB/s   2m56s[K[?25h[?2026l[?2026h[?25l[A[1Gpulling manifest [K
pulling f5c702d8820d:  61% ▕██████████        ▏  17 GB/ 28 GB   63 MB/s   2m56s[K[?25h[?2026l[?2026h[?25l[A[1Gpulling manifest [K
pulling f5c702d8820d:  61% ▕██████████        ▏  17 GB/ 28 GB   63 MB/s   2m56s[K[?25h[?2026l[?2026h[?25l[A[1Gpulling manifest [K
pulling f5c702d8820d:  61% ▕██████████        ▏  17 GB/ 28 GB   63 MB/s   2m56s[K[?25h[?2026l[?2026h[?25l[A[1Gpulling manifest [K
pulling f5c702d8820d:  61% ▕██████████        ▏  17 GB/ 28 GB   63 MB/s   2m56s[K[?25h[?2026l[?2026h[?25l[A[1Gpulling manifest [K
pulling f5c702d8820d:  61% ▕██████████        ▏  17 GB/ 28 GB   63 MB/s   2m56s[K[?25h[?2026l[?2026h[?25l[A[1Gpulling manifest [K
pulling f5c702d8820d:  61% ▕██████████        ▏  17 GB/ 28 GB   63 MB/s   2m56s[K[?25h[?2026l[?2026h[?25l[A[1Gpulling manifest [K
pulling f5c702d8820d:  61% ▕██████████        ▏  17 GB/ 28 GB   63 MB/s   2m55s[K[?25h[?2026l[?2026h[?25l[A[1Gpulling manifest [K
pulling f5c702d8820d:  61% ▕██████████        ▏  17 GB/ 28 GB   63 MB/s   2m55s[K[?25h[?2026l[?2026h[?25l[A[1Gpulling manifest [K
pulling f5c702d8820d:  61% ▕██████████        ▏  17 GB/ 28 GB   63 MB/s   2m55s[K[?25h[?2026l[?2026h[?25l[A[1Gpulling manifest [K
pulling f5c702d8820d:  61% ▕██████████        ▏  17 GB/ 28 GB   63 MB/s   2m55s[K[?25h[?2026l[?2026h[?25l[A[1Gpulling manifest [K
pulling f5c702d8820d:  61% ▕███████████       ▏  17 GB/ 28 GB   63 MB/s   2m55s[K[?25h[?2026l[?2026h[?25l[A[1Gpulling manifest [K
pulling f5c702d8820d:  61% ▕███████████       ▏  17 GB/ 28 GB   63 MB/s   2m55s[K[?25h[?2026l[?2026h[?25l[A[1Gpulling manifest [K
pulling f5c702d8820d:  61% ▕███████████       ▏  17 GB/ 28 GB   63 MB/s   2m55s[K[?25h[?2026l[?2026h[?25l[A[1Gpulling manifest [K
pulling f5c702d8820d:  61% ▕███████████       ▏  17 GB/ 28 GB   63 MB/s   2m54s[K[?25h[?2026l[?2026h[?25l[A[1Gpulling manifest [K
pulling f5c702d8820d:  61% ▕███████████       ▏  17 GB/ 28 GB   63 MB/s   2m54s[K[?25h[?2026l[?2026h[?25l[A[1Gpulling manifest [K
pulling f5c702d8820d:  61% ▕███████████       ▏  17 GB/ 28 GB   63 MB/s   2m54s[K[?25h[?2026l[?2026h[?25l[A[1Gpulling manifest [K
pulling f5c702d8820d:  61% ▕███████████       ▏  17 GB/ 28 GB   63 MB/s   2m54s[K[?25h[?2026l[?2026h[?25l[A[1Gpulling manifest [K
pulling f5c702d8820d:  61% ▕███████████       ▏  17 GB/ 28 GB   63 MB/s   2m54s[K[?25h[?2026l[?2026h[?25l[A[1Gpulling manifest [K
pulling f5c702d8820d:  61% ▕███████████       ▏  17 GB/ 28 GB   63 MB/s   2m54s[K[?25h[?2026l[?2026h[?25l[A[1Gpulling manifest [K
pulling f5c702d8820d:  61% ▕███████████       ▏  17 GB/ 28 GB   63 MB/s   2m54s[K[?25h[?2026l[?2026h[?25l[A[1Gpulling manifest [K
pulling f5c702d8820d:  61% ▕███████████       ▏  17 GB/ 28 GB   63 MB/s   2m54s[K[?25h[?2026l[?2026h[?25l[A[1Gpulling manifest [K
pulling f5c702d8820d:  61% ▕███████████       ▏  17 GB/ 28 GB   63 MB/s   2m54s[K[?25h[?2026l[?2026h[?25l[A[1Gpulling manifest [K
pulling f5c702d8820d:  61% ▕███████████       ▏  17 GB/ 28 GB   63 MB/s   2m53s[K[?25h[?2026l[?2026h[?25l[A[1Gpulling manifest [K
pulling f5c702d8820d:  61% ▕███████████       ▏  17 GB/ 28 GB   63 MB/s   2m53s[K[?25h[?2026l[?2026h[?25l[A[1Gpulling manifest [K
pulling f5c702d8820d:  61% ▕███████████       ▏  17 GB/ 28 GB   63 MB/s   2m53s[K[?25h[?2026l[?2026h[?25l[A[1Gpulling manifest [K
pulling f5c702d8820d:  61% ▕███████████       ▏  17 GB/ 28 GB   63 MB/s   2m53s[K[?25h[?2026l[?2026h[?25l[A[1Gpulling manifest [K
pulling f5c702d8820d:  61% ▕███████████       ▏  17 GB/ 28 GB   63 MB/s   2m53s[K[?25h[?2026l[?2026h[?25l[A[1Gpulling manifest [K
pulling f5c702d8820d:  62% ▕███████████       ▏  17 GB/ 28 GB   63 MB/s   2m53s[K[?25h[?2026l[?2026h[?25l[A[1Gpulling manifest [K
pulling f5c702d8820d:  62% ▕███████████       ▏  17 GB/ 28 GB   63 MB/s   2m53s[K[?25h[?2026l[?2026h[?25l[A[1Gpulling manifest [K
pulling f5c702d8820d:  62% ▕███████████       ▏  17 GB/ 28 GB   63 MB/s   2m53s[K[?25h[?2026l[?2026h[?25l[A[1Gpulling manifest [K
pulling f5c702d8820d:  62% ▕███████████       ▏  17 GB/ 28 GB   63 MB/s   2m53s[K[?25h[?2026l[?2026h[?25l[A[1Gpulling manifest [K
pulling f5c702d8820d:  62% ▕███████████       ▏  17 GB/ 28 GB   63 MB/s   2m52s[K[?25h[?2026l[?2026h[?25l[A[1Gpulling manifest [K
pulling f5c702d8820d:  62% ▕███████████       ▏  17 GB/ 28 GB   63 MB/s   2m52s[K[?25h[?2026l[?2026h[?25l[A[1Gpulling manifest [K
pulling f5c702d8820d:  62% ▕███████████       ▏  17 GB/ 28 GB   63 MB/s   2m52s[K[?25h[?2026l[?2026h[?25l[A[1Gpulling manifest [K
pulling f5c702d8820d:  62% ▕███████████       ▏  17 GB/ 28 GB   63 MB/s   2m52s[K[?25h[?2026l[?2026h[?25l[A[1Gpulling manifest [K
pulling f5c702d8820d:  62% ▕███████████       ▏  17 GB/ 28 GB   63 MB/s   2m52s[K[?25h[?2026l[?2026h[?25l[A[1Gpulling manifest [K
pulling f5c702d8820d:  62% ▕███████████       ▏  17 GB/ 28 GB   63 MB/s   2m52s[K[?25h[?2026l[?2026h[?25l[A[1Gpulling manifest [K
pulling f5c702d8820d:  62% ▕███████████       ▏  17 GB/ 28 GB   62 MB/s   2m54s[K[?25h[?2026l[?2026h[?25l[A[1Gpulling manifest [K
pulling f5c702d8820d:  62% ▕███████████       ▏  17 GB/ 28 GB   62 MB/s   2m53s[K[?25h[?2026l[?2026h[?25l[A[1Gpulling manifest [K
pulling f5c702d8820d:  62% ▕███████████       ▏  17 GB/ 28 GB   62 MB/s   2m53s[K[?25h[?2026l[?2026h[?25l[A[1Gpulling manifest [K
pulling f5c702d8820d:  62% ▕███████████       ▏  17 GB/ 28 GB   62 MB/s   2m53s[K[?25h[?2026l[?2026h[?25l[A[1Gpulling manifest [K
pulling f5c702d8820d:  62% ▕███████████       ▏  17 GB/ 28 GB   62 MB/s   2m53s[K[?25h[?2026l[?2026h[?25l[A[1Gpulling manifest [K
pulling f5c702d8820d:  62% ▕███████████       ▏  17 GB/ 28 GB   62 MB/s   2m53s[K[?25h[?2026l[?2026h[?25l[A[1Gpulling manifest [K
pulling f5c702d8820d:  62% ▕███████████       ▏  17 GB/ 28 GB   62 MB/s   2m53s[K[?25h[?2026l[?2026h[?25l[A[1Gpulling manifest [K
pulling f5c702d8820d:  62% ▕███████████       ▏  17 GB/ 28 GB   62 MB/s   2m53s[K[?25h[?2026l[?2026h[?25l[A[1Gpulling manifest [K
pulling f5c702d8820d:  62% ▕███████████       ▏  17 GB/ 28 GB   62 MB/s   2m53s[K[?25h[?2026l[?2026h[?25l[A[1Gpulling manifest [K
pulling f5c702d8820d:  62% ▕███████████       ▏  17 GB/ 28 GB   62 MB/s   2m53s[K[?25h[?2026l[?2026h[?25l[A[1Gpulling manifest [K
pulling f5c702d8820d:  62% ▕███████████       ▏  17 GB/ 28 GB   63 MB/s   2m52s[K[?25h[?2026l[?2026h[?25l[A[1Gpulling manifest [K
pulling f5c702d8820d:  62% ▕███████████       ▏  17 GB/ 28 GB   63 MB/s   2m52s[K[?25h[?2026l[?2026h[?25l[A[1Gpulling manifest [K
pulling f5c702d8820d:  62% ▕███████████       ▏  17 GB/ 28 GB   63 MB/s   2m52s[K[?25h[?2026l[?2026h[?25l[A[1Gpulling manifest [K
pulling f5c702d8820d:  62% ▕███████████       ▏  17 GB/ 28 GB   63 MB/s   2m52s[K[?25h[?2026l[?2026h[?25l[A[1Gpulling manifest [K
pulling f5c702d8820d:  62% ▕███████████       ▏  17 GB/ 28 GB   63 MB/s   2m52s[K[?25h[?2026l[?2026h[?25l[A[1Gpulling manifest [K
pulling f5c702d8820d:  62% ▕███████████       ▏  17 GB/ 28 GB   63 MB/s   2m52s[K[?25h[?2026l[?2026h[?25l[A[1Gpulling manifest [K
pulling f5c702d8820d:  62% ▕███████████       ▏  17 GB/ 28 GB   63 MB/s   2m52s[K[?25h[?2026l[?2026h[?25l[A[1Gpulling manifest [K
pulling f5c702d8820d:  62% ▕███████████       ▏  17 GB/ 28 GB   63 MB/s   2m52s[K[?25h[?2026l[?2026h[?25l[A[1Gpulling manifest [K
pulling f5c702d8820d:  62% ▕███████████       ▏  17 GB/ 28 GB   63 MB/s   2m51s[K[?25h[?2026l[?2026h[?25l[A[1Gpulling manifest [K
pulling f5c702d8820d:  62% ▕███████████       ▏  17 GB/ 28 GB   63 MB/s   2m51s[K[?25h[?2026l[?2026h[?25l[A[1Gpulling manifest [K
pulling f5c702d8820d:  62% ▕███████████       ▏  17 GB/ 28 GB   63 MB/s   2m51s[K[?25h[?2026l[?2026h[?25l[A[1Gpulling manifest [K
pulling f5c702d8820d:  62% ▕███████████       ▏  17 GB/ 28 GB   63 MB/s   2m51s[K[?25h[?2026l[?2026h[?25l[A[1Gpulling manifest [K
pulling f5c702d8820d:  62% ▕███████████       ▏  17 GB/ 28 GB   63 MB/s   2m51s[K[?25h[?2026l[?2026h[?25l[A[1Gpulling manifest [K
pulling f5c702d8820d:  62% ▕███████████       ▏  17 GB/ 28 GB   63 MB/s   2m51s[K[?25h[?2026l[?2026h[?25l[A[1Gpulling manifest [K
pulling f5c702d8820d:  62% ▕███████████       ▏  17 GB/ 28 GB   63 MB/s   2m51s[K[?25h[?2026l[?2026h[?25l[A[1Gpulling manifest [K
pulling f5c702d8820d:  62% ▕███████████       ▏  17 GB/ 28 GB   63 MB/s   2m51s[K[?25h[?2026l[?2026h[?25l[A[1Gpulling manifest [K
pulling f5c702d8820d:  62% ▕███████████       ▏  17 GB/ 28 GB   63 MB/s   2m51s[K[?25h[?2026l[?2026h[?25l[A[1Gpulling manifest [K
pulling f5c702d8820d:  62% ▕███████████       ▏  17 GB/ 28 GB   63 MB/s   2m51s[K[?25h[?2026l[?2026h[?25l[A[1Gpulling manifest [K
pulling f5c702d8820d:  62% ▕███████████       ▏  17 GB/ 28 GB   63 MB/s   2m50s[K[?25h[?2026l[?2026h[?25l[A[1Gpulling manifest [K
pulling f5c702d8820d:  62% ▕███████████       ▏  17 GB/ 28 GB   63 MB/s   2m50s[K[?25h[?2026l[?2026h[?25l[A[1Gpulling manifest [K
pulling f5c702d8820d:  62% ▕███████████       ▏  17 GB/ 28 GB   63 MB/s   2m50s[K[?25h[?2026l[?2026h[?25l[A[1Gpulling manifest [K
pulling f5c702d8820d:  62% ▕███████████       ▏  17 GB/ 28 GB   63 MB/s   2m50s[K[?25h[?2026l[?2026h[?25l[A[1Gpulling manifest [K
pulling f5c702d8820d:  62% ▕███████████       ▏  17 GB/ 28 GB   63 MB/s   2m50s[K[?25h[?2026l[?2026h[?25l[A[1Gpulling manifest [K
pulling f5c702d8820d:  62% ▕███████████       ▏  17 GB/ 28 GB   63 MB/s   2m50s[K[?25h[?2026l[?2026h[?25l[A[1Gpulling manifest [K
pulling f5c702d8820d:  62% ▕███████████       ▏  17 GB/ 28 GB   63 MB/s   2m50s[K[?25h[?2026l[?2026h[?25l[A[1Gpulling manifest [K
pulling f5c702d8820d:  62% ▕███████████       ▏  17 GB/ 28 GB   63 MB/s   2m50s[K[?25h[?2026l[?2026h[?25l[A[1Gpulling manifest [K
pulling f5c702d8820d:  62% ▕███████████       ▏  17 GB/ 28 GB   63 MB/s   2m50s[K[?25h[?2026l[?2026h[?25l[A[1Gpulling manifest [K
pulling f5c702d8820d:  63% ▕███████████       ▏  17 GB/ 28 GB   63 MB/s   2m49s[K[?25h[?2026l[?2026h[?25l[A[1Gpulling manifest [K
pulling f5c702d8820d:  63% ▕███████████       ▏  17 GB/ 28 GB   63 MB/s   2m49s[K[?25h[?2026l[?2026h[?25l[A[1Gpulling manifest [K
pulling f5c702d8820d:  63% ▕███████████       ▏  17 GB/ 28 GB   63 MB/s   2m49s[K[?25h[?2026l[?2026h[?25l[A[1Gpulling manifest [K
pulling f5c702d8820d:  63% ▕███████████       ▏  17 GB/ 28 GB   63 MB/s   2m49s[K[?25h[?2026l[?2026h[?25l[A[1Gpulling manifest [K
pulling f5c702d8820d:  63% ▕███████████       ▏  17 GB/ 28 GB   63 MB/s   2m49s[K[?25h[?2026l[?2026h[?25l[A[1Gpulling manifest [K
pulling f5c702d8820d:  63% ▕███████████       ▏  17 GB/ 28 GB   63 MB/s   2m49s[K[?25h[?2026l[?2026h[?25l[A[1Gpulling manifest [K
pulling f5c702d8820d:  63% ▕███████████       ▏  17 GB/ 28 GB   63 MB/s   2m49s[K[?25h[?2026l[?2026h[?25l[A[1Gpulling manifest [K
pulling f5c702d8820d:  63% ▕███████████       ▏  17 GB/ 28 GB   63 MB/s   2m49s[K[?25h[?2026l[?2026h[?25l[A[1Gpulling manifest [K
pulling f5c702d8820d:  63% ▕███████████       ▏  17 GB/ 28 GB   63 MB/s   2m49s[K[?25h[?2026l[?2026h[?25l[A[1Gpulling manifest [K
pulling f5c702d8820d:  63% ▕███████████       ▏  17 GB/ 28 GB   63 MB/s   2m49s[K[?25h[?2026l[?2026h[?25l[A[1Gpulling manifest [K
pulling f5c702d8820d:  63% ▕███████████       ▏  17 GB/ 28 GB   63 MB/s   2m48s[K[?25h[?2026l[?2026h[?25l[A[1Gpulling manifest [K
pulling f5c702d8820d:  63% ▕███████████       ▏  17 GB/ 28 GB   63 MB/s   2m48s[K[?25h[?2026l[?2026h[?25l[A[1Gpulling manifest [K
pulling f5c702d8820d:  63% ▕███████████       ▏  17 GB/ 28 GB   63 MB/s   2m48s[K[?25h[?2026l[?2026h[?25l[A[1Gpulling manifest [K
pulling f5c702d8820d:  63% ▕███████████       ▏  17 GB/ 28 GB   63 MB/s   2m48s[K[?25h[?2026l[?2026h[?25l[A[1Gpulling manifest [K
pulling f5c702d8820d:  63% ▕███████████       ▏  17 GB/ 28 GB   63 MB/s   2m48s[K[?25h[?2026l[?2026h[?25l[A[1Gpulling manifest [K
pulling f5c702d8820d:  63% ▕███████████       ▏  17 GB/ 28 GB   63 MB/s   2m48s[K[?25h[?2026l[?2026h[?25l[A[1Gpulling manifest [K
pulling f5c702d8820d:  63% ▕███████████       ▏  17 GB/ 28 GB   63 MB/s   2m48s[K[?25h[?2026l[?2026h[?25l[A[1Gpulling manifest [K
pulling f5c702d8820d:  63% ▕███████████       ▏  17 GB/ 28 GB   63 MB/s   2m48s[K[?25h[?2026l[?2026h[?25l[A[1Gpulling manifest [K
pulling f5c702d8820d:  63% ▕███████████       ▏  17 GB/ 28 GB   63 MB/s   2m48s[K[?25h[?2026l[?2026h[?25l[A[1Gpulling manifest [K
pulling f5c702d8820d:  63% ▕███████████       ▏  17 GB/ 28 GB   63 MB/s   2m48s[K[?25h[?2026l[?2026h[?25l[A[1Gpulling manifest [K
pulling f5c702d8820d:  63% ▕███████████       ▏  17 GB/ 28 GB   63 MB/s   2m47s[K[?25h[?2026l[?2026h[?25l[A[1Gpulling manifest [K
pulling f5c702d8820d:  63% ▕███████████       ▏  18 GB/ 28 GB   63 MB/s   2m47s[K[?25h[?2026l[?2026h[?25l[A[1Gpulling manifest [K
pulling f5c702d8820d:  63% ▕███████████       ▏  18 GB/ 28 GB   63 MB/s   2m47s[K[?25h[?2026l[?2026h[?25l[A[1Gpulling manifest [K
pulling f5c702d8820d:  63% ▕███████████       ▏  18 GB/ 28 GB   63 MB/s   2m47s[K[?25h[?2026l[?2026h[?25l[A[1Gpulling manifest [K
pulling f5c702d8820d:  63% ▕███████████       ▏  18 GB/ 28 GB   63 MB/s   2m47s[K[?25h[?2026l[?2026h[?25l[A[1Gpulling manifest [K
pulling f5c702d8820d:  63% ▕███████████       ▏  18 GB/ 28 GB   63 MB/s   2m47s[K[?25h[?2026l[?2026h[?25l[A[1Gpulling manifest [K
pulling f5c702d8820d:  63% ▕███████████       ▏  18 GB/ 28 GB   63 MB/s   2m47s[K[?25h[?2026l[?2026h[?25l[A[1Gpulling manifest [K
pulling f5c702d8820d:  63% ▕███████████       ▏  18 GB/ 28 GB   63 MB/s   2m47s[K[?25h[?2026l[?2026h[?25l[A[1Gpulling manifest [K
pulling f5c702d8820d:  63% ▕███████████       ▏  18 GB/ 28 GB   63 MB/s   2m47s[K[?25h[?2026l[?2026h[?25l[A[1Gpulling manifest [K
pulling f5c702d8820d:  63% ▕███████████       ▏  18 GB/ 28 GB   63 MB/s   2m47s[K[?25h[?2026l[?2026h[?25l[A[1Gpulling manifest [K
pulling f5c702d8820d:  63% ▕███████████       ▏  18 GB/ 28 GB   63 MB/s   2m46s[K[?25h[?2026l[?2026h[?25l[A[1Gpulling manifest [K
pulling f5c702d8820d:  63% ▕███████████       ▏  18 GB/ 28 GB   63 MB/s   2m46s[K[?25h[?2026l[?2026h[?25l[A[1Gpulling manifest [K
pulling f5c702d8820d:  63% ▕███████████       ▏  18 GB/ 28 GB   63 MB/s   2m46s[K[?25h[?2026l[?2026h[?25l[A[1Gpulling manifest [K
pulling f5c702d8820d:  63% ▕███████████       ▏  18 GB/ 28 GB   63 MB/s   2m46s[K[?25h[?2026l[?2026h[?25l[A[1Gpulling manifest [K
pulling f5c702d8820d:  63% ▕███████████       ▏  18 GB/ 28 GB   63 MB/s   2m46s[K[?25h[?2026l[?2026h[?25l[A[1Gpulling manifest [K
pulling f5c702d8820d:  63% ▕███████████       ▏  18 GB/ 28 GB   63 MB/s   2m46s[K[?25h[?2026l[?2026h[?25l[A[1Gpulling manifest [K
pulling f5c702d8820d:  63% ▕███████████       ▏  18 GB/ 28 GB   63 MB/s   2m46s[K[?25h[?2026l[?2026h[?25l[A[1Gpulling manifest [K
pulling f5c702d8820d:  63% ▕███████████       ▏  18 GB/ 28 GB   63 MB/s   2m46s[K[?25h[?2026l[?2026h[?25l[A[1Gpulling manifest [K
pulling f5c702d8820d:  63% ▕███████████       ▏  18 GB/ 28 GB   63 MB/s   2m46s[K[?25h[?2026l[?2026h[?25l[A[1Gpulling manifest [K
pulling f5c702d8820d:  63% ▕███████████       ▏  18 GB/ 28 GB   63 MB/s   2m46s[K[?25h[?2026l[?2026h[?25l[A[1Gpulling manifest [K
pulling f5c702d8820d:  63% ▕███████████       ▏  18 GB/ 28 GB   63 MB/s   2m46s[K[?25h[?2026l[?2026h[?25l[A[1Gpulling manifest [K
pulling f5c702d8820d:  63% ▕███████████       ▏  18 GB/ 28 GB   63 MB/s   2m45s[K[?25h[?2026l[?2026h[?25l[A[1Gpulling manifest [K
pulling f5c702d8820d:  63% ▕███████████       ▏  18 GB/ 28 GB   63 MB/s   2m45s[K[?25h[?2026l[?2026h[?25l[A[1Gpulling manifest [K
pulling f5c702d8820d:  63% ▕███████████       ▏  18 GB/ 28 GB   63 MB/s   2m45s[K[?25h[?2026l[?2026h[?25l[A[1Gpulling manifest [K
pulling f5c702d8820d:  63% ▕███████████       ▏  18 GB/ 28 GB   63 MB/s   2m45s[K[?25h[?2026l[?2026h[?25l[A[1Gpulling manifest [K
pulling f5c702d8820d:  63% ▕███████████       ▏  18 GB/ 28 GB   63 MB/s   2m45s[K[?25h[?2026l[?2026h[?25l[A[1Gpulling manifest [K
pulling f5c702d8820d:  64% ▕███████████       ▏  18 GB/ 28 GB   63 MB/s   2m45s[K[?25h[?2026l[?2026h[?25l[A[1Gpulling manifest [K
pulling f5c702d8820d:  64% ▕███████████       ▏  18 GB/ 28 GB   63 MB/s   2m45s[K[?25h[?2026l[?2026h[?25l[A[1Gpulling manifest [K
pulling f5c702d8820d:  64% ▕███████████       ▏  18 GB/ 28 GB   63 MB/s   2m45s[K[?25h[?2026l[?2026h[?25l[A[1Gpulling manifest [K
pulling f5c702d8820d:  64% ▕███████████       ▏  18 GB/ 28 GB   63 MB/s   2m45s[K[?25h[?2026l[?2026h[?25l[A[1Gpulling manifest [K
pulling f5c702d8820d:  64% ▕███████████       ▏  18 GB/ 28 GB   63 MB/s   2m45s[K[?25h[?2026l[?2026h[?25l[A[1Gpulling manifest [K
pulling f5c702d8820d:  64% ▕███████████       ▏  18 GB/ 28 GB   63 MB/s   2m44s[K[?25h[?2026l[?2026h[?25l[A[1Gpulling manifest [K
pulling f5c702d8820d:  64% ▕███████████       ▏  18 GB/ 28 GB   63 MB/s   2m44s[K[?25h[?2026l[?2026h[?25l[A[1Gpulling manifest [K
pulling f5c702d8820d:  64% ▕███████████       ▏  18 GB/ 28 GB   63 MB/s   2m44s[K[?25h[?2026l[?2026h[?25l[A[1Gpulling manifest [K
pulling f5c702d8820d:  64% ▕███████████       ▏  18 GB/ 28 GB   63 MB/s   2m44s[K[?25h[?2026l[?2026h[?25l[A[1Gpulling manifest [K
pulling f5c702d8820d:  64% ▕███████████       ▏  18 GB/ 28 GB   63 MB/s   2m43s[K[?25h[?2026l[?2026h[?25l[A[1Gpulling manifest [K
pulling f5c702d8820d:  64% ▕███████████       ▏  18 GB/ 28 GB   63 MB/s   2m43s[K[?25h[?2026l[?2026h[?25l[A[1Gpulling manifest [K
pulling f5c702d8820d:  64% ▕███████████       ▏  18 GB/ 28 GB   63 MB/s   2m43s[K[?25h[?2026l[?2026h[?25l[A[1Gpulling manifest [K
pulling f5c702d8820d:  64% ▕███████████       ▏  18 GB/ 28 GB   63 MB/s   2m43s[K[?25h[?2026l[?2026h[?25l[A[1Gpulling manifest [K
pulling f5c702d8820d:  64% ▕███████████       ▏  18 GB/ 28 GB   63 MB/s   2m43s[K[?25h[?2026l[?2026h[?25l[A[1Gpulling manifest [K
pulling f5c702d8820d:  64% ▕███████████       ▏  18 GB/ 28 GB   63 MB/s   2m42s[K[?25h[?2026l[?2026h[?25l[A[1Gpulling manifest [K
pulling f5c702d8820d:  64% ▕███████████       ▏  18 GB/ 28 GB   63 MB/s   2m42s[K[?25h[?2026l[?2026h[?25l[A[1Gpulling manifest [K
pulling f5c702d8820d:  64% ▕███████████       ▏  18 GB/ 28 GB   63 MB/s   2m42s[K[?25h[?2026l[?2026h[?25l[A[1Gpulling manifest [K
pulling f5c702d8820d:  64% ▕███████████       ▏  18 GB/ 28 GB   63 MB/s   2m42s[K[?25h[?2026l[?2026h[?25l[A[1Gpulling manifest [K
pulling f5c702d8820d:  64% ▕███████████       ▏  18 GB/ 28 GB   63 MB/s   2m42s[K[?25h[?2026l[?2026h[?25l[A[1Gpulling manifest [K
pulling f5c702d8820d:  64% ▕███████████       ▏  18 GB/ 28 GB   61 MB/s   2m47s[K[?25h[?2026l[?2026h[?25l[A[1Gpulling manifest [K
pulling f5c702d8820d:  64% ▕███████████       ▏  18 GB/ 28 GB   61 MB/s   2m47s[K[?25h[?2026l[?2026h[?25l[A[1Gpulling manifest [K
pulling f5c702d8820d:  64% ▕███████████       ▏  18 GB/ 28 GB   61 MB/s   2m47s[K[?25h[?2026l[?2026h[?25l[A[1Gpulling manifest [K
pulling f5c702d8820d:  64% ▕███████████       ▏  18 GB/ 28 GB   61 MB/s   2m47s[K[?25h[?2026l[?2026h[?25l[A[1Gpulling manifest [K
pulling f5c702d8820d:  64% ▕███████████       ▏  18 GB/ 28 GB   61 MB/s   2m47s[K[?25h[?2026l[?2026h[?25l[A[1Gpulling manifest [K
pulling f5c702d8820d:  64% ▕███████████       ▏  18 GB/ 28 GB   61 MB/s   2m47s[K[?25h[?2026l[?2026h[?25l[A[1Gpulling manifest [K
pulling f5c702d8820d:  64% ▕███████████       ▏  18 GB/ 28 GB   61 MB/s   2m47s[K[?25h[?2026l[?2026h[?25l[A[1Gpulling manifest [K
pulling f5c702d8820d:  64% ▕███████████       ▏  18 GB/ 28 GB   61 MB/s   2m46s[K[?25h[?2026l[?2026h[?25l[A[1Gpulling manifest [K
pulling f5c702d8820d:  64% ▕███████████       ▏  18 GB/ 28 GB   61 MB/s   2m46s[K[?25h[?2026l[?2026h[?25l[A[1Gpulling manifest [K
pulling f5c702d8820d:  64% ▕███████████       ▏  18 GB/ 28 GB   61 MB/s   2m46s[K[?25h[?2026l[?2026h[?25l[A[1Gpulling manifest [K
pulling f5c702d8820d:  64% ▕███████████       ▏  18 GB/ 28 GB   61 MB/s   2m46s[K[?25h[?2026l[?2026h[?25l[A[1Gpulling manifest [K
pulling f5c702d8820d:  64% ▕███████████       ▏  18 GB/ 28 GB   61 MB/s   2m46s[K[?25h[?2026l[?2026h[?25l[A[1Gpulling manifest [K
pulling f5c702d8820d:  64% ▕███████████       ▏  18 GB/ 28 GB   61 MB/s   2m46s[K[?25h[?2026l[?2026h[?25l[A[1Gpulling manifest [K
pulling f5c702d8820d:  64% ▕███████████       ▏  18 GB/ 28 GB   61 MB/s   2m46s[K[?25h[?2026l[?2026h[?25l[A[1Gpulling manifest [K
pulling f5c702d8820d:  64% ▕███████████       ▏  18 GB/ 28 GB   61 MB/s   2m46s[K[?25h[?2026l[?2026h[?25l[A[1Gpulling manifest [K
pulling f5c702d8820d:  64% ▕███████████       ▏  18 GB/ 28 GB   61 MB/s   2m46s[K[?25h[?2026l[?2026h[?25l[A[1Gpulling manifest [K
pulling f5c702d8820d:  64% ▕███████████       ▏  18 GB/ 28 GB   61 MB/s   2m46s[K[?25h[?2026l[?2026h[?25l[A[1Gpulling manifest [K
pulling f5c702d8820d:  64% ▕███████████       ▏  18 GB/ 28 GB   61 MB/s   2m46s[K[?25h[?2026l[?2026h[?25l[A[1Gpulling manifest [K
pulling f5c702d8820d:  64% ▕███████████       ▏  18 GB/ 28 GB   61 MB/s   2m45s[K[?25h[?2026l[?2026h[?25l[A[1Gpulling manifest [K
pulling f5c702d8820d:  64% ▕███████████       ▏  18 GB/ 28 GB   61 MB/s   2m45s[K[?25h[?2026l[?2026h[?25l[A[1Gpulling manifest [K
pulling f5c702d8820d:  64% ▕███████████       ▏  18 GB/ 28 GB   61 MB/s   2m47s[K[?25h[?2026l[?2026h[?25l[A[1Gpulling manifest [K
pulling f5c702d8820d:  64% ▕███████████       ▏  18 GB/ 28 GB   61 MB/s   2m47s[K[?25h[?2026l[?2026h[?25l[A[1Gpulling manifest [K
pulling f5c702d8820d:  64% ▕███████████       ▏  18 GB/ 28 GB   61 MB/s   2m46s[K[?25h[?2026l[?2026h[?25l[A[1Gpulling manifest [K
pulling f5c702d8820d:  64% ▕███████████       ▏  18 GB/ 28 GB   61 MB/s   2m46s[K[?25h[?2026l[?2026h[?25l[A[1Gpulling manifest [K
pulling f5c702d8820d:  64% ▕███████████       ▏  18 GB/ 28 GB   61 MB/s   2m46s[K[?25h[?2026l[?2026h[?25l[A[1Gpulling manifest [K
pulling f5c702d8820d:  64% ▕███████████       ▏  18 GB/ 28 GB   61 MB/s   2m46s[K[?25h[?2026l[?2026h[?25l[A[1Gpulling manifest [K
pulling f5c702d8820d:  64% ▕███████████       ▏  18 GB/ 28 GB   61 MB/s   2m46s[K[?25h[?2026l[?2026h[?25l[A[1Gpulling manifest [K
pulling f5c702d8820d:  64% ▕███████████       ▏  18 GB/ 28 GB   61 MB/s   2m46s[K[?25h[?2026l[?2026h[?25l[A[1Gpulling manifest [K
pulling f5c702d8820d:  64% ▕███████████       ▏  18 GB/ 28 GB   61 MB/s   2m46s[K[?25h[?2026l[?2026h[?25l[A[1Gpulling manifest [K
pulling f5c702d8820d:  64% ▕███████████       ▏  18 GB/ 28 GB   61 MB/s   2m46s[K[?25h[?2026l[?2026h[?25l[A[1Gpulling manifest [K
pulling f5c702d8820d:  64% ▕███████████       ▏  18 GB/ 28 GB   61 MB/s   2m46s[K[?25h[?2026l[?2026h[?25l[A[1Gpulling manifest [K
pulling f5c702d8820d:  65% ▕███████████       ▏  18 GB/ 28 GB   61 MB/s   2m46s[K[?25h[?2026l[?2026h[?25l[A[1Gpulling manifest [K
pulling f5c702d8820d:  65% ▕███████████       ▏  18 GB/ 28 GB   61 MB/s   2m46s[K[?25h[?2026l[?2026h[?25l[A[1Gpulling manifest [K
pulling f5c702d8820d:  65% ▕███████████       ▏  18 GB/ 28 GB   61 MB/s   2m45s[K[?25h[?2026l[?2026h[?25l[A[1Gpulling manifest [K
pulling f5c702d8820d:  65% ▕███████████       ▏  18 GB/ 28 GB   61 MB/s   2m45s[K[?25h[?2026l[?2026h[?25l[A[1Gpulling manifest [K
pulling f5c702d8820d:  65% ▕███████████       ▏  18 GB/ 28 GB   61 MB/s   2m45s[K[?25h[?2026l[?2026h[?25l[A[1Gpulling manifest [K
pulling f5c702d8820d:  65% ▕███████████       ▏  18 GB/ 28 GB   61 MB/s   2m45s[K[?25h[?2026l[?2026h[?25l[A[1Gpulling manifest [K
pulling f5c702d8820d:  65% ▕███████████       ▏  18 GB/ 28 GB   61 MB/s   2m45s[K[?25h[?2026l[?2026h[?25l[A[1Gpulling manifest [K
pulling f5c702d8820d:  65% ▕███████████       ▏  18 GB/ 28 GB   61 MB/s   2m45s[K[?25h[?2026l[?2026h[?25l[A[1Gpulling manifest [K
pulling f5c702d8820d:  65% ▕███████████       ▏  18 GB/ 28 GB   61 MB/s   2m45s[K[?25h[?2026l[?2026h[?25l[A[1Gpulling manifest [K
pulling f5c702d8820d:  65% ▕███████████       ▏  18 GB/ 28 GB   61 MB/s   2m45s[K[?25h[?2026l[?2026h[?25l[A[1Gpulling manifest [K
pulling f5c702d8820d:  65% ▕███████████       ▏  18 GB/ 28 GB   61 MB/s   2m45s[K[?25h[?2026l[?2026h[?25l[A[1Gpulling manifest [K
pulling f5c702d8820d:  65% ▕███████████       ▏  18 GB/ 28 GB   61 MB/s   2m45s[K[?25h[?2026l[?2026h[?25l[A[1Gpulling manifest [K
pulling f5c702d8820d:  65% ▕███████████       ▏  18 GB/ 28 GB   61 MB/s   2m44s[K[?25h[?2026l[?2026h[?25l[A[1Gpulling manifest [K
pulling f5c702d8820d:  65% ▕███████████       ▏  18 GB/ 28 GB   61 MB/s   2m44s[K[?25h[?2026l[?2026h[?25l[A[1Gpulling manifest [K
pulling f5c702d8820d:  65% ▕███████████       ▏  18 GB/ 28 GB   61 MB/s   2m44s[K[?25h[?2026l[?2026h[?25l[A[1Gpulling manifest [K
pulling f5c702d8820d:  65% ▕███████████       ▏  18 GB/ 28 GB   61 MB/s   2m44s[K[?25h[?2026l[?2026h[?25l[A[1Gpulling manifest [K
pulling f5c702d8820d:  65% ▕███████████       ▏  18 GB/ 28 GB   61 MB/s   2m44s[K[?25h[?2026l[?2026h[?25l[A[1Gpulling manifest [K
pulling f5c702d8820d:  65% ▕███████████       ▏  18 GB/ 28 GB   61 MB/s   2m44s[K[?25h[?2026l[?2026h[?25l[A[1Gpulling manifest [K
pulling f5c702d8820d:  65% ▕███████████       ▏  18 GB/ 28 GB   61 MB/s   2m44s[K[?25h[?2026l[?2026h[?25l[A[1Gpulling manifest [K
pulling f5c702d8820d:  65% ▕███████████       ▏  18 GB/ 28 GB   61 MB/s   2m44s[K[?25h[?2026l[?2026h[?25l[A[1Gpulling manifest [K
pulling f5c702d8820d:  65% ▕███████████       ▏  18 GB/ 28 GB   60 MB/s   2m44s[K[?25h[?2026l[?2026h[?25l[A[1Gpulling manifest [K
pulling f5c702d8820d:  65% ▕███████████       ▏  18 GB/ 28 GB   60 MB/s   2m44s[K[?25h[?2026l[?2026h[?25l[A[1Gpulling manifest [K
pulling f5c702d8820d:  65% ▕███████████       ▏  18 GB/ 28 GB   60 MB/s   2m44s[K[?25h[?2026l[?2026h[?25l[A[1Gpulling manifest [K
pulling f5c702d8820d:  65% ▕███████████       ▏  18 GB/ 28 GB   60 MB/s   2m44s[K[?25h[?2026l[?2026h[?25l[A[1Gpulling manifest [K
pulling f5c702d8820d:  65% ▕███████████       ▏  18 GB/ 28 GB   60 MB/s   2m43s[K[?25h[?2026l[?2026h[?25l[A[1Gpulling manifest [K
pulling f5c702d8820d:  65% ▕███████████       ▏  18 GB/ 28 GB   60 MB/s   2m43s[K[?25h[?2026l[?2026h[?25l[A[1Gpulling manifest [K
pulling f5c702d8820d:  65% ▕███████████       ▏  18 GB/ 28 GB   60 MB/s   2m43s[K[?25h[?2026l[?2026h[?25l[A[1Gpulling manifest [K
pulling f5c702d8820d:  65% ▕███████████       ▏  18 GB/ 28 GB   60 MB/s   2m43s[K[?25h[?2026l[?2026h[?25l[A[1Gpulling manifest [K
pulling f5c702d8820d:  65% ▕███████████       ▏  18 GB/ 28 GB   60 MB/s   2m43s[K[?25h[?2026l[?2026h[?25l[A[1Gpulling manifest [K
pulling f5c702d8820d:  65% ▕███████████       ▏  18 GB/ 28 GB   60 MB/s   2m43s[K[?25h[?2026l[?2026h[?25l[A[1Gpulling manifest [K
pulling f5c702d8820d:  65% ▕███████████       ▏  18 GB/ 28 GB   61 MB/s   2m43s[K[?25h[?2026l[?2026h[?25l[A[1Gpulling manifest [K
pulling f5c702d8820d:  65% ▕███████████       ▏  18 GB/ 28 GB   61 MB/s   2m43s[K[?25h[?2026l[?2026h[?25l[A[1Gpulling manifest [K
pulling f5c702d8820d:  65% ▕███████████       ▏  18 GB/ 28 GB   61 MB/s   2m43s[K[?25h[?2026l[?2026h[?25l[A[1Gpulling manifest [K
pulling f5c702d8820d:  65% ▕███████████       ▏  18 GB/ 28 GB   61 MB/s   2m42s[K[?25h[?2026l[?2026h[?25l[A[1Gpulling manifest [K
pulling f5c702d8820d:  65% ▕███████████       ▏  18 GB/ 28 GB   61 MB/s   2m42s[K[?25h[?2026l[?2026h[?25l[A[1Gpulling manifest [K
pulling f5c702d8820d:  65% ▕███████████       ▏  18 GB/ 28 GB   61 MB/s   2m42s[K[?25h[?2026l[?2026h[?25l[A[1Gpulling manifest [K
pulling f5c702d8820d:  65% ▕███████████       ▏  18 GB/ 28 GB   61 MB/s   2m42s[K[?25h[?2026l[?2026h[?25l[A[1Gpulling manifest [K
pulling f5c702d8820d:  65% ▕███████████       ▏  18 GB/ 28 GB   61 MB/s   2m42s[K[?25h[?2026l[?2026h[?25l[A[1Gpulling manifest [K
pulling f5c702d8820d:  65% ▕███████████       ▏  18 GB/ 28 GB   61 MB/s   2m42s[K[?25h[?2026l[?2026h[?25l[A[1Gpulling manifest [K
pulling f5c702d8820d:  65% ▕███████████       ▏  18 GB/ 28 GB   61 MB/s   2m42s[K[?25h[?2026l[?2026h[?25l[A[1Gpulling manifest [K
pulling f5c702d8820d:  65% ▕███████████       ▏  18 GB/ 28 GB   60 MB/s   2m42s[K[?25h[?2026l[?2026h[?25l[A[1Gpulling manifest [K
pulling f5c702d8820d:  65% ▕███████████       ▏  18 GB/ 28 GB   60 MB/s   2m42s[K[?25h[?2026l[?2026h[?25l[A[1Gpulling manifest [K
pulling f5c702d8820d:  65% ▕███████████       ▏  18 GB/ 28 GB   60 MB/s   2m42s[K[?25h[?2026l[?2026h[?25l[A[1Gpulling manifest [K
pulling f5c702d8820d:  65% ▕███████████       ▏  18 GB/ 28 GB   60 MB/s   2m41s[K[?25h[?2026l[?2026h[?25l[A[1Gpulling manifest [K
pulling f5c702d8820d:  65% ▕███████████       ▏  18 GB/ 28 GB   60 MB/s   2m41s[K[?25h[?2026l[?2026h[?25l[A[1Gpulling manifest [K
pulling f5c702d8820d:  65% ▕███████████       ▏  18 GB/ 28 GB   60 MB/s   2m41s[K[?25h[?2026l[?2026h[?25l[A[1Gpulling manifest [K
pulling f5c702d8820d:  66% ▕███████████       ▏  18 GB/ 28 GB   60 MB/s   2m41s[K[?25h[?2026l[?2026h[?25l[A[1Gpulling manifest [K
pulling f5c702d8820d:  66% ▕███████████       ▏  18 GB/ 28 GB   60 MB/s   2m41s[K[?25h[?2026l[?2026h[?25l[A[1Gpulling manifest [K
pulling f5c702d8820d:  66% ▕███████████       ▏  18 GB/ 28 GB   60 MB/s   2m41s[K[?25h[?2026l[?2026h[?25l[A[1Gpulling manifest [K
pulling f5c702d8820d:  66% ▕███████████       ▏  18 GB/ 28 GB   60 MB/s   2m41s[K[?25h[?2026l[?2026h[?25l[A[1Gpulling manifest [K
pulling f5c702d8820d:  66% ▕███████████       ▏  18 GB/ 28 GB   60 MB/s   2m41s[K[?25h[?2026l[?2026h[?25l[A[1Gpulling manifest [K
pulling f5c702d8820d:  66% ▕███████████       ▏  18 GB/ 28 GB   61 MB/s   2m41s[K[?25h[?2026l[?2026h[?25l[A[1Gpulling manifest [K
pulling f5c702d8820d:  66% ▕███████████       ▏  18 GB/ 28 GB   61 MB/s   2m40s[K[?25h[?2026l[?2026h[?25l[A[1Gpulling manifest [K
pulling f5c702d8820d:  66% ▕███████████       ▏  18 GB/ 28 GB   61 MB/s   2m40s[K[?25h[?2026l[?2026h[?25l[A[1Gpulling manifest [K
pulling f5c702d8820d:  66% ▕███████████       ▏  18 GB/ 28 GB   61 MB/s   2m40s[K[?25h[?2026l[?2026h[?25l[A[1Gpulling manifest [K
pulling f5c702d8820d:  66% ▕███████████       ▏  18 GB/ 28 GB   61 MB/s   2m40s[K[?25h[?2026l[?2026h[?25l[A[1Gpulling manifest [K
pulling f5c702d8820d:  66% ▕███████████       ▏  18 GB/ 28 GB   61 MB/s   2m40s[K[?25h[?2026l[?2026h[?25l[A[1Gpulling manifest [K
pulling f5c702d8820d:  66% ▕███████████       ▏  18 GB/ 28 GB   61 MB/s   2m40s[K[?25h[?2026l[?2026h[?25l[A[1Gpulling manifest [K
pulling f5c702d8820d:  66% ▕███████████       ▏  18 GB/ 28 GB   61 MB/s   2m40s[K[?25h[?2026l[?2026h[?25l[A[1Gpulling manifest [K
pulling f5c702d8820d:  66% ▕███████████       ▏  18 GB/ 28 GB   61 MB/s   2m40s[K[?25h[?2026l[?2026h[?25l[A[1Gpulling manifest [K
pulling f5c702d8820d:  66% ▕███████████       ▏  18 GB/ 28 GB   61 MB/s   2m40s[K[?25h[?2026l[?2026h[?25l[A[1Gpulling manifest [K
pulling f5c702d8820d:  66% ▕███████████       ▏  18 GB/ 28 GB   62 MB/s   2m35s[K[?25h[?2026l[?2026h[?25l[A[1Gpulling manifest [K
pulling f5c702d8820d:  66% ▕███████████       ▏  18 GB/ 28 GB   62 MB/s   2m35s[K[?25h[?2026l[?2026h[?25l[A[1Gpulling manifest [K
pulling f5c702d8820d:  66% ▕███████████       ▏  18 GB/ 28 GB   62 MB/s   2m35s[K[?25h[?2026l[?2026h[?25l[A[1Gpulling manifest [K
pulling f5c702d8820d:  66% ▕███████████       ▏  18 GB/ 28 GB   62 MB/s   2m35s[K[?25h[?2026l[?2026h[?25l[A[1Gpulling manifest [K
pulling f5c702d8820d:  66% ▕███████████       ▏  18 GB/ 28 GB   62 MB/s   2m35s[K[?25h[?2026l[?2026h[?25l[A[1Gpulling manifest [K
pulling f5c702d8820d:  66% ▕███████████       ▏  18 GB/ 28 GB   62 MB/s   2m34s[K[?25h[?2026l[?2026h[?25l[A[1Gpulling manifest [K
pulling f5c702d8820d:  66% ▕███████████       ▏  18 GB/ 28 GB   62 MB/s   2m34s[K[?25h[?2026l[?2026h[?25l[A[1Gpulling manifest [K
pulling f5c702d8820d:  66% ▕███████████       ▏  18 GB/ 28 GB   62 MB/s   2m34s[K[?25h[?2026l[?2026h[?25l[A[1Gpulling manifest [K
pulling f5c702d8820d:  66% ▕███████████       ▏  18 GB/ 28 GB   62 MB/s   2m34s[K[?25h[?2026l[?2026h[?25l[A[1Gpulling manifest [K
pulling f5c702d8820d:  66% ▕███████████       ▏  18 GB/ 28 GB   62 MB/s   2m34s[K[?25h[?2026l[?2026h[?25l[A[1Gpulling manifest [K
pulling f5c702d8820d:  66% ▕███████████       ▏  18 GB/ 28 GB   62 MB/s   2m34s[K[?25h[?2026l[?2026h[?25l[A[1Gpulling manifest [K
pulling f5c702d8820d:  66% ▕███████████       ▏  18 GB/ 28 GB   62 MB/s   2m34s[K[?25h[?2026l[?2026h[?25l[A[1Gpulling manifest [K
pulling f5c702d8820d:  66% ▕███████████       ▏  18 GB/ 28 GB   62 MB/s   2m34s[K[?25h[?2026l[?2026h[?25l[A[1Gpulling manifest [K
pulling f5c702d8820d:  66% ▕███████████       ▏  18 GB/ 28 GB   62 MB/s   2m34s[K[?25h[?2026l[?2026h[?25l[A[1Gpulling manifest [K
pulling f5c702d8820d:  66% ▕███████████       ▏  18 GB/ 28 GB   62 MB/s   2m33s[K[?25h[?2026l[?2026h[?25l[A[1Gpulling manifest [K
pulling f5c702d8820d:  66% ▕███████████       ▏  18 GB/ 28 GB   62 MB/s   2m33s[K[?25h[?2026l[?2026h[?25l[A[1Gpulling manifest [K
pulling f5c702d8820d:  66% ▕███████████       ▏  18 GB/ 28 GB   62 MB/s   2m33s[K[?25h[?2026l[?2026h[?25l[A[1Gpulling manifest [K
pulling f5c702d8820d:  66% ▕███████████       ▏  18 GB/ 28 GB   62 MB/s   2m33s[K[?25h[?2026l[?2026h[?25l[A[1Gpulling manifest [K
pulling f5c702d8820d:  66% ▕███████████       ▏  18 GB/ 28 GB   62 MB/s   2m33s[K[?25h[?2026l[?2026h[?25l[A[1Gpulling manifest [K
pulling f5c702d8820d:  66% ▕███████████       ▏  18 GB/ 28 GB   62 MB/s   2m33s[K[?25h[?2026l[?2026h[?25l[A[1Gpulling manifest [K
pulling f5c702d8820d:  66% ▕███████████       ▏  18 GB/ 28 GB   63 MB/s   2m32s[K[?25h[?2026l[?2026h[?25l[A[1Gpulling manifest [K
pulling f5c702d8820d:  66% ▕███████████       ▏  18 GB/ 28 GB   63 MB/s   2m32s[K[?25h[?2026l[?2026h[?25l[A[1Gpulling manifest [K
pulling f5c702d8820d:  66% ▕███████████       ▏  18 GB/ 28 GB   63 MB/s   2m31s[K[?25h[?2026l[?2026h[?25l[A[1Gpulling manifest [K
pulling f5c702d8820d:  66% ▕███████████       ▏  18 GB/ 28 GB   63 MB/s   2m31s[K[?25h[?2026l[?2026h[?25l[A[1Gpulling manifest [K
pulling f5c702d8820d:  66% ▕███████████       ▏  18 GB/ 28 GB   63 MB/s   2m31s[K[?25h[?2026l[?2026h[?25l[A[1Gpulling manifest [K
pulling f5c702d8820d:  66% ▕███████████       ▏  18 GB/ 28 GB   63 MB/s   2m31s[K[?25h[?2026l[?2026h[?25l[A[1Gpulling manifest [K
pulling f5c702d8820d:  66% ▕███████████       ▏  18 GB/ 28 GB   63 MB/s   2m31s[K[?25h[?2026l[?2026h[?25l[A[1Gpulling manifest [K
pulling f5c702d8820d:  66% ▕███████████       ▏  18 GB/ 28 GB   63 MB/s   2m31s[K[?25h[?2026l[?2026h[?25l[A[1Gpulling manifest [K
pulling f5c702d8820d:  66% ▕███████████       ▏  19 GB/ 28 GB   63 MB/s   2m31s[K[?25h[?2026l[?2026h[?25l[A[1Gpulling manifest [K
pulling f5c702d8820d:  66% ▕███████████       ▏  19 GB/ 28 GB   63 MB/s   2m31s[K[?25h[?2026l[?2026h[?25l[A[1Gpulling manifest [K
pulling f5c702d8820d:  67% ▕███████████       ▏  19 GB/ 28 GB   63 MB/s   2m31s[K[?25h[?2026l[?2026h[?25l[A[1Gpulling manifest [K
pulling f5c702d8820d:  67% ▕███████████       ▏  19 GB/ 28 GB   63 MB/s   2m31s[K[?25h[?2026l[?2026h[?25l[A[1Gpulling manifest [K
pulling f5c702d8820d:  67% ▕███████████       ▏  19 GB/ 28 GB   63 MB/s   2m30s[K[?25h[?2026l[?2026h[?25l[A[1Gpulling manifest [K
pulling f5c702d8820d:  67% ▕███████████       ▏  19 GB/ 28 GB   63 MB/s   2m30s[K[?25h[?2026l[?2026h[?25l[A[1Gpulling manifest [K
pulling f5c702d8820d:  67% ▕███████████       ▏  19 GB/ 28 GB   63 MB/s   2m30s[K[?25h[?2026l[?2026h[?25l[A[1Gpulling manifest [K
pulling f5c702d8820d:  67% ▕███████████       ▏  19 GB/ 28 GB   63 MB/s   2m30s[K[?25h[?2026l[?2026h[?25l[A[1Gpulling manifest [K
pulling f5c702d8820d:  67% ▕███████████       ▏  19 GB/ 28 GB   63 MB/s   2m30s[K[?25h[?2026l[?2026h[?25l[A[1Gpulling manifest [K
pulling f5c702d8820d:  67% ▕███████████       ▏  19 GB/ 28 GB   63 MB/s   2m30s[K[?25h[?2026l[?2026h[?25l[A[1Gpulling manifest [K
pulling f5c702d8820d:  67% ▕████████████      ▏  19 GB/ 28 GB   63 MB/s   2m30s[K[?25h[?2026l[?2026h[?25l[A[1Gpulling manifest [K
pulling f5c702d8820d:  67% ▕████████████      ▏  19 GB/ 28 GB   63 MB/s   2m30s[K[?25h[?2026l[?2026h[?25l[A[1Gpulling manifest [K
pulling f5c702d8820d:  67% ▕████████████      ▏  19 GB/ 28 GB   63 MB/s   2m30s[K[?25h[?2026l[?2026h[?25l[A[1Gpulling manifest [K
pulling f5c702d8820d:  67% ▕████████████      ▏  19 GB/ 28 GB   63 MB/s   2m30s[K[?25h[?2026l[?2026h[?25l[A[1Gpulling manifest [K
pulling f5c702d8820d:  67% ▕████████████      ▏  19 GB/ 28 GB   63 MB/s   2m29s[K[?25h[?2026l[?2026h[?25l[A[1Gpulling manifest [K
pulling f5c702d8820d:  67% ▕████████████      ▏  19 GB/ 28 GB   63 MB/s   2m29s[K[?25h[?2026l[?2026h[?25l[A[1Gpulling manifest [K
pulling f5c702d8820d:  67% ▕████████████      ▏  19 GB/ 28 GB   63 MB/s   2m29s[K[?25h[?2026l[?2026h[?25l[A[1Gpulling manifest [K
pulling f5c702d8820d:  67% ▕████████████      ▏  19 GB/ 28 GB   63 MB/s   2m29s[K[?25h[?2026l[?2026h[?25l[A[1Gpulling manifest [K
pulling f5c702d8820d:  67% ▕████████████      ▏  19 GB/ 28 GB   63 MB/s   2m29s[K[?25h[?2026l[?2026h[?25l[A[1Gpulling manifest [K
pulling f5c702d8820d:  67% ▕████████████      ▏  19 GB/ 28 GB   63 MB/s   2m29s[K[?25h[?2026l[?2026h[?25l[A[1Gpulling manifest [K
pulling f5c702d8820d:  67% ▕████████████      ▏  19 GB/ 28 GB   63 MB/s   2m29s[K[?25h[?2026l[?2026h[?25l[A[1Gpulling manifest [K
pulling f5c702d8820d:  67% ▕████████████      ▏  19 GB/ 28 GB   63 MB/s   2m29s[K[?25h[?2026l[?2026h[?25l[A[1Gpulling manifest [K
pulling f5c702d8820d:  67% ▕████████████      ▏  19 GB/ 28 GB   63 MB/s   2m29s[K[?25h[?2026l[?2026h[?25l[A[1Gpulling manifest [K
pulling f5c702d8820d:  67% ▕████████████      ▏  19 GB/ 28 GB   63 MB/s   2m28s[K[?25h[?2026l[?2026h[?25l[A[1Gpulling manifest [K
pulling f5c702d8820d:  67% ▕████████████      ▏  19 GB/ 28 GB   63 MB/s   2m28s[K[?25h[?2026l[?2026h[?25l[A[1Gpulling manifest [K
pulling f5c702d8820d:  67% ▕████████████      ▏  19 GB/ 28 GB   63 MB/s   2m28s[K[?25h[?2026l[?2026h[?25l[A[1Gpulling manifest [K
pulling f5c702d8820d:  67% ▕████████████      ▏  19 GB/ 28 GB   63 MB/s   2m28s[K[?25h[?2026l[?2026h[?25l[A[1Gpulling manifest [K
pulling f5c702d8820d:  67% ▕████████████      ▏  19 GB/ 28 GB   63 MB/s   2m28s[K[?25h[?2026l[?2026h[?25l[A[1Gpulling manifest [K
pulling f5c702d8820d:  67% ▕████████████      ▏  19 GB/ 28 GB   63 MB/s   2m28s[K[?25h[?2026l[?2026h[?25l[A[1Gpulling manifest [K
pulling f5c702d8820d:  67% ▕████████████      ▏  19 GB/ 28 GB   63 MB/s   2m28s[K[?25h[?2026l[?2026h[?25l[A[1Gpulling manifest [K
pulling f5c702d8820d:  67% ▕████████████      ▏  19 GB/ 28 GB   63 MB/s   2m28s[K[?25h[?2026l[?2026h[?25l[A[1Gpulling manifest [K
pulling f5c702d8820d:  67% ▕████████████      ▏  19 GB/ 28 GB   63 MB/s   2m28s[K[?25h[?2026l[?2026h[?25l[A[1Gpulling manifest [K
pulling f5c702d8820d:  67% ▕████████████      ▏  19 GB/ 28 GB   63 MB/s   2m28s[K[?25h[?2026l[?2026h[?25l[A[1Gpulling manifest [K
pulling f5c702d8820d:  67% ▕████████████      ▏  19 GB/ 28 GB   63 MB/s   2m28s[K[?25h[?2026l[?2026h[?25l[A[1Gpulling manifest [K
pulling f5c702d8820d:  67% ▕████████████      ▏  19 GB/ 28 GB   63 MB/s   2m27s[K[?25h[?2026l[?2026h[?25l[A[1Gpulling manifest [K
pulling f5c702d8820d:  67% ▕████████████      ▏  19 GB/ 28 GB   63 MB/s   2m27s[K[?25h[?2026l[?2026h[?25l[A[1Gpulling manifest [K
pulling f5c702d8820d:  67% ▕████████████      ▏  19 GB/ 28 GB   63 MB/s   2m27s[K[?25h[?2026l[?2026h[?25l[A[1Gpulling manifest [K
pulling f5c702d8820d:  67% ▕████████████      ▏  19 GB/ 28 GB   63 MB/s   2m27s[K[?25h[?2026l[?2026h[?25l[A[1Gpulling manifest [K
pulling f5c702d8820d:  67% ▕████████████      ▏  19 GB/ 28 GB   63 MB/s   2m27s[K[?25h[?2026l[?2026h[?25l[A[1Gpulling manifest [K
pulling f5c702d8820d:  67% ▕████████████      ▏  19 GB/ 28 GB   63 MB/s   2m27s[K[?25h[?2026l[?2026h[?25l[A[1Gpulling manifest [K
pulling f5c702d8820d:  67% ▕████████████      ▏  19 GB/ 28 GB   63 MB/s   2m27s[K[?25h[?2026l[?2026h[?25l[A[1Gpulling manifest [K
pulling f5c702d8820d:  67% ▕████████████      ▏  19 GB/ 28 GB   63 MB/s   2m27s[K[?25h[?2026l[?2026h[?25l[A[1Gpulling manifest [K
pulling f5c702d8820d:  67% ▕████████████      ▏  19 GB/ 28 GB   63 MB/s   2m27s[K[?25h[?2026l[?2026h[?25l[A[1Gpulling manifest [K
pulling f5c702d8820d:  67% ▕████████████      ▏  19 GB/ 28 GB   63 MB/s   2m27s[K[?25h[?2026l[?2026h[?25l[A[1Gpulling manifest [K
pulling f5c702d8820d:  67% ▕████████████      ▏  19 GB/ 28 GB   63 MB/s   2m26s[K[?25h[?2026l[?2026h[?25l[A[1Gpulling manifest [K
pulling f5c702d8820d:  67% ▕████████████      ▏  19 GB/ 28 GB   63 MB/s   2m26s[K[?25h[?2026l[?2026h[?25l[A[1Gpulling manifest [K
pulling f5c702d8820d:  67% ▕████████████      ▏  19 GB/ 28 GB   63 MB/s   2m26s[K[?25h[?2026l[?2026h[?25l[A[1Gpulling manifest [K
pulling f5c702d8820d:  67% ▕████████████      ▏  19 GB/ 28 GB   63 MB/s   2m26s[K[?25h[?2026l[?2026h[?25l[A[1Gpulling manifest [K
pulling f5c702d8820d:  67% ▕████████████      ▏  19 GB/ 28 GB   63 MB/s   2m26s[K[?25h[?2026l[?2026h[?25l[A[1Gpulling manifest [K
pulling f5c702d8820d:  68% ▕████████████      ▏  19 GB/ 28 GB   63 MB/s   2m26s[K[?25h[?2026l[?2026h[?25l[A[1Gpulling manifest [K
pulling f5c702d8820d:  68% ▕████████████      ▏  19 GB/ 28 GB   63 MB/s   2m26s[K[?25h[?2026l[?2026h[?25l[A[1Gpulling manifest [K
pulling f5c702d8820d:  68% ▕████████████      ▏  19 GB/ 28 GB   63 MB/s   2m26s[K[?25h[?2026l[?2026h[?25l[A[1Gpulling manifest [K
pulling f5c702d8820d:  68% ▕████████████      ▏  19 GB/ 28 GB   63 MB/s   2m26s[K[?25h[?2026l[?2026h[?25l[A[1Gpulling manifest [K
pulling f5c702d8820d:  68% ▕████████████      ▏  19 GB/ 28 GB   62 MB/s   2m29s[K[?25h[?2026l[?2026h[?25l[A[1Gpulling manifest [K
pulling f5c702d8820d:  68% ▕████████████      ▏  19 GB/ 28 GB   62 MB/s   2m29s[K[?25h[?2026l[?2026h[?25l[A[1Gpulling manifest [K
pulling f5c702d8820d:  68% ▕████████████      ▏  19 GB/ 28 GB   62 MB/s   2m29s[K[?25h[?2026l[?2026h[?25l[A[1Gpulling manifest [K
pulling f5c702d8820d:  68% ▕████████████      ▏  19 GB/ 28 GB   62 MB/s   2m29s[K[?25h[?2026l[?2026h[?25l[A[1Gpulling manifest [K
pulling f5c702d8820d:  68% ▕████████████      ▏  19 GB/ 28 GB   62 MB/s   2m29s[K[?25h[?2026l[?2026h[?25l[A[1Gpulling manifest [K
pulling f5c702d8820d:  68% ▕████████████      ▏  19 GB/ 28 GB   62 MB/s   2m29s[K[?25h[?2026l[?2026h[?25l[A[1Gpulling manifest [K
pulling f5c702d8820d:  68% ▕████████████      ▏  19 GB/ 28 GB   62 MB/s   2m29s[K[?25h[?2026l[?2026h[?25l[A[1Gpulling manifest [K
pulling f5c702d8820d:  68% ▕████████████      ▏  19 GB/ 28 GB   62 MB/s   2m28s[K[?25h[?2026l[?2026h[?25l[A[1Gpulling manifest [K
pulling f5c702d8820d:  68% ▕████████████      ▏  19 GB/ 28 GB   62 MB/s   2m28s[K[?25h[?2026l[?2026h[?25l[A[1Gpulling manifest [K
pulling f5c702d8820d:  68% ▕████████████      ▏  19 GB/ 28 GB   62 MB/s   2m28s[K[?25h[?2026l[?2026h[?25l[A[1Gpulling manifest [K
pulling f5c702d8820d:  68% ▕████████████      ▏  19 GB/ 28 GB   62 MB/s   2m28s[K[?25h[?2026l[?2026h[?25l[A[1Gpulling manifest [K
pulling f5c702d8820d:  68% ▕████████████      ▏  19 GB/ 28 GB   61 MB/s   2m29s[K[?25h[?2026l[?2026h[?25l[A[1Gpulling manifest [K
pulling f5c702d8820d:  68% ▕████████████      ▏  19 GB/ 28 GB   61 MB/s   2m29s[K[?25h[?2026l[?2026h[?25l[A[1Gpulling manifest [K
pulling f5c702d8820d:  68% ▕████████████      ▏  19 GB/ 28 GB   61 MB/s   2m29s[K[?25h[?2026l[?2026h[?25l[A[1Gpulling manifest [K
pulling f5c702d8820d:  68% ▕████████████      ▏  19 GB/ 28 GB   61 MB/s   2m29s[K[?25h[?2026l[?2026h[?25l[A[1Gpulling manifest [K
pulling f5c702d8820d:  68% ▕████████████      ▏  19 GB/ 28 GB   61 MB/s   2m29s[K[?25h[?2026l[?2026h[?25l[A[1Gpulling manifest [K
pulling f5c702d8820d:  68% ▕████████████      ▏  19 GB/ 28 GB   61 MB/s   2m29s[K[?25h[?2026l[?2026h[?25l[A[1Gpulling manifest [K
pulling f5c702d8820d:  68% ▕████████████      ▏  19 GB/ 28 GB   61 MB/s   2m29s[K[?25h[?2026l[?2026h[?25l[A[1Gpulling manifest [K
pulling f5c702d8820d:  68% ▕████████████      ▏  19 GB/ 28 GB   61 MB/s   2m28s[K[?25h[?2026l[?2026h[?25l[A[1Gpulling manifest [K
pulling f5c702d8820d:  68% ▕████████████      ▏  19 GB/ 28 GB   61 MB/s   2m28s[K[?25h[?2026l[?2026h[?25l[A[1Gpulling manifest [K
pulling f5c702d8820d:  68% ▕████████████      ▏  19 GB/ 28 GB   61 MB/s   2m28s[K[?25h[?2026l[?2026h[?25l[A[1Gpulling manifest [K
pulling f5c702d8820d:  68% ▕████████████      ▏  19 GB/ 28 GB   61 MB/s   2m28s[K[?25h[?2026l[?2026h[?25l[A[1Gpulling manifest [K
pulling f5c702d8820d:  68% ▕████████████      ▏  19 GB/ 28 GB   61 MB/s   2m28s[K[?25h[?2026l[?2026h[?25l[A[1Gpulling manifest [K
pulling f5c702d8820d:  68% ▕████████████      ▏  19 GB/ 28 GB   61 MB/s   2m28s[K[?25h[?2026l[?2026h[?25l[A[1Gpulling manifest [K
pulling f5c702d8820d:  68% ▕████████████      ▏  19 GB/ 28 GB   61 MB/s   2m28s[K[?25h[?2026l[?2026h[?25l[A[1Gpulling manifest [K
pulling f5c702d8820d:  68% ▕████████████      ▏  19 GB/ 28 GB   61 MB/s   2m28s[K[?25h[?2026l[?2026h[?25l[A[1Gpulling manifest [K
pulling f5c702d8820d:  68% ▕████████████      ▏  19 GB/ 28 GB   61 MB/s   2m28s[K[?25h[?2026l[?2026h[?25l[A[1Gpulling manifest [K
pulling f5c702d8820d:  68% ▕████████████      ▏  19 GB/ 28 GB   61 MB/s   2m27s[K[?25h[?2026l[?2026h[?25l[A[1Gpulling manifest [K
pulling f5c702d8820d:  68% ▕████████████      ▏  19 GB/ 28 GB   61 MB/s   2m27s[K[?25h[?2026l[?2026h[?25l[A[1Gpulling manifest [K
pulling f5c702d8820d:  68% ▕████████████      ▏  19 GB/ 28 GB   61 MB/s   2m27s[K[?25h[?2026l[?2026h[?25l[A[1Gpulling manifest [K
pulling f5c702d8820d:  68% ▕████████████      ▏  19 GB/ 28 GB   61 MB/s   2m27s[K[?25h[?2026l[?2026h[?25l[A[1Gpulling manifest [K
pulling f5c702d8820d:  68% ▕████████████      ▏  19 GB/ 28 GB   61 MB/s   2m27s[K[?25h[?2026l[?2026h[?25l[A[1Gpulling manifest [K
pulling f5c702d8820d:  68% ▕████████████      ▏  19 GB/ 28 GB   61 MB/s   2m27s[K[?25h[?2026l[?2026h[?25l[A[1Gpulling manifest [K
pulling f5c702d8820d:  68% ▕████████████      ▏  19 GB/ 28 GB   61 MB/s   2m27s[K[?25h[?2026l[?2026h[?25l[A[1Gpulling manifest [K
pulling f5c702d8820d:  68% ▕████████████      ▏  19 GB/ 28 GB   61 MB/s   2m27s[K[?25h[?2026l[?2026h[?25l[A[1Gpulling manifest [K
pulling f5c702d8820d:  68% ▕████████████      ▏  19 GB/ 28 GB   61 MB/s   2m27s[K[?25h[?2026l[?2026h[?25l[A[1Gpulling manifest [K
pulling f5c702d8820d:  68% ▕████████████      ▏  19 GB/ 28 GB   61 MB/s   2m27s[K[?25h[?2026l[?2026h[?25l[A[1Gpulling manifest [K
pulling f5c702d8820d:  68% ▕████████████      ▏  19 GB/ 28 GB   61 MB/s   2m27s[K[?25h[?2026l[?2026h[?25l[A[1Gpulling manifest [K
pulling f5c702d8820d:  68% ▕████████████      ▏  19 GB/ 28 GB   61 MB/s   2m27s[K[?25h[?2026l[?2026h[?25l[A[1Gpulling manifest [K
pulling f5c702d8820d:  68% ▕████████████      ▏  19 GB/ 28 GB   61 MB/s   2m26s[K[?25h[?2026l[?2026h[?25l[A[1Gpulling manifest [K
pulling f5c702d8820d:  68% ▕████████████      ▏  19 GB/ 28 GB   61 MB/s   2m26s[K[?25h[?2026l[?2026h[?25l[A[1Gpulling manifest [K
pulling f5c702d8820d:  68% ▕████████████      ▏  19 GB/ 28 GB   61 MB/s   2m26s[K[?25h[?2026l[?2026h[?25l[A[1Gpulling manifest [K
pulling f5c702d8820d:  68% ▕████████████      ▏  19 GB/ 28 GB   61 MB/s   2m26s[K[?25h[?2026l[?2026h[?25l[A[1Gpulling manifest [K
pulling f5c702d8820d:  68% ▕████████████      ▏  19 GB/ 28 GB   61 MB/s   2m26s[K[?25h[?2026l[?2026h[?25l[A[1Gpulling manifest [K
pulling f5c702d8820d:  69% ▕████████████      ▏  19 GB/ 28 GB   61 MB/s   2m26s[K[?25h[?2026l[?2026h[?25l[A[1Gpulling manifest [K
pulling f5c702d8820d:  69% ▕████████████      ▏  19 GB/ 28 GB   61 MB/s   2m26s[K[?25h[?2026l[?2026h[?25l[A[1Gpulling manifest [K
pulling f5c702d8820d:  69% ▕████████████      ▏  19 GB/ 28 GB   61 MB/s   2m26s[K[?25h[?2026l[?2026h[?25l[A[1Gpulling manifest [K
pulling f5c702d8820d:  69% ▕████████████      ▏  19 GB/ 28 GB   61 MB/s   2m26s[K[?25h[?2026l[?2026h[?25l[A[1Gpulling manifest [K
pulling f5c702d8820d:  69% ▕████████████      ▏  19 GB/ 28 GB   61 MB/s   2m26s[K[?25h[?2026l[?2026h[?25l[A[1Gpulling manifest [K
pulling f5c702d8820d:  69% ▕████████████      ▏  19 GB/ 28 GB   61 MB/s   2m25s[K[?25h[?2026l[?2026h[?25l[A[1Gpulling manifest [K
pulling f5c702d8820d:  69% ▕████████████      ▏  19 GB/ 28 GB   61 MB/s   2m25s[K[?25h[?2026l[?2026h[?25l[A[1Gpulling manifest [K
pulling f5c702d8820d:  69% ▕████████████      ▏  19 GB/ 28 GB   61 MB/s   2m25s[K[?25h[?2026l[?2026h[?25l[A[1Gpulling manifest [K
pulling f5c702d8820d:  69% ▕████████████      ▏  19 GB/ 28 GB   61 MB/s   2m25s[K[?25h[?2026l[?2026h[?25l[A[1Gpulling manifest [K
pulling f5c702d8820d:  69% ▕████████████      ▏  19 GB/ 28 GB   61 MB/s   2m25s[K[?25h[?2026l[?2026h[?25l[A[1Gpulling manifest [K
pulling f5c702d8820d:  69% ▕████████████      ▏  19 GB/ 28 GB   61 MB/s   2m25s[K[?25h[?2026l[?2026h[?25l[A[1Gpulling manifest [K
pulling f5c702d8820d:  69% ▕████████████      ▏  19 GB/ 28 GB   61 MB/s   2m25s[K[?25h[?2026l[?2026h[?25l[A[1Gpulling manifest [K
pulling f5c702d8820d:  69% ▕████████████      ▏  19 GB/ 28 GB   61 MB/s   2m25s[K[?25h[?2026l[?2026h[?25l[A[1Gpulling manifest [K
pulling f5c702d8820d:  69% ▕████████████      ▏  19 GB/ 28 GB   61 MB/s   2m25s[K[?25h[?2026l[?2026h[?25l[A[1Gpulling manifest [K
pulling f5c702d8820d:  69% ▕████████████      ▏  19 GB/ 28 GB   61 MB/s   2m25s[K[?25h[?2026l[?2026h[?25l[A[1Gpulling manifest [K
pulling f5c702d8820d:  69% ▕████████████      ▏  19 GB/ 28 GB   61 MB/s   2m24s[K[?25h[?2026l[?2026h[?25l[A[1Gpulling manifest [K
pulling f5c702d8820d:  69% ▕████████████      ▏  19 GB/ 28 GB   61 MB/s   2m24s[K[?25h[?2026l[?2026h[?25l[A[1Gpulling manifest [K
pulling f5c702d8820d:  69% ▕████████████      ▏  19 GB/ 28 GB   61 MB/s   2m24s[K[?25h[?2026l[?2026h[?25l[A[1Gpulling manifest [K
pulling f5c702d8820d:  69% ▕████████████      ▏  19 GB/ 28 GB   61 MB/s   2m24s[K[?25h[?2026l[?2026h[?25l[A[1Gpulling manifest [K
pulling f5c702d8820d:  69% ▕████████████      ▏  19 GB/ 28 GB   61 MB/s   2m24s[K[?25h[?2026l[?2026h[?25l[A[1Gpulling manifest [K
pulling f5c702d8820d:  69% ▕████████████      ▏  19 GB/ 28 GB   61 MB/s   2m24s[K[?25h[?2026l[?2026h[?25l[A[1Gpulling manifest [K
pulling f5c702d8820d:  69% ▕████████████      ▏  19 GB/ 28 GB   61 MB/s   2m24s[K[?25h[?2026l[?2026h[?25l[A[1Gpulling manifest [K
pulling f5c702d8820d:  69% ▕████████████      ▏  19 GB/ 28 GB   61 MB/s   2m24s[K[?25h[?2026l[?2026h[?25l[A[1Gpulling manifest [K
pulling f5c702d8820d:  69% ▕████████████      ▏  19 GB/ 28 GB   61 MB/s   2m24s[K[?25h[?2026l[?2026h[?25l[A[1Gpulling manifest [K
pulling f5c702d8820d:  69% ▕████████████      ▏  19 GB/ 28 GB   61 MB/s   2m23s[K[?25h[?2026l[?2026h[?25l[A[1Gpulling manifest [K
pulling f5c702d8820d:  69% ▕████████████      ▏  19 GB/ 28 GB   61 MB/s   2m23s[K[?25h[?2026l[?2026h[?25l[A[1Gpulling manifest [K
pulling f5c702d8820d:  69% ▕████████████      ▏  19 GB/ 28 GB   61 MB/s   2m23s[K[?25h[?2026l[?2026h[?25l[A[1Gpulling manifest [K
pulling f5c702d8820d:  69% ▕████████████      ▏  19 GB/ 28 GB   61 MB/s   2m23s[K[?25h[?2026l[?2026h[?25l[A[1Gpulling manifest [K
pulling f5c702d8820d:  69% ▕████████████      ▏  19 GB/ 28 GB   61 MB/s   2m23s[K[?25h[?2026l[?2026h[?25l[A[1Gpulling manifest [K
pulling f5c702d8820d:  69% ▕████████████      ▏  19 GB/ 28 GB   61 MB/s   2m23s[K[?25h[?2026l[?2026h[?25l[A[1Gpulling manifest [K
pulling f5c702d8820d:  69% ▕████████████      ▏  19 GB/ 28 GB   61 MB/s   2m23s[K[?25h[?2026l[?2026h[?25l[A[1Gpulling manifest [K
pulling f5c702d8820d:  69% ▕████████████      ▏  19 GB/ 28 GB   61 MB/s   2m23s[K[?25h[?2026l[?2026h[?25l[A[1Gpulling manifest [K
pulling f5c702d8820d:  69% ▕████████████      ▏  19 GB/ 28 GB   61 MB/s   2m23s[K[?25h[?2026l[?2026h[?25l[A[1Gpulling manifest [K
pulling f5c702d8820d:  69% ▕████████████      ▏  19 GB/ 28 GB   61 MB/s   2m23s[K[?25h[?2026l[?2026h[?25l[A[1Gpulling manifest [K
pulling f5c702d8820d:  69% ▕████████████      ▏  19 GB/ 28 GB   61 MB/s   2m22s[K[?25h[?2026l[?2026h[?25l[A[1Gpulling manifest [K
pulling f5c702d8820d:  69% ▕████████████      ▏  19 GB/ 28 GB   61 MB/s   2m22s[K[?25h[?2026l[?2026h[?25l[A[1Gpulling manifest [K
pulling f5c702d8820d:  69% ▕████████████      ▏  19 GB/ 28 GB   61 MB/s   2m22s[K[?25h[?2026l[?2026h[?25l[A[1Gpulling manifest [K
pulling f5c702d8820d:  69% ▕████████████      ▏  19 GB/ 28 GB   61 MB/s   2m22s[K[?25h[?2026l[?2026h[?25l[A[1Gpulling manifest [K
pulling f5c702d8820d:  69% ▕████████████      ▏  19 GB/ 28 GB   61 MB/s   2m22s[K[?25h[?2026l[?2026h[?25l[A[1Gpulling manifest [K
pulling f5c702d8820d:  69% ▕████████████      ▏  19 GB/ 28 GB   61 MB/s   2m22s[K[?25h[?2026l[?2026h[?25l[A[1Gpulling manifest [K
pulling f5c702d8820d:  69% ▕████████████      ▏  19 GB/ 28 GB   61 MB/s   2m22s[K[?25h[?2026l[?2026h[?25l[A[1Gpulling manifest [K
pulling f5c702d8820d:  69% ▕████████████      ▏  19 GB/ 28 GB   61 MB/s   2m22s[K[?25h[?2026l[?2026h[?25l[A[1Gpulling manifest [K
pulling f5c702d8820d:  69% ▕████████████      ▏  19 GB/ 28 GB   61 MB/s   2m22s[K[?25h[?2026l[?2026h[?25l[A[1Gpulling manifest [K
pulling f5c702d8820d:  69% ▕████████████      ▏  19 GB/ 28 GB   61 MB/s   2m22s[K[?25h[?2026l[?2026h[?25l[A[1Gpulling manifest [K
pulling f5c702d8820d:  69% ▕████████████      ▏  19 GB/ 28 GB   61 MB/s   2m22s[K[?25h[?2026l[?2026h[?25l[A[1Gpulling manifest [K
pulling f5c702d8820d:  69% ▕████████████      ▏  19 GB/ 28 GB   61 MB/s   2m22s[K[?25h[?2026l[?2026h[?25l[A[1Gpulling manifest [K
pulling f5c702d8820d:  70% ▕████████████      ▏  19 GB/ 28 GB   61 MB/s   2m21s[K[?25h[?2026l[?2026h[?25l[A[1Gpulling manifest [K
pulling f5c702d8820d:  70% ▕████████████      ▏  19 GB/ 28 GB   61 MB/s   2m21s[K[?25h[?2026l[?2026h[?25l[A[1Gpulling manifest [K
pulling f5c702d8820d:  70% ▕████████████      ▏  19 GB/ 28 GB   62 MB/s   2m18s[K[?25h[?2026l[?2026h[?25l[A[1Gpulling manifest [K
pulling f5c702d8820d:  70% ▕████████████      ▏  19 GB/ 28 GB   62 MB/s   2m18s[K[?25h[?2026l[?2026h[?25l[A[1Gpulling manifest [K
pulling f5c702d8820d:  70% ▕████████████      ▏  19 GB/ 28 GB   62 MB/s   2m18s[K[?25h[?2026l[?2026h[?25l[A[1Gpulling manifest [K
pulling f5c702d8820d:  70% ▕████████████      ▏  19 GB/ 28 GB   62 MB/s   2m18s[K[?25h[?2026l[?2026h[?25l[A[1Gpulling manifest [K
pulling f5c702d8820d:  70% ▕████████████      ▏  19 GB/ 28 GB   62 MB/s   2m18s[K[?25h[?2026l[?2026h[?25l[A[1Gpulling manifest [K
pulling f5c702d8820d:  70% ▕████████████      ▏  19 GB/ 28 GB   62 MB/s   2m18s[K[?25h[?2026l[?2026h[?25l[A[1Gpulling manifest [K
pulling f5c702d8820d:  70% ▕████████████      ▏  19 GB/ 28 GB   62 MB/s   2m18s[K[?25h[?2026l[?2026h[?25l[A[1Gpulling manifest [K
pulling f5c702d8820d:  70% ▕████████████      ▏  19 GB/ 28 GB   62 MB/s   2m17s[K[?25h[?2026l[?2026h[?25l[A[1Gpulling manifest [K
pulling f5c702d8820d:  70% ▕████████████      ▏  19 GB/ 28 GB   62 MB/s   2m17s[K[?25h[?2026l[?2026h[?25l[A[1Gpulling manifest [K
pulling f5c702d8820d:  70% ▕████████████      ▏  19 GB/ 28 GB   62 MB/s   2m17s[K[?25h[?2026l[?2026h[?25l[A[1Gpulling manifest [K
pulling f5c702d8820d:  70% ▕████████████      ▏  19 GB/ 28 GB   63 MB/s   2m16s[K[?25h[?2026l[?2026h[?25l[A[1Gpulling manifest [K
pulling f5c702d8820d:  70% ▕████████████      ▏  19 GB/ 28 GB   63 MB/s   2m16s[K[?25h[?2026l[?2026h[?25l[A[1Gpulling manifest [K
pulling f5c702d8820d:  70% ▕████████████      ▏  19 GB/ 28 GB   63 MB/s   2m16s[K[?25h[?2026l[?2026h[?25l[A[1Gpulling manifest [K
pulling f5c702d8820d:  70% ▕████████████      ▏  19 GB/ 28 GB   63 MB/s   2m16s[K[?25h[?2026l[?2026h[?25l[A[1Gpulling manifest [K
pulling f5c702d8820d:  70% ▕████████████      ▏  19 GB/ 28 GB   63 MB/s   2m16s[K[?25h[?2026l[?2026h[?25l[A[1Gpulling manifest [K
pulling f5c702d8820d:  70% ▕████████████      ▏  19 GB/ 28 GB   63 MB/s   2m16s[K[?25h[?2026l[?2026h[?25l[A[1Gpulling manifest [K
pulling f5c702d8820d:  70% ▕████████████      ▏  19 GB/ 28 GB   63 MB/s   2m15s[K[?25h[?2026l[?2026h[?25l[A[1Gpulling manifest [K
pulling f5c702d8820d:  70% ▕████████████      ▏  19 GB/ 28 GB   63 MB/s   2m15s[K[?25h[?2026l[?2026h[?25l[A[1Gpulling manifest [K
pulling f5c702d8820d:  70% ▕████████████      ▏  19 GB/ 28 GB   63 MB/s   2m15s[K[?25h[?2026l[?2026h[?25l[A[1Gpulling manifest [K
pulling f5c702d8820d:  70% ▕████████████      ▏  20 GB/ 28 GB   63 MB/s   2m15s[K[?25h[?2026l[?2026h[?25l[A[1Gpulling manifest [K
pulling f5c702d8820d:  70% ▕████████████      ▏  20 GB/ 28 GB   63 MB/s   2m15s[K[?25h[?2026l[?2026h[?25l[A[1Gpulling manifest [K
pulling f5c702d8820d:  70% ▕████████████      ▏  20 GB/ 28 GB   63 MB/s   2m15s[K[?25h[?2026l[?2026h[?25l[A[1Gpulling manifest [K
pulling f5c702d8820d:  70% ▕████████████      ▏  20 GB/ 28 GB   63 MB/s   2m15s[K[?25h[?2026l[?2026h[?25l[A[1Gpulling manifest [K
pulling f5c702d8820d:  70% ▕████████████      ▏  20 GB/ 28 GB   63 MB/s   2m15s[K[?25h[?2026l[?2026h[?25l[A[1Gpulling manifest [K
pulling f5c702d8820d:  70% ▕████████████      ▏  20 GB/ 28 GB   63 MB/s   2m15s[K[?25h[?2026l[?2026h[?25l[A[1Gpulling manifest [K
pulling f5c702d8820d:  70% ▕████████████      ▏  20 GB/ 28 GB   63 MB/s   2m15s[K[?25h[?2026l[?2026h[?25l[A[1Gpulling manifest [K
pulling f5c702d8820d:  70% ▕████████████      ▏  20 GB/ 28 GB   63 MB/s   2m15s[K[?25h[?2026l[?2026h[?25l[A[1Gpulling manifest [K
pulling f5c702d8820d:  70% ▕████████████      ▏  20 GB/ 28 GB   63 MB/s   2m14s[K[?25h[?2026l[?2026h[?25l[A[1Gpulling manifest [K
pulling f5c702d8820d:  70% ▕████████████      ▏  20 GB/ 28 GB   63 MB/s   2m14s[K[?25h[?2026l[?2026h[?25l[A[1Gpulling manifest [K
pulling f5c702d8820d:  70% ▕████████████      ▏  20 GB/ 28 GB   63 MB/s   2m14s[K[?25h[?2026l[?2026h[?25l[A[1Gpulling manifest [K
pulling f5c702d8820d:  70% ▕████████████      ▏  20 GB/ 28 GB   63 MB/s   2m14s[K[?25h[?2026l[?2026h[?25l[A[1Gpulling manifest [K
pulling f5c702d8820d:  70% ▕████████████      ▏  20 GB/ 28 GB   63 MB/s   2m14s[K[?25h[?2026l[?2026h[?25l[A[1Gpulling manifest [K
pulling f5c702d8820d:  70% ▕████████████      ▏  20 GB/ 28 GB   63 MB/s   2m14s[K[?25h[?2026l[?2026h[?25l[A[1Gpulling manifest [K
pulling f5c702d8820d:  70% ▕████████████      ▏  20 GB/ 28 GB   63 MB/s   2m14s[K[?25h[?2026l[?2026h[?25l[A[1Gpulling manifest [K
pulling f5c702d8820d:  70% ▕████████████      ▏  20 GB/ 28 GB   63 MB/s   2m14s[K[?25h[?2026l[?2026h[?25l[A[1Gpulling manifest [K
pulling f5c702d8820d:  70% ▕████████████      ▏  20 GB/ 28 GB   63 MB/s   2m14s[K[?25h[?2026l[?2026h[?25l[A[1Gpulling manifest [K
pulling f5c702d8820d:  70% ▕████████████      ▏  20 GB/ 28 GB   63 MB/s   2m13s[K[?25h[?2026l[?2026h[?25l[A[1Gpulling manifest [K
pulling f5c702d8820d:  70% ▕████████████      ▏  20 GB/ 28 GB   63 MB/s   2m13s[K[?25h[?2026l[?2026h[?25l[A[1Gpulling manifest [K
pulling f5c702d8820d:  70% ▕████████████      ▏  20 GB/ 28 GB   63 MB/s   2m13s[K[?25h[?2026l[?2026h[?25l[A[1Gpulling manifest [K
pulling f5c702d8820d:  70% ▕████████████      ▏  20 GB/ 28 GB   63 MB/s   2m13s[K[?25h[?2026l[?2026h[?25l[A[1Gpulling manifest [K
pulling f5c702d8820d:  70% ▕████████████      ▏  20 GB/ 28 GB   63 MB/s   2m13s[K[?25h[?2026l[?2026h[?25l[A[1Gpulling manifest [K
pulling f5c702d8820d:  70% ▕████████████      ▏  20 GB/ 28 GB   63 MB/s   2m13s[K[?25h[?2026l[?2026h[?25l[A[1Gpulling manifest [K
pulling f5c702d8820d:  70% ▕████████████      ▏  20 GB/ 28 GB   63 MB/s   2m13s[K[?25h[?2026l[?2026h[?25l[A[1Gpulling manifest [K
pulling f5c702d8820d:  70% ▕████████████      ▏  20 GB/ 28 GB   63 MB/s   2m13s[K[?25h[?2026l[?2026h[?25l[A[1Gpulling manifest [K
pulling f5c702d8820d:  70% ▕████████████      ▏  20 GB/ 28 GB   63 MB/s   2m13s[K[?25h[?2026l[?2026h[?25l[A[1Gpulling manifest [K
pulling f5c702d8820d:  71% ▕████████████      ▏  20 GB/ 28 GB   63 MB/s   2m13s[K[?25h[?2026l[?2026h[?25l[A[1Gpulling manifest [K
pulling f5c702d8820d:  71% ▕████████████      ▏  20 GB/ 28 GB   63 MB/s   2m12s[K[?25h[?2026l[?2026h[?25l[A[1Gpulling manifest [K
pulling f5c702d8820d:  71% ▕████████████      ▏  20 GB/ 28 GB   63 MB/s   2m12s[K[?25h[?2026l[?2026h[?25l[A[1Gpulling manifest [K
pulling f5c702d8820d:  71% ▕████████████      ▏  20 GB/ 28 GB   63 MB/s   2m12s[K[?25h[?2026l[?2026h[?25l[A[1Gpulling manifest [K
pulling f5c702d8820d:  71% ▕████████████      ▏  20 GB/ 28 GB   63 MB/s   2m12s[K[?25h[?2026l[?2026h[?25l[A[1Gpulling manifest [K
pulling f5c702d8820d:  71% ▕████████████      ▏  20 GB/ 28 GB   63 MB/s   2m12s[K[?25h[?2026l[?2026h[?25l[A[1Gpulling manifest [K
pulling f5c702d8820d:  71% ▕████████████      ▏  20 GB/ 28 GB   63 MB/s   2m12s[K[?25h[?2026l[?2026h[?25l[A[1Gpulling manifest [K
pulling f5c702d8820d:  71% ▕████████████      ▏  20 GB/ 28 GB   63 MB/s   2m12s[K[?25h[?2026l[?2026h[?25l[A[1Gpulling manifest [K
pulling f5c702d8820d:  71% ▕████████████      ▏  20 GB/ 28 GB   63 MB/s   2m12s[K[?25h[?2026l[?2026h[?25l[A[1Gpulling manifest [K
pulling f5c702d8820d:  71% ▕████████████      ▏  20 GB/ 28 GB   63 MB/s   2m12s[K[?25h[?2026l[?2026h[?25l[A[1Gpulling manifest [K
pulling f5c702d8820d:  71% ▕████████████      ▏  20 GB/ 28 GB   63 MB/s   2m12s[K[?25h[?2026l[?2026h[?25l[A[1Gpulling manifest [K
pulling f5c702d8820d:  71% ▕████████████      ▏  20 GB/ 28 GB   63 MB/s   2m12s[K[?25h[?2026l[?2026h[?25l[A[1Gpulling manifest [K
pulling f5c702d8820d:  71% ▕████████████      ▏  20 GB/ 28 GB   63 MB/s   2m11s[K[?25h[?2026l[?2026h[?25l[A[1Gpulling manifest [K
pulling f5c702d8820d:  71% ▕████████████      ▏  20 GB/ 28 GB   63 MB/s   2m11s[K[?25h[?2026l[?2026h[?25l[A[1Gpulling manifest [K
pulling f5c702d8820d:  71% ▕████████████      ▏  20 GB/ 28 GB   63 MB/s   2m11s[K[?25h[?2026l[?2026h[?25l[A[1Gpulling manifest [K
pulling f5c702d8820d:  71% ▕████████████      ▏  20 GB/ 28 GB   63 MB/s   2m11s[K[?25h[?2026l[?2026h[?25l[A[1Gpulling manifest [K
pulling f5c702d8820d:  71% ▕████████████      ▏  20 GB/ 28 GB   63 MB/s   2m11s[K[?25h[?2026l[?2026h[?25l[A[1Gpulling manifest [K
pulling f5c702d8820d:  71% ▕████████████      ▏  20 GB/ 28 GB   63 MB/s   2m11s[K[?25h[?2026l[?2026h[?25l[A[1Gpulling manifest [K
pulling f5c702d8820d:  71% ▕████████████      ▏  20 GB/ 28 GB   63 MB/s   2m11s[K[?25h[?2026l[?2026h[?25l[A[1Gpulling manifest [K
pulling f5c702d8820d:  71% ▕████████████      ▏  20 GB/ 28 GB   63 MB/s   2m11s[K[?25h[?2026l[?2026h[?25l[A[1Gpulling manifest [K
pulling f5c702d8820d:  71% ▕████████████      ▏  20 GB/ 28 GB   63 MB/s   2m11s[K[?25h[?2026l[?2026h[?25l[A[1Gpulling manifest [K
pulling f5c702d8820d:  71% ▕████████████      ▏  20 GB/ 28 GB   63 MB/s   2m11s[K[?25h[?2026l[?2026h[?25l[A[1Gpulling manifest [K
pulling f5c702d8820d:  71% ▕████████████      ▏  20 GB/ 28 GB   63 MB/s   2m11s[K[?25h[?2026l[?2026h[?25l[A[1Gpulling manifest [K
pulling f5c702d8820d:  71% ▕████████████      ▏  20 GB/ 28 GB   63 MB/s   2m11s[K[?25h[?2026l[?2026h[?25l[A[1Gpulling manifest [K
pulling f5c702d8820d:  71% ▕████████████      ▏  20 GB/ 28 GB   63 MB/s   2m10s[K[?25h[?2026l[?2026h[?25l[A[1Gpulling manifest [K
pulling f5c702d8820d:  71% ▕████████████      ▏  20 GB/ 28 GB   63 MB/s   2m10s[K[?25h[?2026l[?2026h[?25l[A[1Gpulling manifest [K
pulling f5c702d8820d:  71% ▕████████████      ▏  20 GB/ 28 GB   63 MB/s   2m10s[K[?25h[?2026l[?2026h[?25l[A[1Gpulling manifest [K
pulling f5c702d8820d:  71% ▕████████████      ▏  20 GB/ 28 GB   61 MB/s   2m14s[K[?25h[?2026l[?2026h[?25l[A[1Gpulling manifest [K
pulling f5c702d8820d:  71% ▕████████████      ▏  20 GB/ 28 GB   61 MB/s   2m14s[K[?25h[?2026l[?2026h[?25l[A[1Gpulling manifest [K
pulling f5c702d8820d:  71% ▕████████████      ▏  20 GB/ 28 GB   61 MB/s   2m14s[K[?25h[?2026l[?2026h[?25l[A[1Gpulling manifest [K
pulling f5c702d8820d:  71% ▕████████████      ▏  20 GB/ 28 GB   61 MB/s   2m14s[K[?25h[?2026l[?2026h[?25l[A[1Gpulling manifest [K
pulling f5c702d8820d:  71% ▕████████████      ▏  20 GB/ 28 GB   61 MB/s   2m14s[K[?25h[?2026l[?2026h[?25l[A[1Gpulling manifest [K
pulling f5c702d8820d:  71% ▕████████████      ▏  20 GB/ 28 GB   61 MB/s   2m14s[K[?25h[?2026l[?2026h[?25l[A[1Gpulling manifest [K
pulling f5c702d8820d:  71% ▕████████████      ▏  20 GB/ 28 GB   61 MB/s   2m14s[K[?25h[?2026l[?2026h[?25l[A[1Gpulling manifest [K
pulling f5c702d8820d:  71% ▕████████████      ▏  20 GB/ 28 GB   61 MB/s   2m14s[K[?25h[?2026l[?2026h[?25l[A[1Gpulling manifest [K
pulling f5c702d8820d:  71% ▕████████████      ▏  20 GB/ 28 GB   61 MB/s   2m14s[K[?25h[?2026l[?2026h[?25l[A[1Gpulling manifest [K
pulling f5c702d8820d:  71% ▕████████████      ▏  20 GB/ 28 GB   61 MB/s   2m14s[K[?25h[?2026l[?2026h[?25l[A[1Gpulling manifest [K
pulling f5c702d8820d:  71% ▕████████████      ▏  20 GB/ 28 GB   61 MB/s   2m13s[K[?25h[?2026l[?2026h[?25l[A[1Gpulling manifest [K
pulling f5c702d8820d:  71% ▕████████████      ▏  20 GB/ 28 GB   61 MB/s   2m13s[K[?25h[?2026l[?2026h[?25l[A[1Gpulling manifest [K
pulling f5c702d8820d:  71% ▕████████████      ▏  20 GB/ 28 GB   61 MB/s   2m13s[K[?25h[?2026l[?2026h[?25l[A[1Gpulling manifest [K
pulling f5c702d8820d:  71% ▕████████████      ▏  20 GB/ 28 GB   61 MB/s   2m13s[K[?25h[?2026l[?2026h[?25l[A[1Gpulling manifest [K
pulling f5c702d8820d:  71% ▕████████████      ▏  20 GB/ 28 GB   61 MB/s   2m13s[K[?25h[?2026l[?2026h[?25l[A[1Gpulling manifest [K
pulling f5c702d8820d:  71% ▕████████████      ▏  20 GB/ 28 GB   61 MB/s   2m13s[K[?25h[?2026l[?2026h[?25l[A[1Gpulling manifest [K
pulling f5c702d8820d:  71% ▕████████████      ▏  20 GB/ 28 GB   61 MB/s   2m12s[K[?25h[?2026l[?2026h[?25l[A[1Gpulling manifest [K
pulling f5c702d8820d:  71% ▕████████████      ▏  20 GB/ 28 GB   61 MB/s   2m12s[K[?25h[?2026l[?2026h[?25l[A[1Gpulling manifest [K
pulling f5c702d8820d:  71% ▕████████████      ▏  20 GB/ 28 GB   61 MB/s   2m12s[K[?25h[?2026l[?2026h[?25l[A[1Gpulling manifest [K
pulling f5c702d8820d:  71% ▕████████████      ▏  20 GB/ 28 GB   61 MB/s   2m12s[K[?25h[?2026l[?2026h[?25l[A[1Gpulling manifest [K
pulling f5c702d8820d:  71% ▕████████████      ▏  20 GB/ 28 GB   61 MB/s   2m12s[K[?25h[?2026l[?2026h[?25l[A[1Gpulling manifest [K
pulling f5c702d8820d:  72% ▕████████████      ▏  20 GB/ 28 GB   61 MB/s   2m12s[K[?25h[?2026l[?2026h[?25l[A[1Gpulling manifest [K
pulling f5c702d8820d:  72% ▕████████████      ▏  20 GB/ 28 GB   61 MB/s   2m12s[K[?25h[?2026l[?2026h[?25l[A[1Gpulling manifest [K
pulling f5c702d8820d:  72% ▕████████████      ▏  20 GB/ 28 GB   61 MB/s   2m12s[K[?25h[?2026l[?2026h[?25l[A[1Gpulling manifest [K
pulling f5c702d8820d:  72% ▕████████████      ▏  20 GB/ 28 GB   61 MB/s   2m12s[K[?25h[?2026l[?2026h[?25l[A[1Gpulling manifest [K
pulling f5c702d8820d:  72% ▕████████████      ▏  20 GB/ 28 GB   61 MB/s   2m12s[K[?25h[?2026l[?2026h[?25l[A[1Gpulling manifest [K
pulling f5c702d8820d:  72% ▕████████████      ▏  20 GB/ 28 GB   61 MB/s   2m12s[K[?25h[?2026l[?2026h[?25l[A[1Gpulling manifest [K
pulling f5c702d8820d:  72% ▕████████████      ▏  20 GB/ 28 GB   61 MB/s   2m11s[K[?25h[?2026l[?2026h[?25l[A[1Gpulling manifest [K
pulling f5c702d8820d:  72% ▕████████████      ▏  20 GB/ 28 GB   61 MB/s   2m11s[K[?25h[?2026l[?2026h[?25l[A[1Gpulling manifest [K
pulling f5c702d8820d:  72% ▕████████████      ▏  20 GB/ 28 GB   61 MB/s   2m11s[K[?25h[?2026l[?2026h[?25l[A[1Gpulling manifest [K
pulling f5c702d8820d:  72% ▕████████████      ▏  20 GB/ 28 GB   61 MB/s   2m11s[K[?25h[?2026l[?2026h[?25l[A[1Gpulling manifest [K
pulling f5c702d8820d:  72% ▕████████████      ▏  20 GB/ 28 GB   61 MB/s   2m11s[K[?25h[?2026l[?2026h[?25l[A[1Gpulling manifest [K
pulling f5c702d8820d:  72% ▕████████████      ▏  20 GB/ 28 GB   61 MB/s   2m11s[K[?25h[?2026l[?2026h[?25l[A[1Gpulling manifest [K
pulling f5c702d8820d:  72% ▕████████████      ▏  20 GB/ 28 GB   61 MB/s   2m11s[K[?25h[?2026l[?2026h[?25l[A[1Gpulling manifest [K
pulling f5c702d8820d:  72% ▕████████████      ▏  20 GB/ 28 GB   61 MB/s   2m11s[K[?25h[?2026l[?2026h[?25l[A[1Gpulling manifest [K
pulling f5c702d8820d:  72% ▕████████████      ▏  20 GB/ 28 GB   61 MB/s   2m11s[K[?25h[?2026l[?2026h[?25l[A[1Gpulling manifest [K
pulling f5c702d8820d:  72% ▕████████████      ▏  20 GB/ 28 GB   61 MB/s   2m10s[K[?25h[?2026l[?2026h[?25l[A[1Gpulling manifest [K
pulling f5c702d8820d:  72% ▕████████████      ▏  20 GB/ 28 GB   61 MB/s   2m10s[K[?25h[?2026l[?2026h[?25l[A[1Gpulling manifest [K
pulling f5c702d8820d:  72% ▕████████████      ▏  20 GB/ 28 GB   61 MB/s   2m10s[K[?25h[?2026l[?2026h[?25l[A[1Gpulling manifest [K
pulling f5c702d8820d:  72% ▕████████████      ▏  20 GB/ 28 GB   61 MB/s   2m10s[K[?25h[?2026l[?2026h[?25l[A[1Gpulling manifest [K
pulling f5c702d8820d:  72% ▕████████████      ▏  20 GB/ 28 GB   61 MB/s   2m10s[K[?25h[?2026l[?2026h[?25l[A[1Gpulling manifest [K
pulling f5c702d8820d:  72% ▕████████████      ▏  20 GB/ 28 GB   61 MB/s   2m10s[K[?25h[?2026l[?2026h[?25l[A[1Gpulling manifest [K
pulling f5c702d8820d:  72% ▕████████████      ▏  20 GB/ 28 GB   61 MB/s   2m10s[K[?25h[?2026l[?2026h[?25l[A[1Gpulling manifest [K
pulling f5c702d8820d:  72% ▕████████████      ▏  20 GB/ 28 GB   61 MB/s   2m10s[K[?25h[?2026l[?2026h[?25l[A[1Gpulling manifest [K
pulling f5c702d8820d:  72% ▕████████████      ▏  20 GB/ 28 GB   61 MB/s   2m10s[K[?25h[?2026l[?2026h[?25l[A[1Gpulling manifest [K
pulling f5c702d8820d:  72% ▕████████████      ▏  20 GB/ 28 GB   61 MB/s   2m10s[K[?25h[?2026l[?2026h[?25l[A[1Gpulling manifest [K
pulling f5c702d8820d:  72% ▕████████████      ▏  20 GB/ 28 GB   61 MB/s    2m9s[K[?25h[?2026l[?2026h[?25l[A[1Gpulling manifest [K
pulling f5c702d8820d:  72% ▕████████████      ▏  20 GB/ 28 GB   61 MB/s    2m9s[K[?25h[?2026l[?2026h[?25l[A[1Gpulling manifest [K
pulling f5c702d8820d:  72% ▕████████████      ▏  20 GB/ 28 GB   61 MB/s    2m9s[K[?25h[?2026l[?2026h[?25l[A[1Gpulling manifest [K
pulling f5c702d8820d:  72% ▕████████████      ▏  20 GB/ 28 GB   61 MB/s    2m9s[K[?25h[?2026l[?2026h[?25l[A[1Gpulling manifest [K
pulling f5c702d8820d:  72% ▕████████████      ▏  20 GB/ 28 GB   61 MB/s    2m9s[K[?25h[?2026l[?2026h[?25l[A[1Gpulling manifest [K
pulling f5c702d8820d:  72% ▕████████████      ▏  20 GB/ 28 GB   61 MB/s    2m9s[K[?25h[?2026l[?2026h[?25l[A[1Gpulling manifest [K
pulling f5c702d8820d:  72% ▕████████████      ▏  20 GB/ 28 GB   61 MB/s    2m9s[K[?25h[?2026l[?2026h[?25l[A[1Gpulling manifest [K
pulling f5c702d8820d:  72% ▕████████████      ▏  20 GB/ 28 GB   61 MB/s    2m9s[K[?25h[?2026l[?2026h[?25l[A[1Gpulling manifest [K
pulling f5c702d8820d:  72% ▕█████████████     ▏  20 GB/ 28 GB   61 MB/s    2m9s[K[?25h[?2026l[?2026h[?25l[A[1Gpulling manifest [K
pulling f5c702d8820d:  72% ▕█████████████     ▏  20 GB/ 28 GB   61 MB/s    2m8s[K[?25h[?2026l[?2026h[?25l[A[1Gpulling manifest [K
pulling f5c702d8820d:  72% ▕█████████████     ▏  20 GB/ 28 GB   61 MB/s    2m8s[K[?25h[?2026l[?2026h[?25l[A[1Gpulling manifest [K
pulling f5c702d8820d:  72% ▕█████████████     ▏  20 GB/ 28 GB   61 MB/s    2m8s[K[?25h[?2026l[?2026h[?25l[A[1Gpulling manifest [K
pulling f5c702d8820d:  72% ▕█████████████     ▏  20 GB/ 28 GB   61 MB/s    2m8s[K[?25h[?2026l[?2026h[?25l[A[1Gpulling manifest [K
pulling f5c702d8820d:  72% ▕█████████████     ▏  20 GB/ 28 GB   61 MB/s    2m8s[K[?25h[?2026l[?2026h[?25l[A[1Gpulling manifest [K
pulling f5c702d8820d:  72% ▕█████████████     ▏  20 GB/ 28 GB   61 MB/s    2m8s[K[?25h[?2026l[?2026h[?25l[A[1Gpulling manifest [K
pulling f5c702d8820d:  72% ▕█████████████     ▏  20 GB/ 28 GB   61 MB/s    2m8s[K[?25h[?2026l[?2026h[?25l[A[1Gpulling manifest [K
pulling f5c702d8820d:  72% ▕█████████████     ▏  20 GB/ 28 GB   61 MB/s    2m8s[K[?25h[?2026l[?2026h[?25l[A[1Gpulling manifest [K
pulling f5c702d8820d:  72% ▕█████████████     ▏  20 GB/ 28 GB   61 MB/s    2m8s[K[?25h[?2026l[?2026h[?25l[A[1Gpulling manifest [K
pulling f5c702d8820d:  72% ▕█████████████     ▏  20 GB/ 28 GB   61 MB/s    2m7s[K[?25h[?2026l[?2026h[?25l[A[1Gpulling manifest [K
pulling f5c702d8820d:  72% ▕█████████████     ▏  20 GB/ 28 GB   61 MB/s    2m7s[K[?25h[?2026l[?2026h[?25l[A[1Gpulling manifest [K
pulling f5c702d8820d:  72% ▕█████████████     ▏  20 GB/ 28 GB   61 MB/s    2m7s[K[?25h[?2026l[?2026h[?25l[A[1Gpulling manifest [K
pulling f5c702d8820d:  73% ▕█████████████     ▏  20 GB/ 28 GB   61 MB/s    2m7s[K[?25h[?2026l[?2026h[?25l[A[1Gpulling manifest [K
pulling f5c702d8820d:  73% ▕█████████████     ▏  20 GB/ 28 GB   61 MB/s    2m7s[K[?25h[?2026l[?2026h[?25l[A[1Gpulling manifest [K
pulling f5c702d8820d:  73% ▕█████████████     ▏  20 GB/ 28 GB   61 MB/s    2m7s[K[?25h[?2026l[?2026h[?25l[A[1Gpulling manifest [K
pulling f5c702d8820d:  73% ▕█████████████     ▏  20 GB/ 28 GB   61 MB/s    2m7s[K[?25h[?2026l[?2026h[?25l[A[1Gpulling manifest [K
pulling f5c702d8820d:  73% ▕█████████████     ▏  20 GB/ 28 GB   61 MB/s    2m7s[K[?25h[?2026l[?2026h[?25l[A[1Gpulling manifest [K
pulling f5c702d8820d:  73% ▕█████████████     ▏  20 GB/ 28 GB   61 MB/s    2m7s[K[?25h[?2026l[?2026h[?25l[A[1Gpulling manifest [K
pulling f5c702d8820d:  73% ▕█████████████     ▏  20 GB/ 28 GB   61 MB/s    2m7s[K[?25h[?2026l[?2026h[?25l[A[1Gpulling manifest [K
pulling f5c702d8820d:  73% ▕█████████████     ▏  20 GB/ 28 GB   61 MB/s    2m7s[K[?25h[?2026l[?2026h[?25l[A[1Gpulling manifest [K
pulling f5c702d8820d:  73% ▕█████████████     ▏  20 GB/ 28 GB   61 MB/s    2m7s[K[?25h[?2026l[?2026h[?25l[A[1Gpulling manifest [K
pulling f5c702d8820d:  73% ▕█████████████     ▏  20 GB/ 28 GB   61 MB/s    2m6s[K[?25h[?2026l[?2026h[?25l[A[1Gpulling manifest [K
pulling f5c702d8820d:  73% ▕█████████████     ▏  20 GB/ 28 GB   61 MB/s    2m6s[K[?25h[?2026l[?2026h[?25l[A[1Gpulling manifest [K
pulling f5c702d8820d:  73% ▕█████████████     ▏  20 GB/ 28 GB   61 MB/s    2m6s[K[?25h[?2026l[?2026h[?25l[A[1Gpulling manifest [K
pulling f5c702d8820d:  73% ▕█████████████     ▏  20 GB/ 28 GB   61 MB/s    2m6s[K[?25h[?2026l[?2026h[?25l[A[1Gpulling manifest [K
pulling f5c702d8820d:  73% ▕█████████████     ▏  20 GB/ 28 GB   61 MB/s    2m6s[K[?25h[?2026l[?2026h[?25l[A[1Gpulling manifest [K
pulling f5c702d8820d:  73% ▕█████████████     ▏  20 GB/ 28 GB   61 MB/s    2m6s[K[?25h[?2026l[?2026h[?25l[A[1Gpulling manifest [K
pulling f5c702d8820d:  73% ▕█████████████     ▏  20 GB/ 28 GB   61 MB/s    2m6s[K[?25h[?2026l[?2026h[?25l[A[1Gpulling manifest [K
pulling f5c702d8820d:  73% ▕█████████████     ▏  20 GB/ 28 GB   61 MB/s    2m6s[K[?25h[?2026l[?2026h[?25l[A[1Gpulling manifest [K
pulling f5c702d8820d:  73% ▕█████████████     ▏  20 GB/ 28 GB   61 MB/s    2m6s[K[?25h[?2026l[?2026h[?25l[A[1Gpulling manifest [K
pulling f5c702d8820d:  73% ▕█████████████     ▏  20 GB/ 28 GB   61 MB/s    2m6s[K[?25h[?2026l[?2026h[?25l[A[1Gpulling manifest [K
pulling f5c702d8820d:  73% ▕█████████████     ▏  20 GB/ 28 GB   61 MB/s    2m5s[K[?25h[?2026l[?2026h[?25l[A[1Gpulling manifest [K
pulling f5c702d8820d:  73% ▕█████████████     ▏  20 GB/ 28 GB   61 MB/s    2m5s[K[?25h[?2026l[?2026h[?25l[A[1Gpulling manifest [K
pulling f5c702d8820d:  73% ▕█████████████     ▏  20 GB/ 28 GB   61 MB/s    2m5s[K[?25h[?2026l[?2026h[?25l[A[1Gpulling manifest [K
pulling f5c702d8820d:  73% ▕█████████████     ▏  20 GB/ 28 GB   61 MB/s    2m5s[K[?25h[?2026l[?2026h[?25l[A[1Gpulling manifest [K
pulling f5c702d8820d:  73% ▕█████████████     ▏  20 GB/ 28 GB   61 MB/s    2m5s[K[?25h[?2026l[?2026h[?25l[A[1Gpulling manifest [K
pulling f5c702d8820d:  73% ▕█████████████     ▏  20 GB/ 28 GB   63 MB/s    2m1s[K[?25h[?2026l[?2026h[?25l[A[1Gpulling manifest [K
pulling f5c702d8820d:  73% ▕█████████████     ▏  20 GB/ 28 GB   63 MB/s    2m1s[K[?25h[?2026l[?2026h[?25l[A[1Gpulling manifest [K
pulling f5c702d8820d:  73% ▕█████████████     ▏  20 GB/ 28 GB   63 MB/s    2m1s[K[?25h[?2026l[?2026h[?25l[A[1Gpulling manifest [K
pulling f5c702d8820d:  73% ▕█████████████     ▏  20 GB/ 28 GB   63 MB/s    2m1s[K[?25h[?2026l[?2026h[?25l[A[1Gpulling manifest [K
pulling f5c702d8820d:  73% ▕█████████████     ▏  20 GB/ 28 GB   63 MB/s    2m1s[K[?25h[?2026l[?2026h[?25l[A[1Gpulling manifest [K
pulling f5c702d8820d:  73% ▕█████████████     ▏  20 GB/ 28 GB   63 MB/s    2m1s[K[?25h[?2026l[?2026h[?25l[A[1Gpulling manifest [K
pulling f5c702d8820d:  73% ▕█████████████     ▏  20 GB/ 28 GB   63 MB/s    2m0s[K[?25h[?2026l[?2026h[?25l[A[1Gpulling manifest [K
pulling f5c702d8820d:  73% ▕█████████████     ▏  20 GB/ 28 GB   63 MB/s    2m0s[K[?25h[?2026l[?2026h[?25l[A[1Gpulling manifest [K
pulling f5c702d8820d:  73% ▕█████████████     ▏  20 GB/ 28 GB   63 MB/s    2m0s[K[?25h[?2026l[?2026h[?25l[A[1Gpulling manifest [K
pulling f5c702d8820d:  73% ▕█████████████     ▏  20 GB/ 28 GB   63 MB/s    2m0s[K[?25h[?2026l[?2026h[?25l[A[1Gpulling manifest [K
pulling f5c702d8820d:  73% ▕█████████████     ▏  20 GB/ 28 GB   63 MB/s    2m0s[K[?25h[?2026l[?2026h[?25l[A[1Gpulling manifest [K
pulling f5c702d8820d:  73% ▕█████████████     ▏  20 GB/ 28 GB   63 MB/s    2m0s[K[?25h[?2026l[?2026h[?25l[A[1Gpulling manifest [K
pulling f5c702d8820d:  73% ▕█████████████     ▏  20 GB/ 28 GB   63 MB/s    2m0s[K[?25h[?2026l[?2026h[?25l[A[1Gpulling manifest [K
pulling f5c702d8820d:  73% ▕█████████████     ▏  20 GB/ 28 GB   63 MB/s    2m0s[K[?25h[?2026l[?2026h[?25l[A[1Gpulling manifest [K
pulling f5c702d8820d:  73% ▕█████████████     ▏  20 GB/ 28 GB   63 MB/s    2m0s[K[?25h[?2026l[?2026h[?25l[A[1Gpulling manifest [K
pulling f5c702d8820d:  73% ▕█████████████     ▏  20 GB/ 28 GB   63 MB/s    2m0s[K[?25h[?2026l[?2026h[?25l[A[1Gpulling manifest [K
pulling f5c702d8820d:  73% ▕█████████████     ▏  20 GB/ 28 GB   63 MB/s    2m0s[K[?25h[?2026l[?2026h[?25l[A[1Gpulling manifest [K
pulling f5c702d8820d:  73% ▕█████████████     ▏  20 GB/ 28 GB   63 MB/s   1m59s[K[?25h[?2026l[?2026h[?25l[A[1Gpulling manifest [K
pulling f5c702d8820d:  73% ▕█████████████     ▏  20 GB/ 28 GB   63 MB/s   1m59s[K[?25h[?2026l[?2026h[?25l[A[1Gpulling manifest [K
pulling f5c702d8820d:  73% ▕█████████████     ▏  20 GB/ 28 GB   63 MB/s   1m59s[K[?25h[?2026l[?2026h[?25l[A[1Gpulling manifest [K
pulling f5c702d8820d:  73% ▕█████████████     ▏  21 GB/ 28 GB   63 MB/s   1m59s[K[?25h[?2026l[?2026h[?25l[A[1Gpulling manifest [K
pulling f5c702d8820d:  73% ▕█████████████     ▏  21 GB/ 28 GB   63 MB/s   1m59s[K[?25h[?2026l[?2026h[?25l[A[1Gpulling manifest [K
pulling f5c702d8820d:  74% ▕█████████████     ▏  21 GB/ 28 GB   63 MB/s   1m59s[K[?25h[?2026l[?2026h[?25l[A[1Gpulling manifest [K
pulling f5c702d8820d:  74% ▕█████████████     ▏  21 GB/ 28 GB   63 MB/s   1m59s[K[?25h[?2026l[?2026h[?25l[A[1Gpulling manifest [K
pulling f5c702d8820d:  74% ▕█████████████     ▏  21 GB/ 28 GB   63 MB/s   1m59s[K[?25h[?2026l[?2026h[?25l[A[1Gpulling manifest [K
pulling f5c702d8820d:  74% ▕█████████████     ▏  21 GB/ 28 GB   63 MB/s   1m59s[K[?25h[?2026l[?2026h[?25l[A[1Gpulling manifest [K
pulling f5c702d8820d:  74% ▕█████████████     ▏  21 GB/ 28 GB   63 MB/s   1m59s[K[?25h[?2026l[?2026h[?25l[A[1Gpulling manifest [K
pulling f5c702d8820d:  74% ▕█████████████     ▏  21 GB/ 28 GB   63 MB/s   1m59s[K[?25h[?2026l[?2026h[?25l[A[1Gpulling manifest [K
pulling f5c702d8820d:  74% ▕█████████████     ▏  21 GB/ 28 GB   63 MB/s   1m58s[K[?25h[?2026l[?2026h[?25l[A[1Gpulling manifest [K
pulling f5c702d8820d:  74% ▕█████████████     ▏  21 GB/ 28 GB   63 MB/s   1m58s[K[?25h[?2026l[?2026h[?25l[A[1Gpulling manifest [K
pulling f5c702d8820d:  74% ▕█████████████     ▏  21 GB/ 28 GB   63 MB/s   1m58s[K[?25h[?2026l[?2026h[?25l[A[1Gpulling manifest [K
pulling f5c702d8820d:  74% ▕█████████████     ▏  21 GB/ 28 GB   63 MB/s   1m58s[K[?25h[?2026l[?2026h[?25l[A[1Gpulling manifest [K
pulling f5c702d8820d:  74% ▕█████████████     ▏  21 GB/ 28 GB   63 MB/s   1m58s[K[?25h[?2026l[?2026h[?25l[A[1Gpulling manifest [K
pulling f5c702d8820d:  74% ▕█████████████     ▏  21 GB/ 28 GB   63 MB/s   1m58s[K[?25h[?2026l[?2026h[?25l[A[1Gpulling manifest [K
pulling f5c702d8820d:  74% ▕█████████████     ▏  21 GB/ 28 GB   63 MB/s   1m58s[K[?25h[?2026l[?2026h[?25l[A[1Gpulling manifest [K
pulling f5c702d8820d:  74% ▕█████████████     ▏  21 GB/ 28 GB   63 MB/s   1m58s[K[?25h[?2026l[?2026h[?25l[A[1Gpulling manifest [K
pulling f5c702d8820d:  74% ▕█████████████     ▏  21 GB/ 28 GB   63 MB/s   1m58s[K[?25h[?2026l[?2026h[?25l[A[1Gpulling manifest [K
pulling f5c702d8820d:  74% ▕█████████████     ▏  21 GB/ 28 GB   63 MB/s   1m58s[K[?25h[?2026l[?2026h[?25l[A[1Gpulling manifest [K
pulling f5c702d8820d:  74% ▕█████████████     ▏  21 GB/ 28 GB   63 MB/s   1m57s[K[?25h[?2026l[?2026h[?25l[A[1Gpulling manifest [K
pulling f5c702d8820d:  74% ▕█████████████     ▏  21 GB/ 28 GB   63 MB/s   1m57s[K[?25h[?2026l[?2026h[?25l[A[1Gpulling manifest [K
pulling f5c702d8820d:  74% ▕█████████████     ▏  21 GB/ 28 GB   63 MB/s   1m57s[K[?25h[?2026l[?2026h[?25l[A[1Gpulling manifest [K
pulling f5c702d8820d:  74% ▕█████████████     ▏  21 GB/ 28 GB   63 MB/s   1m57s[K[?25h[?2026l[?2026h[?25l[A[1Gpulling manifest [K
pulling f5c702d8820d:  74% ▕█████████████     ▏  21 GB/ 28 GB   63 MB/s   1m57s[K[?25h[?2026l[?2026h[?25l[A[1Gpulling manifest [K
pulling f5c702d8820d:  74% ▕█████████████     ▏  21 GB/ 28 GB   63 MB/s   1m57s[K[?25h[?2026l[?2026h[?25l[A[1Gpulling manifest [K
pulling f5c702d8820d:  74% ▕█████████████     ▏  21 GB/ 28 GB   63 MB/s   1m57s[K[?25h[?2026l[?2026h[?25l[A[1Gpulling manifest [K
pulling f5c702d8820d:  74% ▕█████████████     ▏  21 GB/ 28 GB   63 MB/s   1m57s[K[?25h[?2026l[?2026h[?25l[A[1Gpulling manifest [K
pulling f5c702d8820d:  74% ▕█████████████     ▏  21 GB/ 28 GB   63 MB/s   1m57s[K[?25h[?2026l[?2026h[?25l[A[1Gpulling manifest [K
pulling f5c702d8820d:  74% ▕█████████████     ▏  21 GB/ 28 GB   63 MB/s   1m56s[K[?25h[?2026l[?2026h[?25l[A[1Gpulling manifest [K
pulling f5c702d8820d:  74% ▕█████████████     ▏  21 GB/ 28 GB   63 MB/s   1m56s[K[?25h[?2026l[?2026h[?25l[A[1Gpulling manifest [K
pulling f5c702d8820d:  74% ▕█████████████     ▏  21 GB/ 28 GB   63 MB/s   1m56s[K[?25h[?2026l[?2026h[?25l[A[1Gpulling manifest [K
pulling f5c702d8820d:  74% ▕█████████████     ▏  21 GB/ 28 GB   63 MB/s   1m56s[K[?25h[?2026l[?2026h[?25l[A[1Gpulling manifest [K
pulling f5c702d8820d:  74% ▕█████████████     ▏  21 GB/ 28 GB   63 MB/s   1m56s[K[?25h[?2026l[?2026h[?25l[A[1Gpulling manifest [K
pulling f5c702d8820d:  74% ▕█████████████     ▏  21 GB/ 28 GB   63 MB/s   1m56s[K[?25h[?2026l[?2026h[?25l[A[1Gpulling manifest [K
pulling f5c702d8820d:  74% ▕█████████████     ▏  21 GB/ 28 GB   63 MB/s   1m56s[K[?25h[?2026l[?2026h[?25l[A[1Gpulling manifest [K
pulling f5c702d8820d:  74% ▕█████████████     ▏  21 GB/ 28 GB   63 MB/s   1m56s[K[?25h[?2026l[?2026h[?25l[A[1Gpulling manifest [K
pulling f5c702d8820d:  74% ▕█████████████     ▏  21 GB/ 28 GB   63 MB/s   1m56s[K[?25h[?2026l[?2026h[?25l[A[1Gpulling manifest [K
pulling f5c702d8820d:  74% ▕█████████████     ▏  21 GB/ 28 GB   63 MB/s   1m56s[K[?25h[?2026l[?2026h[?25l[A[1Gpulling manifest [K
pulling f5c702d8820d:  74% ▕█████████████     ▏  21 GB/ 28 GB   63 MB/s   1m55s[K[?25h[?2026l[?2026h[?25l[A[1Gpulling manifest [K
pulling f5c702d8820d:  74% ▕█████████████     ▏  21 GB/ 28 GB   63 MB/s   1m55s[K[?25h[?2026l[?2026h[?25l[A[1Gpulling manifest [K
pulling f5c702d8820d:  74% ▕█████████████     ▏  21 GB/ 28 GB   63 MB/s   1m55s[K[?25h[?2026l[?2026h[?25l[A[1Gpulling manifest [K
pulling f5c702d8820d:  74% ▕█████████████     ▏  21 GB/ 28 GB   63 MB/s   1m55s[K[?25h[?2026l[?2026h[?25l[A[1Gpulling manifest [K
pulling f5c702d8820d:  74% ▕█████████████     ▏  21 GB/ 28 GB   63 MB/s   1m55s[K[?25h[?2026l[?2026h[?25l[A[1Gpulling manifest [K
pulling f5c702d8820d:  74% ▕█████████████     ▏  21 GB/ 28 GB   63 MB/s   1m55s[K[?25h[?2026l[?2026h[?25l[A[1Gpulling manifest [K
pulling f5c702d8820d:  74% ▕█████████████     ▏  21 GB/ 28 GB   63 MB/s   1m55s[K[?25h[?2026l[?2026h[?25l[A[1Gpulling manifest [K
pulling f5c702d8820d:  74% ▕█████████████     ▏  21 GB/ 28 GB   63 MB/s   1m55s[K[?25h[?2026l[?2026h[?25l[A[1Gpulling manifest [K
pulling f5c702d8820d:  74% ▕█████████████     ▏  21 GB/ 28 GB   63 MB/s   1m55s[K[?25h[?2026l[?2026h[?25l[A[1Gpulling manifest [K
pulling f5c702d8820d:  74% ▕█████████████     ▏  21 GB/ 28 GB   63 MB/s   1m55s[K[?25h[?2026l[?2026h[?25l[A[1Gpulling manifest [K
pulling f5c702d8820d:  74% ▕█████████████     ▏  21 GB/ 28 GB   63 MB/s   1m55s[K[?25h[?2026l[?2026h[?25l[A[1Gpulling manifest [K
pulling f5c702d8820d:  75% ▕█████████████     ▏  21 GB/ 28 GB   63 MB/s   1m54s[K[?25h[?2026l[?2026h[?25l[A[1Gpulling manifest [K
pulling f5c702d8820d:  75% ▕█████████████     ▏  21 GB/ 28 GB   63 MB/s   1m54s[K[?25h[?2026l[?2026h[?25l[A[1Gpulling manifest [K
pulling f5c702d8820d:  75% ▕█████████████     ▏  21 GB/ 28 GB   63 MB/s   1m54s[K[?25h[?2026l[?2026h[?25l[A[1Gpulling manifest [K
pulling f5c702d8820d:  75% ▕█████████████     ▏  21 GB/ 28 GB   63 MB/s   1m54s[K[?25h[?2026l[?2026h[?25l[A[1Gpulling manifest [K
pulling f5c702d8820d:  75% ▕█████████████     ▏  21 GB/ 28 GB   63 MB/s   1m54s[K[?25h[?2026l[?2026h[?25l[A[1Gpulling manifest [K
pulling f5c702d8820d:  75% ▕█████████████     ▏  21 GB/ 28 GB   63 MB/s   1m54s[K[?25h[?2026l[?2026h[?25l[A[1Gpulling manifest [K
pulling f5c702d8820d:  75% ▕█████████████     ▏  21 GB/ 28 GB   63 MB/s   1m54s[K[?25h[?2026l[?2026h[?25l[A[1Gpulling manifest [K
pulling f5c702d8820d:  75% ▕█████████████     ▏  21 GB/ 28 GB   63 MB/s   1m54s[K[?25h[?2026l[?2026h[?25l[A[1Gpulling manifest [K
pulling f5c702d8820d:  75% ▕█████████████     ▏  21 GB/ 28 GB   63 MB/s   1m54s[K[?25h[?2026l[?2026h[?25l[A[1Gpulling manifest [K
pulling f5c702d8820d:  75% ▕█████████████     ▏  21 GB/ 28 GB   63 MB/s   1m53s[K[?25h[?2026l[?2026h[?25l[A[1Gpulling manifest [K
pulling f5c702d8820d:  75% ▕█████████████     ▏  21 GB/ 28 GB   63 MB/s   1m53s[K[?25h[?2026l[?2026h[?25l[A[1Gpulling manifest [K
pulling f5c702d8820d:  75% ▕█████████████     ▏  21 GB/ 28 GB   63 MB/s   1m53s[K[?25h[?2026l[?2026h[?25l[A[1Gpulling manifest [K
pulling f5c702d8820d:  75% ▕█████████████     ▏  21 GB/ 28 GB   63 MB/s   1m53s[K[?25h[?2026l[?2026h[?25l[A[1Gpulling manifest [K
pulling f5c702d8820d:  75% ▕█████████████     ▏  21 GB/ 28 GB   63 MB/s   1m53s[K[?25h[?2026l[?2026h[?25l[A[1Gpulling manifest [K
pulling f5c702d8820d:  75% ▕█████████████     ▏  21 GB/ 28 GB   63 MB/s   1m53s[K[?25h[?2026l[?2026h[?25l[A[1Gpulling manifest [K
pulling f5c702d8820d:  75% ▕█████████████     ▏  21 GB/ 28 GB   63 MB/s   1m53s[K[?25h[?2026l[?2026h[?25l[A[1Gpulling manifest [K
pulling f5c702d8820d:  75% ▕█████████████     ▏  21 GB/ 28 GB   63 MB/s   1m53s[K[?25h[?2026l[?2026h[?25l[A[1Gpulling manifest [K
pulling f5c702d8820d:  75% ▕█████████████     ▏  21 GB/ 28 GB   63 MB/s   1m53s[K[?25h[?2026l[?2026h[?25l[A[1Gpulling manifest [K
pulling f5c702d8820d:  75% ▕█████████████     ▏  21 GB/ 28 GB   63 MB/s   1m52s[K[?25h[?2026l[?2026h[?25l[A[1Gpulling manifest [K
pulling f5c702d8820d:  75% ▕█████████████     ▏  21 GB/ 28 GB   63 MB/s   1m52s[K[?25h[?2026l[?2026h[?25l[A[1Gpulling manifest [K
pulling f5c702d8820d:  75% ▕█████████████     ▏  21 GB/ 28 GB   63 MB/s   1m52s[K[?25h[?2026l[?2026h[?25l[A[1Gpulling manifest [K
pulling f5c702d8820d:  75% ▕█████████████     ▏  21 GB/ 28 GB   63 MB/s   1m52s[K[?25h[?2026l[?2026h[?25l[A[1Gpulling manifest [K
pulling f5c702d8820d:  75% ▕█████████████     ▏  21 GB/ 28 GB   63 MB/s   1m52s[K[?25h[?2026l[?2026h[?25l[A[1Gpulling manifest [K
pulling f5c702d8820d:  75% ▕█████████████     ▏  21 GB/ 28 GB   63 MB/s   1m52s[K[?25h[?2026l[?2026h[?25l[A[1Gpulling manifest [K
pulling f5c702d8820d:  75% ▕█████████████     ▏  21 GB/ 28 GB   63 MB/s   1m52s[K[?25h[?2026l[?2026h[?25l[A[1Gpulling manifest [K
pulling f5c702d8820d:  75% ▕█████████████     ▏  21 GB/ 28 GB   63 MB/s   1m52s[K[?25h[?2026l[?2026h[?25l[A[1Gpulling manifest [K
pulling f5c702d8820d:  75% ▕█████████████     ▏  21 GB/ 28 GB   63 MB/s   1m52s[K[?25h[?2026l[?2026h[?25l[A[1Gpulling manifest [K
pulling f5c702d8820d:  75% ▕█████████████     ▏  21 GB/ 28 GB   63 MB/s   1m52s[K[?25h[?2026l[?2026h[?25l[A[1Gpulling manifest [K
pulling f5c702d8820d:  75% ▕█████████████     ▏  21 GB/ 28 GB   63 MB/s   1m51s[K[?25h[?2026l[?2026h[?25l[A[1Gpulling manifest [K
pulling f5c702d8820d:  75% ▕█████████████     ▏  21 GB/ 28 GB   63 MB/s   1m51s[K[?25h[?2026l[?2026h[?25l[A[1Gpulling manifest [K
pulling f5c702d8820d:  75% ▕█████████████     ▏  21 GB/ 28 GB   63 MB/s   1m51s[K[?25h[?2026l[?2026h[?25l[A[1Gpulling manifest [K
pulling f5c702d8820d:  75% ▕█████████████     ▏  21 GB/ 28 GB   63 MB/s   1m51s[K[?25h[?2026l[?2026h[?25l[A[1Gpulling manifest [K
pulling f5c702d8820d:  75% ▕█████████████     ▏  21 GB/ 28 GB   63 MB/s   1m51s[K[?25h[?2026l[?2026h[?25l[A[1Gpulling manifest [K
pulling f5c702d8820d:  75% ▕█████████████     ▏  21 GB/ 28 GB   63 MB/s   1m51s[K[?25h[?2026l[?2026h[?25l[A[1Gpulling manifest [K
pulling f5c702d8820d:  75% ▕█████████████     ▏  21 GB/ 28 GB   63 MB/s   1m51s[K[?25h[?2026l[?2026h[?25l[A[1Gpulling manifest [K
pulling f5c702d8820d:  75% ▕█████████████     ▏  21 GB/ 28 GB   63 MB/s   1m51s[K[?25h[?2026l[?2026h[?25l[A[1Gpulling manifest [K
pulling f5c702d8820d:  75% ▕█████████████     ▏  21 GB/ 28 GB   63 MB/s   1m51s[K[?25h[?2026l[?2026h[?25l[A[1Gpulling manifest [K
pulling f5c702d8820d:  75% ▕█████████████     ▏  21 GB/ 28 GB   63 MB/s   1m51s[K[?25h[?2026l[?2026h[?25l[A[1Gpulling manifest [K
pulling f5c702d8820d:  75% ▕█████████████     ▏  21 GB/ 28 GB   63 MB/s   1m51s[K[?25h[?2026l[?2026h[?25l[A[1Gpulling manifest [K
pulling f5c702d8820d:  75% ▕█████████████     ▏  21 GB/ 28 GB   63 MB/s   1m50s[K[?25h[?2026l[?2026h[?25l[A[1Gpulling manifest [K
pulling f5c702d8820d:  75% ▕█████████████     ▏  21 GB/ 28 GB   63 MB/s   1m50s[K[?25h[?2026l[?2026h[?25l[A[1Gpulling manifest [K
pulling f5c702d8820d:  75% ▕█████████████     ▏  21 GB/ 28 GB   63 MB/s   1m50s[K[?25h[?2026l[?2026h[?25l[A[1Gpulling manifest [K
pulling f5c702d8820d:  75% ▕█████████████     ▏  21 GB/ 28 GB   63 MB/s   1m50s[K[?25h[?2026l[?2026h[?25l[A[1Gpulling manifest [K
pulling f5c702d8820d:  75% ▕█████████████     ▏  21 GB/ 28 GB   63 MB/s   1m50s[K[?25h[?2026l[?2026h[?25l[A[1Gpulling manifest [K
pulling f5c702d8820d:  75% ▕█████████████     ▏  21 GB/ 28 GB   63 MB/s   1m50s[K[?25h[?2026l[?2026h[?25l[A[1Gpulling manifest [K
pulling f5c702d8820d:  75% ▕█████████████     ▏  21 GB/ 28 GB   63 MB/s   1m50s[K[?25h[?2026l[?2026h[?25l[A[1Gpulling manifest [K
pulling f5c702d8820d:  76% ▕█████████████     ▏  21 GB/ 28 GB   63 MB/s   1m50s[K[?25h[?2026l[?2026h[?25l[A[1Gpulling manifest [K
pulling f5c702d8820d:  76% ▕█████████████     ▏  21 GB/ 28 GB   63 MB/s   1m50s[K[?25h[?2026l[?2026h[?25l[A[1Gpulling manifest [K
pulling f5c702d8820d:  76% ▕█████████████     ▏  21 GB/ 28 GB   63 MB/s   1m49s[K[?25h[?2026l[?2026h[?25l[A[1Gpulling manifest [K
pulling f5c702d8820d:  76% ▕█████████████     ▏  21 GB/ 28 GB   63 MB/s   1m49s[K[?25h[?2026l[?2026h[?25l[A[1Gpulling manifest [K
pulling f5c702d8820d:  76% ▕█████████████     ▏  21 GB/ 28 GB   63 MB/s   1m49s[K[?25h[?2026l[?2026h[?25l[A[1Gpulling manifest [K
pulling f5c702d8820d:  76% ▕█████████████     ▏  21 GB/ 28 GB   63 MB/s   1m49s[K[?25h[?2026l[?2026h[?25l[A[1Gpulling manifest [K
pulling f5c702d8820d:  76% ▕█████████████     ▏  21 GB/ 28 GB   63 MB/s   1m49s[K[?25h[?2026l[?2026h[?25l[A[1Gpulling manifest [K
pulling f5c702d8820d:  76% ▕█████████████     ▏  21 GB/ 28 GB   63 MB/s   1m49s[K[?25h[?2026l[?2026h[?25l[A[1Gpulling manifest [K
pulling f5c702d8820d:  76% ▕█████████████     ▏  21 GB/ 28 GB   63 MB/s   1m49s[K[?25h[?2026l[?2026h[?25l[A[1Gpulling manifest [K
pulling f5c702d8820d:  76% ▕█████████████     ▏  21 GB/ 28 GB   63 MB/s   1m49s[K[?25h[?2026l[?2026h[?25l[A[1Gpulling manifest [K
pulling f5c702d8820d:  76% ▕█████████████     ▏  21 GB/ 28 GB   63 MB/s   1m49s[K[?25h[?2026l[?2026h[?25l[A[1Gpulling manifest [K
pulling f5c702d8820d:  76% ▕█████████████     ▏  21 GB/ 28 GB   63 MB/s   1m49s[K[?25h[?2026l[?2026h[?25l[A[1Gpulling manifest [K
pulling f5c702d8820d:  76% ▕█████████████     ▏  21 GB/ 28 GB   63 MB/s   1m49s[K[?25h[?2026l[?2026h[?25l[A[1Gpulling manifest [K
pulling f5c702d8820d:  76% ▕█████████████     ▏  21 GB/ 28 GB   63 MB/s   1m49s[K[?25h[?2026l[?2026h[?25l[A[1Gpulling manifest [K
pulling f5c702d8820d:  76% ▕█████████████     ▏  21 GB/ 28 GB   63 MB/s   1m48s[K[?25h[?2026l[?2026h[?25l[A[1Gpulling manifest [K
pulling f5c702d8820d:  76% ▕█████████████     ▏  21 GB/ 28 GB   63 MB/s   1m48s[K[?25h[?2026l[?2026h[?25l[A[1Gpulling manifest [K
pulling f5c702d8820d:  76% ▕█████████████     ▏  21 GB/ 28 GB   63 MB/s   1m48s[K[?25h[?2026l[?2026h[?25l[A[1Gpulling manifest [K
pulling f5c702d8820d:  76% ▕█████████████     ▏  21 GB/ 28 GB   63 MB/s   1m48s[K[?25h[?2026l[?2026h[?25l[A[1Gpulling manifest [K
pulling f5c702d8820d:  76% ▕█████████████     ▏  21 GB/ 28 GB   63 MB/s   1m48s[K[?25h[?2026l[?2026h[?25l[A[1Gpulling manifest [K
pulling f5c702d8820d:  76% ▕█████████████     ▏  21 GB/ 28 GB   63 MB/s   1m48s[K[?25h[?2026l[?2026h[?25l[A[1Gpulling manifest [K
pulling f5c702d8820d:  76% ▕█████████████     ▏  21 GB/ 28 GB   63 MB/s   1m48s[K[?25h[?2026l[?2026h[?25l[A[1Gpulling manifest [K
pulling f5c702d8820d:  76% ▕█████████████     ▏  21 GB/ 28 GB   63 MB/s   1m48s[K[?25h[?2026l[?2026h[?25l[A[1Gpulling manifest [K
pulling f5c702d8820d:  76% ▕█████████████     ▏  21 GB/ 28 GB   63 MB/s   1m48s[K[?25h[?2026l[?2026h[?25l[A[1Gpulling manifest [K
pulling f5c702d8820d:  76% ▕█████████████     ▏  21 GB/ 28 GB   63 MB/s   1m48s[K[?25h[?2026l[?2026h[?25l[A[1Gpulling manifest [K
pulling f5c702d8820d:  76% ▕█████████████     ▏  21 GB/ 28 GB   63 MB/s   1m48s[K[?25h[?2026l[?2026h[?25l[A[1Gpulling manifest [K
pulling f5c702d8820d:  76% ▕█████████████     ▏  21 GB/ 28 GB   63 MB/s   1m47s[K[?25h[?2026l[?2026h[?25l[A[1Gpulling manifest [K
pulling f5c702d8820d:  76% ▕█████████████     ▏  21 GB/ 28 GB   63 MB/s   1m47s[K[?25h[?2026l[?2026h[?25l[A[1Gpulling manifest [K
pulling f5c702d8820d:  76% ▕█████████████     ▏  21 GB/ 28 GB   63 MB/s   1m47s[K[?25h[?2026l[?2026h[?25l[A[1Gpulling manifest [K
pulling f5c702d8820d:  76% ▕█████████████     ▏  21 GB/ 28 GB   63 MB/s   1m47s[K[?25h[?2026l[?2026h[?25l[A[1Gpulling manifest [K
pulling f5c702d8820d:  76% ▕█████████████     ▏  21 GB/ 28 GB   63 MB/s   1m48s[K[?25h[?2026l[?2026h[?25l[A[1Gpulling manifest [K
pulling f5c702d8820d:  76% ▕█████████████     ▏  21 GB/ 28 GB   63 MB/s   1m48s[K[?25h[?2026l[?2026h[?25l[A[1Gpulling manifest [K
pulling f5c702d8820d:  76% ▕█████████████     ▏  21 GB/ 28 GB   63 MB/s   1m48s[K[?25h[?2026l[?2026h[?25l[A[1Gpulling manifest [K
pulling f5c702d8820d:  76% ▕█████████████     ▏  21 GB/ 28 GB   63 MB/s   1m48s[K[?25h[?2026l[?2026h[?25l[A[1Gpulling manifest [K
pulling f5c702d8820d:  76% ▕█████████████     ▏  21 GB/ 28 GB   63 MB/s   1m48s[K[?25h[?2026l[?2026h[?25l[A[1Gpulling manifest [K
pulling f5c702d8820d:  76% ▕█████████████     ▏  21 GB/ 28 GB   63 MB/s   1m48s[K[?25h[?2026l[?2026h[?25l[A[1Gpulling manifest [K
pulling f5c702d8820d:  76% ▕█████████████     ▏  21 GB/ 28 GB   63 MB/s   1m47s[K[?25h[?2026l[?2026h[?25l[A[1Gpulling manifest [K
pulling f5c702d8820d:  76% ▕█████████████     ▏  21 GB/ 28 GB   63 MB/s   1m47s[K[?25h[?2026l[?2026h[?25l[A[1Gpulling manifest [K
pulling f5c702d8820d:  76% ▕█████████████     ▏  21 GB/ 28 GB   63 MB/s   1m47s[K[?25h[?2026l[?2026h[?25l[A[1Gpulling manifest [K
pulling f5c702d8820d:  76% ▕█████████████     ▏  21 GB/ 28 GB   63 MB/s   1m47s[K[?25h[?2026l[?2026h[?25l[A[1Gpulling manifest [K
pulling f5c702d8820d:  76% ▕█████████████     ▏  21 GB/ 28 GB   63 MB/s   1m47s[K[?25h[?2026l[?2026h[?25l[A[1Gpulling manifest [K
pulling f5c702d8820d:  76% ▕█████████████     ▏  21 GB/ 28 GB   61 MB/s   1m50s[K[?25h[?2026l[?2026h[?25l[A[1Gpulling manifest [K
pulling f5c702d8820d:  76% ▕█████████████     ▏  21 GB/ 28 GB   61 MB/s   1m50s[K[?25h[?2026l[?2026h[?25l[A[1Gpulling manifest [K
pulling f5c702d8820d:  76% ▕█████████████     ▏  21 GB/ 28 GB   61 MB/s   1m50s[K[?25h[?2026l[?2026h[?25l[A[1Gpulling manifest [K
pulling f5c702d8820d:  76% ▕█████████████     ▏  21 GB/ 28 GB   61 MB/s   1m49s[K[?25h[?2026l[?2026h[?25l[A[1Gpulling manifest [K
pulling f5c702d8820d:  76% ▕█████████████     ▏  21 GB/ 28 GB   61 MB/s   1m49s[K[?25h[?2026l[?2026h[?25l[A[1Gpulling manifest [K
pulling f5c702d8820d:  76% ▕█████████████     ▏  21 GB/ 28 GB   61 MB/s   1m49s[K[?25h[?2026l[?2026h[?25l[A[1Gpulling manifest [K
pulling f5c702d8820d:  76% ▕█████████████     ▏  21 GB/ 28 GB   61 MB/s   1m49s[K[?25h[?2026l[?2026h[?25l[A[1Gpulling manifest [K
pulling f5c702d8820d:  76% ▕█████████████     ▏  21 GB/ 28 GB   61 MB/s   1m49s[K[?25h[?2026l[?2026h[?25l[A[1Gpulling manifest [K
pulling f5c702d8820d:  76% ▕█████████████     ▏  21 GB/ 28 GB   61 MB/s   1m49s[K[?25h[?2026l[?2026h[?25l[A[1Gpulling manifest [K
pulling f5c702d8820d:  77% ▕█████████████     ▏  21 GB/ 28 GB   61 MB/s   1m49s[K[?25h[?2026l[?2026h[?25l[A[1Gpulling manifest [K
pulling f5c702d8820d:  77% ▕█████████████     ▏  21 GB/ 28 GB   61 MB/s   1m49s[K[?25h[?2026l[?2026h[?25l[A[1Gpulling manifest [K
pulling f5c702d8820d:  77% ▕█████████████     ▏  21 GB/ 28 GB   61 MB/s   1m49s[K[?25h[?2026l[?2026h[?25l[A[1Gpulling manifest [K
pulling f5c702d8820d:  77% ▕█████████████     ▏  21 GB/ 28 GB   61 MB/s   1m49s[K[?25h[?2026l[?2026h[?25l[A[1Gpulling manifest [K
pulling f5c702d8820d:  77% ▕█████████████     ▏  21 GB/ 28 GB   61 MB/s   1m48s[K[?25h[?2026l[?2026h[?25l[A[1Gpulling manifest [K
pulling f5c702d8820d:  77% ▕█████████████     ▏  21 GB/ 28 GB   61 MB/s   1m48s[K[?25h[?2026l[?2026h[?25l[A[1Gpulling manifest [K
pulling f5c702d8820d:  77% ▕█████████████     ▏  21 GB/ 28 GB   61 MB/s   1m48s[K[?25h[?2026l[?2026h[?25l[A[1Gpulling manifest [K
pulling f5c702d8820d:  77% ▕█████████████     ▏  21 GB/ 28 GB   61 MB/s   1m48s[K[?25h[?2026l[?2026h[?25l[A[1Gpulling manifest [K
pulling f5c702d8820d:  77% ▕█████████████     ▏  21 GB/ 28 GB   61 MB/s   1m48s[K[?25h[?2026l[?2026h[?25l[A[1Gpulling manifest [K
pulling f5c702d8820d:  77% ▕█████████████     ▏  21 GB/ 28 GB   61 MB/s   1m48s[K[?25h[?2026l[?2026h[?25l[A[1Gpulling manifest [K
pulling f5c702d8820d:  77% ▕█████████████     ▏  21 GB/ 28 GB   61 MB/s   1m48s[K[?25h[?2026l[?2026h[?25l[A[1Gpulling manifest [K
pulling f5c702d8820d:  77% ▕█████████████     ▏  21 GB/ 28 GB   61 MB/s   1m48s[K[?25h[?2026l[?2026h[?25l[A[1Gpulling manifest [K
pulling f5c702d8820d:  77% ▕█████████████     ▏  21 GB/ 28 GB   61 MB/s   1m48s[K[?25h[?2026l[?2026h[?25l[A[1Gpulling manifest [K
pulling f5c702d8820d:  77% ▕█████████████     ▏  21 GB/ 28 GB   61 MB/s   1m48s[K[?25h[?2026l[?2026h[?25l[A[1Gpulling manifest [K
pulling f5c702d8820d:  77% ▕█████████████     ▏  21 GB/ 28 GB   61 MB/s   1m47s[K[?25h[?2026l[?2026h[?25l[A[1Gpulling manifest [K
pulling f5c702d8820d:  77% ▕█████████████     ▏  21 GB/ 28 GB   61 MB/s   1m47s[K[?25h[?2026l[?2026h[?25l[A[1Gpulling manifest [K
pulling f5c702d8820d:  77% ▕█████████████     ▏  21 GB/ 28 GB   61 MB/s   1m47s[K[?25h[?2026l[?2026h[?25l[A[1Gpulling manifest [K
pulling f5c702d8820d:  77% ▕█████████████     ▏  21 GB/ 28 GB   61 MB/s   1m47s[K[?25h[?2026l[?2026h[?25l[A[1Gpulling manifest [K
pulling f5c702d8820d:  77% ▕█████████████     ▏  21 GB/ 28 GB   61 MB/s   1m47s[K[?25h[?2026l[?2026h[?25l[A[1Gpulling manifest [K
pulling f5c702d8820d:  77% ▕█████████████     ▏  21 GB/ 28 GB   61 MB/s   1m47s[K[?25h[?2026l[?2026h[?25l[A[1Gpulling manifest [K
pulling f5c702d8820d:  77% ▕█████████████     ▏  22 GB/ 28 GB   61 MB/s   1m47s[K[?25h[?2026l[?2026h[?25l[A[1Gpulling manifest [K
pulling f5c702d8820d:  77% ▕█████████████     ▏  22 GB/ 28 GB   60 MB/s   1m48s[K[?25h[?2026l[?2026h[?25l[A[1Gpulling manifest [K
pulling f5c702d8820d:  77% ▕█████████████     ▏  22 GB/ 28 GB   60 MB/s   1m48s[K[?25h[?2026l[?2026h[?25l[A[1Gpulling manifest [K
pulling f5c702d8820d:  77% ▕█████████████     ▏  22 GB/ 28 GB   60 MB/s   1m47s[K[?25h[?2026l[?2026h[?25l[A[1Gpulling manifest [K
pulling f5c702d8820d:  77% ▕█████████████     ▏  22 GB/ 28 GB   60 MB/s   1m47s[K[?25h[?2026l[?2026h[?25l[A[1Gpulling manifest [K
pulling f5c702d8820d:  77% ▕█████████████     ▏  22 GB/ 28 GB   60 MB/s   1m47s[K[?25h[?2026l[?2026h[?25l[A[1Gpulling manifest [K
pulling f5c702d8820d:  77% ▕█████████████     ▏  22 GB/ 28 GB   60 MB/s   1m47s[K[?25h[?2026l[?2026h[?25l[A[1Gpulling manifest [K
pulling f5c702d8820d:  77% ▕█████████████     ▏  22 GB/ 28 GB   60 MB/s   1m47s[K[?25h[?2026l[?2026h[?25l[A[1Gpulling manifest [K
pulling f5c702d8820d:  77% ▕█████████████     ▏  22 GB/ 28 GB   60 MB/s   1m47s[K[?25h[?2026l[?2026h[?25l[A[1Gpulling manifest [K
pulling f5c702d8820d:  77% ▕█████████████     ▏  22 GB/ 28 GB   60 MB/s   1m47s[K[?25h[?2026l[?2026h[?25l[A[1Gpulling manifest [K
pulling f5c702d8820d:  77% ▕█████████████     ▏  22 GB/ 28 GB   60 MB/s   1m47s[K[?25h[?2026l[?2026h[?25l[A[1Gpulling manifest [K
pulling f5c702d8820d:  77% ▕█████████████     ▏  22 GB/ 28 GB   60 MB/s   1m47s[K[?25h[?2026l[?2026h[?25l[A[1Gpulling manifest [K
pulling f5c702d8820d:  77% ▕█████████████     ▏  22 GB/ 28 GB   60 MB/s   1m46s[K[?25h[?2026l[?2026h[?25l[A[1Gpulling manifest [K
pulling f5c702d8820d:  77% ▕█████████████     ▏  22 GB/ 28 GB   60 MB/s   1m46s[K[?25h[?2026l[?2026h[?25l[A[1Gpulling manifest [K
pulling f5c702d8820d:  77% ▕█████████████     ▏  22 GB/ 28 GB   60 MB/s   1m46s[K[?25h[?2026l[?2026h[?25l[A[1Gpulling manifest [K
pulling f5c702d8820d:  77% ▕█████████████     ▏  22 GB/ 28 GB   60 MB/s   1m46s[K[?25h[?2026l[?2026h[?25l[A[1Gpulling manifest [K
pulling f5c702d8820d:  77% ▕█████████████     ▏  22 GB/ 28 GB   60 MB/s   1m46s[K[?25h[?2026l[?2026h[?25l[A[1Gpulling manifest [K
pulling f5c702d8820d:  77% ▕█████████████     ▏  22 GB/ 28 GB   60 MB/s   1m46s[K[?25h[?2026l[?2026h[?25l[A[1Gpulling manifest [K
pulling f5c702d8820d:  77% ▕█████████████     ▏  22 GB/ 28 GB   60 MB/s   1m46s[K[?25h[?2026l[?2026h[?25l[A[1Gpulling manifest [K
pulling f5c702d8820d:  77% ▕█████████████     ▏  22 GB/ 28 GB   60 MB/s   1m46s[K[?25h[?2026l[?2026h[?25l[A[1Gpulling manifest [K
pulling f5c702d8820d:  77% ▕█████████████     ▏  22 GB/ 28 GB   60 MB/s   1m46s[K[?25h[?2026l[?2026h[?25l[A[1Gpulling manifest [K
pulling f5c702d8820d:  77% ▕█████████████     ▏  22 GB/ 28 GB   60 MB/s   1m46s[K[?25h[?2026l[?2026h[?25l[A[1Gpulling manifest [K
pulling f5c702d8820d:  77% ▕█████████████     ▏  22 GB/ 28 GB   60 MB/s   1m46s[K[?25h[?2026l[?2026h[?25l[A[1Gpulling manifest [K
pulling f5c702d8820d:  77% ▕█████████████     ▏  22 GB/ 28 GB   60 MB/s   1m46s[K[?25h[?2026l[?2026h[?25l[A[1Gpulling manifest [K
pulling f5c702d8820d:  77% ▕█████████████     ▏  22 GB/ 28 GB   60 MB/s   1m46s[K[?25h[?2026l[?2026h[?25l[A[1Gpulling manifest [K
pulling f5c702d8820d:  77% ▕█████████████     ▏  22 GB/ 28 GB   60 MB/s   1m46s[K[?25h[?2026l[?2026h[?25l[A[1Gpulling manifest [K
pulling f5c702d8820d:  77% ▕█████████████     ▏  22 GB/ 28 GB   60 MB/s   1m46s[K[?25h[?2026l[?2026h[?25l[A[1Gpulling manifest [K
pulling f5c702d8820d:  78% ▕█████████████     ▏  22 GB/ 28 GB   60 MB/s   1m46s[K[?25h[?2026l[?2026h[?25l[A[1Gpulling manifest [K
pulling f5c702d8820d:  78% ▕█████████████     ▏  22 GB/ 28 GB   60 MB/s   1m46s[K[?25h[?2026l[?2026h[?25l[A[1Gpulling manifest [K
pulling f5c702d8820d:  78% ▕█████████████     ▏  22 GB/ 28 GB   60 MB/s   1m46s[K[?25h[?2026l[?2026h[?25l[A[1Gpulling manifest [K
pulling f5c702d8820d:  78% ▕█████████████     ▏  22 GB/ 28 GB   60 MB/s   1m46s[K[?25h[?2026l[?2026h[?25l[A[1Gpulling manifest [K
pulling f5c702d8820d:  78% ▕█████████████     ▏  22 GB/ 28 GB   60 MB/s   1m45s[K[?25h[?2026l[?2026h[?25l[A[1Gpulling manifest [K
pulling f5c702d8820d:  78% ▕█████████████     ▏  22 GB/ 28 GB   60 MB/s   1m45s[K[?25h[?2026l[?2026h[?25l[A[1Gpulling manifest [K
pulling f5c702d8820d:  78% ▕█████████████     ▏  22 GB/ 28 GB   60 MB/s   1m45s[K[?25h[?2026l[?2026h[?25l[A[1Gpulling manifest [K
pulling f5c702d8820d:  78% ▕█████████████     ▏  22 GB/ 28 GB   60 MB/s   1m45s[K[?25h[?2026l[?2026h[?25l[A[1Gpulling manifest [K
pulling f5c702d8820d:  78% ▕█████████████     ▏  22 GB/ 28 GB   60 MB/s   1m45s[K[?25h[?2026l[?2026h[?25l[A[1Gpulling manifest [K
pulling f5c702d8820d:  78% ▕█████████████     ▏  22 GB/ 28 GB   60 MB/s   1m45s[K[?25h[?2026l[?2026h[?25l[A[1Gpulling manifest [K
pulling f5c702d8820d:  78% ▕█████████████     ▏  22 GB/ 28 GB   60 MB/s   1m45s[K[?25h[?2026l[?2026h[?25l[A[1Gpulling manifest [K
pulling f5c702d8820d:  78% ▕█████████████     ▏  22 GB/ 28 GB   60 MB/s   1m45s[K[?25h[?2026l[?2026h[?25l[A[1Gpulling manifest [K
pulling f5c702d8820d:  78% ▕█████████████     ▏  22 GB/ 28 GB   60 MB/s   1m44s[K[?25h[?2026l[?2026h[?25l[A[1Gpulling manifest [K
pulling f5c702d8820d:  78% ▕██████████████    ▏  22 GB/ 28 GB   60 MB/s   1m44s[K[?25h[?2026l[?2026h[?25l[A[1Gpulling manifest [K
pulling f5c702d8820d:  78% ▕██████████████    ▏  22 GB/ 28 GB   60 MB/s   1m44s[K[?25h[?2026l[?2026h[?25l[A[1Gpulling manifest [K
pulling f5c702d8820d:  78% ▕██████████████    ▏  22 GB/ 28 GB   60 MB/s   1m44s[K[?25h[?2026l[?2026h[?25l[A[1Gpulling manifest [K
pulling f5c702d8820d:  78% ▕██████████████    ▏  22 GB/ 28 GB   60 MB/s   1m44s[K[?25h[?2026l[?2026h[?25l[A[1Gpulling manifest [K
pulling f5c702d8820d:  78% ▕██████████████    ▏  22 GB/ 28 GB   60 MB/s   1m44s[K[?25h[?2026l[?2026h[?25l[A[1Gpulling manifest [K
pulling f5c702d8820d:  78% ▕██████████████    ▏  22 GB/ 28 GB   60 MB/s   1m44s[K[?25h[?2026l[?2026h[?25l[A[1Gpulling manifest [K
pulling f5c702d8820d:  78% ▕██████████████    ▏  22 GB/ 28 GB   60 MB/s   1m44s[K[?25h[?2026l[?2026h[?25l[A[1Gpulling manifest [K
pulling f5c702d8820d:  78% ▕██████████████    ▏  22 GB/ 28 GB   60 MB/s   1m44s[K[?25h[?2026l[?2026h[?25l[A[1Gpulling manifest [K
pulling f5c702d8820d:  78% ▕██████████████    ▏  22 GB/ 28 GB   60 MB/s   1m44s[K[?25h[?2026l[?2026h[?25l[A[1Gpulling manifest [K
pulling f5c702d8820d:  78% ▕██████████████    ▏  22 GB/ 28 GB   60 MB/s   1m43s[K[?25h[?2026l[?2026h[?25l[A[1Gpulling manifest [K
pulling f5c702d8820d:  78% ▕██████████████    ▏  22 GB/ 28 GB   60 MB/s   1m43s[K[?25h[?2026l[?2026h[?25l[A[1Gpulling manifest [K
pulling f5c702d8820d:  78% ▕██████████████    ▏  22 GB/ 28 GB   60 MB/s   1m43s[K[?25h[?2026l[?2026h[?25l[A[1Gpulling manifest [K
pulling f5c702d8820d:  78% ▕██████████████    ▏  22 GB/ 28 GB   60 MB/s   1m42s[K[?25h[?2026l[?2026h[?25l[A[1Gpulling manifest [K
pulling f5c702d8820d:  78% ▕██████████████    ▏  22 GB/ 28 GB   60 MB/s   1m42s[K[?25h[?2026l[?2026h[?25l[A[1Gpulling manifest [K
pulling f5c702d8820d:  78% ▕██████████████    ▏  22 GB/ 28 GB   60 MB/s   1m42s[K[?25h[?2026l[?2026h[?25l[A[1Gpulling manifest [K
pulling f5c702d8820d:  78% ▕██████████████    ▏  22 GB/ 28 GB   60 MB/s   1m42s[K[?25h[?2026l[?2026h[?25l[A[1Gpulling manifest [K
pulling f5c702d8820d:  78% ▕██████████████    ▏  22 GB/ 28 GB   60 MB/s   1m42s[K[?25h[?2026l[?2026h[?25l[A[1Gpulling manifest [K
pulling f5c702d8820d:  78% ▕██████████████    ▏  22 GB/ 28 GB   60 MB/s   1m42s[K[?25h[?2026l[?2026h[?25l[A[1Gpulling manifest [K
pulling f5c702d8820d:  78% ▕██████████████    ▏  22 GB/ 28 GB   60 MB/s   1m42s[K[?25h[?2026l[?2026h[?25l[A[1Gpulling manifest [K
pulling f5c702d8820d:  78% ▕██████████████    ▏  22 GB/ 28 GB   60 MB/s   1m42s[K[?25h[?2026l[?2026h[?25l[A[1Gpulling manifest [K
pulling f5c702d8820d:  78% ▕██████████████    ▏  22 GB/ 28 GB   60 MB/s   1m42s[K[?25h[?2026l[?2026h[?25l[A[1Gpulling manifest [K
pulling f5c702d8820d:  78% ▕██████████████    ▏  22 GB/ 28 GB   60 MB/s   1m42s[K[?25h[?2026l[?2026h[?25l[A[1Gpulling manifest [K
pulling f5c702d8820d:  78% ▕██████████████    ▏  22 GB/ 28 GB   62 MB/s   1m39s[K[?25h[?2026l[?2026h[?25l[A[1Gpulling manifest [K
pulling f5c702d8820d:  78% ▕██████████████    ▏  22 GB/ 28 GB   62 MB/s   1m39s[K[?25h[?2026l[?2026h[?25l[A[1Gpulling manifest [K
pulling f5c702d8820d:  78% ▕██████████████    ▏  22 GB/ 28 GB   62 MB/s   1m39s[K[?25h[?2026l[?2026h[?25l[A[1Gpulling manifest [K
pulling f5c702d8820d:  78% ▕██████████████    ▏  22 GB/ 28 GB   62 MB/s   1m39s[K[?25h[?2026l[?2026h[?25l[A[1Gpulling manifest [K
pulling f5c702d8820d:  78% ▕██████████████    ▏  22 GB/ 28 GB   62 MB/s   1m38s[K[?25h[?2026l[?2026h[?25l[A[1Gpulling manifest [K
pulling f5c702d8820d:  78% ▕██████████████    ▏  22 GB/ 28 GB   62 MB/s   1m38s[K[?25h[?2026l[?2026h[?25l[A[1Gpulling manifest [K
pulling f5c702d8820d:  78% ▕██████████████    ▏  22 GB/ 28 GB   62 MB/s   1m38s[K[?25h[?2026l[?2026h[?25l[A[1Gpulling manifest [K
pulling f5c702d8820d:  78% ▕██████████████    ▏  22 GB/ 28 GB   62 MB/s   1m38s[K[?25h[?2026l[?2026h[?25l[A[1Gpulling manifest [K
pulling f5c702d8820d:  78% ▕██████████████    ▏  22 GB/ 28 GB   62 MB/s   1m38s[K[?25h[?2026l[?2026h[?25l[A[1Gpulling manifest [K
pulling f5c702d8820d:  78% ▕██████████████    ▏  22 GB/ 28 GB   62 MB/s   1m38s[K[?25h[?2026l[?2026h[?25l[A[1Gpulling manifest [K
pulling f5c702d8820d:  78% ▕██████████████    ▏  22 GB/ 28 GB   62 MB/s   1m38s[K[?25h[?2026l[?2026h[?25l[A[1Gpulling manifest [K
pulling f5c702d8820d:  79% ▕██████████████    ▏  22 GB/ 28 GB   62 MB/s   1m38s[K[?25h[?2026l[?2026h[?25l[A[1Gpulling manifest [K
pulling f5c702d8820d:  79% ▕██████████████    ▏  22 GB/ 28 GB   62 MB/s   1m38s[K[?25h[?2026l[?2026h[?25l[A[1Gpulling manifest [K
pulling f5c702d8820d:  79% ▕██████████████    ▏  22 GB/ 28 GB   62 MB/s   1m38s[K[?25h[?2026l[?2026h[?25l[A[1Gpulling manifest [K
pulling f5c702d8820d:  79% ▕██████████████    ▏  22 GB/ 28 GB   62 MB/s   1m37s[K[?25h[?2026l[?2026h[?25l[A[1Gpulling manifest [K
pulling f5c702d8820d:  79% ▕██████████████    ▏  22 GB/ 28 GB   62 MB/s   1m37s[K[?25h[?2026l[?2026h[?25l[A[1Gpulling manifest [K
pulling f5c702d8820d:  79% ▕██████████████    ▏  22 GB/ 28 GB   62 MB/s   1m37s[K[?25h[?2026l[?2026h[?25l[A[1Gpulling manifest [K
pulling f5c702d8820d:  79% ▕██████████████    ▏  22 GB/ 28 GB   62 MB/s   1m37s[K[?25h[?2026l[?2026h[?25l[A[1Gpulling manifest [K
pulling f5c702d8820d:  79% ▕██████████████    ▏  22 GB/ 28 GB   62 MB/s   1m37s[K[?25h[?2026l[?2026h[?25l[A[1Gpulling manifest [K
pulling f5c702d8820d:  79% ▕██████████████    ▏  22 GB/ 28 GB   62 MB/s   1m37s[K[?25h[?2026l[?2026h[?25l[A[1Gpulling manifest [K
pulling f5c702d8820d:  79% ▕██████████████    ▏  22 GB/ 28 GB   62 MB/s   1m37s[K[?25h[?2026l[?2026h[?25l[A[1Gpulling manifest [K
pulling f5c702d8820d:  79% ▕██████████████    ▏  22 GB/ 28 GB   60 MB/s   1m40s[K[?25h[?2026l[?2026h[?25l[A[1Gpulling manifest [K
pulling f5c702d8820d:  79% ▕██████████████    ▏  22 GB/ 28 GB   60 MB/s   1m40s[K[?25h[?2026l[?2026h[?25l[A[1Gpulling manifest [K
pulling f5c702d8820d:  79% ▕██████████████    ▏  22 GB/ 28 GB   60 MB/s   1m40s[K[?25h[?2026l[?2026h[?25l[A[1Gpulling manifest [K
pulling f5c702d8820d:  79% ▕██████████████    ▏  22 GB/ 28 GB   60 MB/s   1m40s[K[?25h[?2026l[?2026h[?25l[A[1Gpulling manifest [K
pulling f5c702d8820d:  79% ▕██████████████    ▏  22 GB/ 28 GB   60 MB/s   1m40s[K[?25h[?2026l[?2026h[?25l[A[1Gpulling manifest [K
pulling f5c702d8820d:  79% ▕██████████████    ▏  22 GB/ 28 GB   60 MB/s   1m40s[K[?25h[?2026l[?2026h[?25l[A[1Gpulling manifest [K
pulling f5c702d8820d:  79% ▕██████████████    ▏  22 GB/ 28 GB   60 MB/s   1m40s[K[?25h[?2026l[?2026h[?25l[A[1Gpulling manifest [K
pulling f5c702d8820d:  79% ▕██████████████    ▏  22 GB/ 28 GB   60 MB/s   1m40s[K[?25h[?2026l[?2026h[?25l[A[1Gpulling manifest [K
pulling f5c702d8820d:  79% ▕██████████████    ▏  22 GB/ 28 GB   60 MB/s   1m39s[K[?25h[?2026l[?2026h[?25l[A[1Gpulling manifest [K
pulling f5c702d8820d:  79% ▕██████████████    ▏  22 GB/ 28 GB   60 MB/s   1m39s[K[?25h[?2026l[?2026h[?25l[A[1Gpulling manifest [K
pulling f5c702d8820d:  79% ▕██████████████    ▏  22 GB/ 28 GB   61 MB/s   1m38s[K[?25h[?2026l[?2026h[?25l[A[1Gpulling manifest [K
pulling f5c702d8820d:  79% ▕██████████████    ▏  22 GB/ 28 GB   61 MB/s   1m38s[K[?25h[?2026l[?2026h[?25l[A[1Gpulling manifest [K
pulling f5c702d8820d:  79% ▕██████████████    ▏  22 GB/ 28 GB   61 MB/s   1m38s[K[?25h[?2026l[?2026h[?25l[A[1Gpulling manifest [K
pulling f5c702d8820d:  79% ▕██████████████    ▏  22 GB/ 28 GB   61 MB/s   1m38s[K[?25h[?2026l[?2026h[?25l[A[1Gpulling manifest [K
pulling f5c702d8820d:  79% ▕██████████████    ▏  22 GB/ 28 GB   61 MB/s   1m38s[K[?25h[?2026l[?2026h[?25l[A[1Gpulling manifest [K
pulling f5c702d8820d:  79% ▕██████████████    ▏  22 GB/ 28 GB   61 MB/s   1m38s[K[?25h[?2026l[?2026h[?25l[A[1Gpulling manifest [K
pulling f5c702d8820d:  79% ▕██████████████    ▏  22 GB/ 28 GB   61 MB/s   1m38s[K[?25h[?2026l[?2026h[?25l[A[1Gpulling manifest [K
pulling f5c702d8820d:  79% ▕██████████████    ▏  22 GB/ 28 GB   61 MB/s   1m38s[K[?25h[?2026l[?2026h[?25l[A[1Gpulling manifest [K
pulling f5c702d8820d:  79% ▕██████████████    ▏  22 GB/ 28 GB   61 MB/s   1m38s[K[?25h[?2026l[?2026h[?25l[A[1Gpulling manifest [K
pulling f5c702d8820d:  79% ▕██████████████    ▏  22 GB/ 28 GB   61 MB/s   1m37s[K[?25h[?2026l[?2026h[?25l[A[1Gpulling manifest [K
pulling f5c702d8820d:  79% ▕██████████████    ▏  22 GB/ 28 GB   60 MB/s   1m38s[K[?25h[?2026l[?2026h[?25l[A[1Gpulling manifest [K
pulling f5c702d8820d:  79% ▕██████████████    ▏  22 GB/ 28 GB   60 MB/s   1m37s[K[?25h[?2026l[?2026h[?25l[A[1Gpulling manifest [K
pulling f5c702d8820d:  79% ▕██████████████    ▏  22 GB/ 28 GB   60 MB/s   1m37s[K[?25h[?2026l[?2026h[?25l[A[1Gpulling manifest [K
pulling f5c702d8820d:  79% ▕██████████████    ▏  22 GB/ 28 GB   60 MB/s   1m37s[K[?25h[?2026l[?2026h[?25l[A[1Gpulling manifest [K
pulling f5c702d8820d:  79% ▕██████████████    ▏  22 GB/ 28 GB   60 MB/s   1m37s[K[?25h[?2026l[?2026h[?25l[A[1Gpulling manifest [K
pulling f5c702d8820d:  79% ▕██████████████    ▏  22 GB/ 28 GB   60 MB/s   1m37s[K[?25h[?2026l[?2026h[?25l[A[1Gpulling manifest [K
pulling f5c702d8820d:  79% ▕██████████████    ▏  22 GB/ 28 GB   60 MB/s   1m37s[K[?25h[?2026l[?2026h[?25l[A[1Gpulling manifest [K
pulling f5c702d8820d:  79% ▕██████████████    ▏  22 GB/ 28 GB   60 MB/s   1m37s[K[?25h[?2026l[?2026h[?25l[A[1Gpulling manifest [K
pulling f5c702d8820d:  79% ▕██████████████    ▏  22 GB/ 28 GB   60 MB/s   1m37s[K[?25h[?2026l[?2026h[?25l[A[1Gpulling manifest [K
pulling f5c702d8820d:  79% ▕██████████████    ▏  22 GB/ 28 GB   60 MB/s   1m37s[K[?25h[?2026l[?2026h[?25l[A[1Gpulling manifest [K
pulling f5c702d8820d:  79% ▕██████████████    ▏  22 GB/ 28 GB   61 MB/s   1m36s[K[?25h[?2026l[?2026h[?25l[A[1Gpulling manifest [K
pulling f5c702d8820d:  79% ▕██████████████    ▏  22 GB/ 28 GB   61 MB/s   1m36s[K[?25h[?2026l[?2026h[?25l[A[1Gpulling manifest [K
pulling f5c702d8820d:  79% ▕██████████████    ▏  22 GB/ 28 GB   61 MB/s   1m36s[K[?25h[?2026l[?2026h[?25l[A[1Gpulling manifest [K
pulling f5c702d8820d:  79% ▕██████████████    ▏  22 GB/ 28 GB   61 MB/s   1m35s[K[?25h[?2026l[?2026h[?25l[A[1Gpulling manifest [K
pulling f5c702d8820d:  79% ▕██████████████    ▏  22 GB/ 28 GB   61 MB/s   1m35s[K[?25h[?2026l[?2026h[?25l[A[1Gpulling manifest [K
pulling f5c702d8820d:  79% ▕██████████████    ▏  22 GB/ 28 GB   61 MB/s   1m35s[K[?25h[?2026l[?2026h[?25l[A[1Gpulling manifest [K
pulling f5c702d8820d:  79% ▕██████████████    ▏  22 GB/ 28 GB   61 MB/s   1m35s[K[?25h[?2026l[?2026h[?25l[A[1Gpulling manifest [K
pulling f5c702d8820d:  79% ▕██████████████    ▏  22 GB/ 28 GB   61 MB/s   1m35s[K[?25h[?2026l[?2026h[?25l[A[1Gpulling manifest [K
pulling f5c702d8820d:  79% ▕██████████████    ▏  22 GB/ 28 GB   61 MB/s   1m35s[K[?25h[?2026l[?2026h[?25l[A[1Gpulling manifest [K
pulling f5c702d8820d:  80% ▕██████████████    ▏  22 GB/ 28 GB   61 MB/s   1m35s[K[?25h[?2026l[?2026h[?25l[A[1Gpulling manifest [K
pulling f5c702d8820d:  80% ▕██████████████    ▏  22 GB/ 28 GB   61 MB/s   1m35s[K[?25h[?2026l[?2026h[?25l[A[1Gpulling manifest [K
pulling f5c702d8820d:  80% ▕██████████████    ▏  22 GB/ 28 GB   61 MB/s   1m35s[K[?25h[?2026l[?2026h[?25l[A[1Gpulling manifest [K
pulling f5c702d8820d:  80% ▕██████████████    ▏  22 GB/ 28 GB   61 MB/s   1m34s[K[?25h[?2026l[?2026h[?25l[A[1Gpulling manifest [K
pulling f5c702d8820d:  80% ▕██████████████    ▏  22 GB/ 28 GB   61 MB/s   1m34s[K[?25h[?2026l[?2026h[?25l[A[1Gpulling manifest [K
pulling f5c702d8820d:  80% ▕██████████████    ▏  22 GB/ 28 GB   61 MB/s   1m34s[K[?25h[?2026l[?2026h[?25l[A[1Gpulling manifest [K
pulling f5c702d8820d:  80% ▕██████████████    ▏  22 GB/ 28 GB   61 MB/s   1m34s[K[?25h[?2026l[?2026h[?25l[A[1Gpulling manifest [K
pulling f5c702d8820d:  80% ▕██████████████    ▏  22 GB/ 28 GB   61 MB/s   1m34s[K[?25h[?2026l[?2026h[?25l[A[1Gpulling manifest [K
pulling f5c702d8820d:  80% ▕██████████████    ▏  22 GB/ 28 GB   61 MB/s   1m34s[K[?25h[?2026l[?2026h[?25l[A[1Gpulling manifest [K
pulling f5c702d8820d:  80% ▕██████████████    ▏  22 GB/ 28 GB   61 MB/s   1m34s[K[?25h[?2026l[?2026h[?25l[A[1Gpulling manifest [K
pulling f5c702d8820d:  80% ▕██████████████    ▏  22 GB/ 28 GB   61 MB/s   1m34s[K[?25h[?2026l[?2026h[?25l[A[1Gpulling manifest [K
pulling f5c702d8820d:  80% ▕██████████████    ▏  22 GB/ 28 GB   61 MB/s   1m34s[K[?25h[?2026l[?2026h[?25l[A[1Gpulling manifest [K
pulling f5c702d8820d:  80% ▕██████████████    ▏  22 GB/ 28 GB   61 MB/s   1m34s[K[?25h[?2026l[?2026h[?25l[A[1Gpulling manifest [K
pulling f5c702d8820d:  80% ▕██████████████    ▏  22 GB/ 28 GB   61 MB/s   1m33s[K[?25h[?2026l[?2026h[?25l[A[1Gpulling manifest [K
pulling f5c702d8820d:  80% ▕██████████████    ▏  22 GB/ 28 GB   61 MB/s   1m33s[K[?25h[?2026l[?2026h[?25l[A[1Gpulling manifest [K
pulling f5c702d8820d:  80% ▕██████████████    ▏  22 GB/ 28 GB   61 MB/s   1m33s[K[?25h[?2026l[?2026h[?25l[A[1Gpulling manifest [K
pulling f5c702d8820d:  80% ▕██████████████    ▏  22 GB/ 28 GB   61 MB/s   1m33s[K[?25h[?2026l[?2026h[?25l[A[1Gpulling manifest [K
pulling f5c702d8820d:  80% ▕██████████████    ▏  22 GB/ 28 GB   61 MB/s   1m33s[K[?25h[?2026l[?2026h[?25l[A[1Gpulling manifest [K
pulling f5c702d8820d:  80% ▕██████████████    ▏  22 GB/ 28 GB   61 MB/s   1m33s[K[?25h[?2026l[?2026h[?25l[A[1Gpulling manifest [K
pulling f5c702d8820d:  80% ▕██████████████    ▏  22 GB/ 28 GB   61 MB/s   1m33s[K[?25h[?2026l[?2026h[?25l[A[1Gpulling manifest [K
pulling f5c702d8820d:  80% ▕██████████████    ▏  22 GB/ 28 GB   61 MB/s   1m33s[K[?25h[?2026l[?2026h[?25l[A[1Gpulling manifest [K
pulling f5c702d8820d:  80% ▕██████████████    ▏  22 GB/ 28 GB   61 MB/s   1m33s[K[?25h[?2026l[?2026h[?25l[A[1Gpulling manifest [K
pulling f5c702d8820d:  80% ▕██████████████    ▏  22 GB/ 28 GB   61 MB/s   1m33s[K[?25h[?2026l[?2026h[?25l[A[1Gpulling manifest [K
pulling f5c702d8820d:  80% ▕██████████████    ▏  22 GB/ 28 GB   61 MB/s   1m33s[K[?25h[?2026l[?2026h[?25l[A[1Gpulling manifest [K
pulling f5c702d8820d:  80% ▕██████████████    ▏  22 GB/ 28 GB   61 MB/s   1m32s[K[?25h[?2026l[?2026h[?25l[A[1Gpulling manifest [K
pulling f5c702d8820d:  80% ▕██████████████    ▏  22 GB/ 28 GB   61 MB/s   1m32s[K[?25h[?2026l[?2026h[?25l[A[1Gpulling manifest [K
pulling f5c702d8820d:  80% ▕██████████████    ▏  22 GB/ 28 GB   61 MB/s   1m32s[K[?25h[?2026l[?2026h[?25l[A[1Gpulling manifest [K
pulling f5c702d8820d:  80% ▕██████████████    ▏  22 GB/ 28 GB   61 MB/s   1m32s[K[?25h[?2026l[?2026h[?25l[A[1Gpulling manifest [K
pulling f5c702d8820d:  80% ▕██████████████    ▏  22 GB/ 28 GB   61 MB/s   1m32s[K[?25h[?2026l[?2026h[?25l[A[1Gpulling manifest [K
pulling f5c702d8820d:  80% ▕██████████████    ▏  22 GB/ 28 GB   61 MB/s   1m32s[K[?25h[?2026l[?2026h[?25l[A[1Gpulling manifest [K
pulling f5c702d8820d:  80% ▕██████████████    ▏  22 GB/ 28 GB   61 MB/s   1m32s[K[?25h[?2026l[?2026h[?25l[A[1Gpulling manifest [K
pulling f5c702d8820d:  80% ▕██████████████    ▏  22 GB/ 28 GB   61 MB/s   1m32s[K[?25h[?2026l[?2026h[?25l[A[1Gpulling manifest [K
pulling f5c702d8820d:  80% ▕██████████████    ▏  22 GB/ 28 GB   61 MB/s   1m32s[K[?25h[?2026l[?2026h[?25l[A[1Gpulling manifest [K
pulling f5c702d8820d:  80% ▕██████████████    ▏  22 GB/ 28 GB   61 MB/s   1m32s[K[?25h[?2026l[?2026h[?25l[A[1Gpulling manifest [K
pulling f5c702d8820d:  80% ▕██████████████    ▏  22 GB/ 28 GB   61 MB/s   1m32s[K[?25h[?2026l[?2026h[?25l[A[1Gpulling manifest [K
pulling f5c702d8820d:  80% ▕██████████████    ▏  22 GB/ 28 GB   61 MB/s   1m31s[K[?25h[?2026l[?2026h[?25l[A[1Gpulling manifest [K
pulling f5c702d8820d:  80% ▕██████████████    ▏  22 GB/ 28 GB   61 MB/s   1m31s[K[?25h[?2026l[?2026h[?25l[A[1Gpulling manifest [K
pulling f5c702d8820d:  80% ▕██████████████    ▏  22 GB/ 28 GB   61 MB/s   1m31s[K[?25h[?2026l[?2026h[?25l[A[1Gpulling manifest [K
pulling f5c702d8820d:  80% ▕██████████████    ▏  22 GB/ 28 GB   61 MB/s   1m31s[K[?25h[?2026l[?2026h[?25l[A[1Gpulling manifest [K
pulling f5c702d8820d:  80% ▕██████████████    ▏  22 GB/ 28 GB   61 MB/s   1m31s[K[?25h[?2026l[?2026h[?25l[A[1Gpulling manifest [K
pulling f5c702d8820d:  80% ▕██████████████    ▏  22 GB/ 28 GB   61 MB/s   1m31s[K[?25h[?2026l[?2026h[?25l[A[1Gpulling manifest [K
pulling f5c702d8820d:  80% ▕██████████████    ▏  22 GB/ 28 GB   61 MB/s   1m31s[K[?25h[?2026l[?2026h[?25l[A[1Gpulling manifest [K
pulling f5c702d8820d:  80% ▕██████████████    ▏  22 GB/ 28 GB   60 MB/s   1m32s[K[?25h[?2026l[?2026h[?25l[A[1Gpulling manifest [K
pulling f5c702d8820d:  80% ▕██████████████    ▏  22 GB/ 28 GB   60 MB/s   1m31s[K[?25h[?2026l[?2026h[?25l[A[1Gpulling manifest [K
pulling f5c702d8820d:  80% ▕██████████████    ▏  23 GB/ 28 GB   60 MB/s   1m31s[K[?25h[?2026l[?2026h[?25l[A[1Gpulling manifest [K
pulling f5c702d8820d:  80% ▕██████████████    ▏  23 GB/ 28 GB   60 MB/s   1m31s[K[?25h[?2026l[?2026h[?25l[A[1Gpulling manifest [K
pulling f5c702d8820d:  80% ▕██████████████    ▏  23 GB/ 28 GB   60 MB/s   1m31s[K[?25h[?2026l[?2026h[?25l[A[1Gpulling manifest [K
pulling f5c702d8820d:  81% ▕██████████████    ▏  23 GB/ 28 GB   60 MB/s   1m31s[K[?25h[?2026l[?2026h[?25l[A[1Gpulling manifest [K
pulling f5c702d8820d:  81% ▕██████████████    ▏  23 GB/ 28 GB   60 MB/s   1m31s[K[?25h[?2026l[?2026h[?25l[A[1Gpulling manifest [K
pulling f5c702d8820d:  81% ▕██████████████    ▏  23 GB/ 28 GB   60 MB/s   1m31s[K[?25h[?2026l[?2026h[?25l[A[1Gpulling manifest [K
pulling f5c702d8820d:  81% ▕██████████████    ▏  23 GB/ 28 GB   60 MB/s   1m31s[K[?25h[?2026l[?2026h[?25l[A[1Gpulling manifest [K
pulling f5c702d8820d:  81% ▕██████████████    ▏  23 GB/ 28 GB   60 MB/s   1m31s[K[?25h[?2026l[?2026h[?25l[A[1Gpulling manifest [K
pulling f5c702d8820d:  81% ▕██████████████    ▏  23 GB/ 28 GB   62 MB/s   1m28s[K[?25h[?2026l[?2026h[?25l[A[1Gpulling manifest [K
pulling f5c702d8820d:  81% ▕██████████████    ▏  23 GB/ 28 GB   62 MB/s   1m28s[K[?25h[?2026l[?2026h[?25l[A[1Gpulling manifest [K
pulling f5c702d8820d:  81% ▕██████████████    ▏  23 GB/ 28 GB   62 MB/s   1m27s[K[?25h[?2026l[?2026h[?25l[A[1Gpulling manifest [K
pulling f5c702d8820d:  81% ▕██████████████    ▏  23 GB/ 28 GB   62 MB/s   1m27s[K[?25h[?2026l[?2026h[?25l[A[1Gpulling manifest [K
pulling f5c702d8820d:  81% ▕██████████████    ▏  23 GB/ 28 GB   62 MB/s   1m27s[K[?25h[?2026l[?2026h[?25l[A[1Gpulling manifest [K
pulling f5c702d8820d:  81% ▕██████████████    ▏  23 GB/ 28 GB   62 MB/s   1m27s[K[?25h[?2026l[?2026h[?25l[A[1Gpulling manifest [K
pulling f5c702d8820d:  81% ▕██████████████    ▏  23 GB/ 28 GB   62 MB/s   1m27s[K[?25h[?2026l[?2026h[?25l[A[1Gpulling manifest [K
pulling f5c702d8820d:  81% ▕██████████████    ▏  23 GB/ 28 GB   62 MB/s   1m27s[K[?25h[?2026l[?2026h[?25l[A[1Gpulling manifest [K
pulling f5c702d8820d:  81% ▕██████████████    ▏  23 GB/ 28 GB   62 MB/s   1m27s[K[?25h[?2026l[?2026h[?25l[A[1Gpulling manifest [K
pulling f5c702d8820d:  81% ▕██████████████    ▏  23 GB/ 28 GB   62 MB/s   1m27s[K[?25h[?2026l[?2026h[?25l[A[1Gpulling manifest [K
pulling f5c702d8820d:  81% ▕██████████████    ▏  23 GB/ 28 GB   62 MB/s   1m27s[K[?25h[?2026l[?2026h[?25l[A[1Gpulling manifest [K
pulling f5c702d8820d:  81% ▕██████████████    ▏  23 GB/ 28 GB   62 MB/s   1m27s[K[?25h[?2026l[?2026h[?25l[A[1Gpulling manifest [K
pulling f5c702d8820d:  81% ▕██████████████    ▏  23 GB/ 28 GB   62 MB/s   1m27s[K[?25h[?2026l[?2026h[?25l[A[1Gpulling manifest [K
pulling f5c702d8820d:  81% ▕██████████████    ▏  23 GB/ 28 GB   62 MB/s   1m26s[K[?25h[?2026l[?2026h[?25l[A[1Gpulling manifest [K
pulling f5c702d8820d:  81% ▕██████████████    ▏  23 GB/ 28 GB   62 MB/s   1m26s[K[?25h[?2026l[?2026h[?25l[A[1Gpulling manifest [K
pulling f5c702d8820d:  81% ▕██████████████    ▏  23 GB/ 28 GB   62 MB/s   1m26s[K[?25h[?2026l[?2026h[?25l[A[1Gpulling manifest [K
pulling f5c702d8820d:  81% ▕██████████████    ▏  23 GB/ 28 GB   62 MB/s   1m26s[K[?25h[?2026l[?2026h[?25l[A[1Gpulling manifest [K
pulling f5c702d8820d:  81% ▕██████████████    ▏  23 GB/ 28 GB   62 MB/s   1m26s[K[?25h[?2026l[?2026h[?25l[A[1Gpulling manifest [K
pulling f5c702d8820d:  81% ▕██████████████    ▏  23 GB/ 28 GB   62 MB/s   1m26s[K[?25h[?2026l[?2026h[?25l[A[1Gpulling manifest [K
pulling f5c702d8820d:  81% ▕██████████████    ▏  23 GB/ 28 GB   62 MB/s   1m26s[K[?25h[?2026l[?2026h[?25l[A[1Gpulling manifest [K
pulling f5c702d8820d:  81% ▕██████████████    ▏  23 GB/ 28 GB   62 MB/s   1m26s[K[?25h[?2026l[?2026h[?25l[A[1Gpulling manifest [K
pulling f5c702d8820d:  81% ▕██████████████    ▏  23 GB/ 28 GB   62 MB/s   1m26s[K[?25h[?2026l[?2026h[?25l[A[1Gpulling manifest [K
pulling f5c702d8820d:  81% ▕██████████████    ▏  23 GB/ 28 GB   62 MB/s   1m26s[K[?25h[?2026l[?2026h[?25l[A[1Gpulling manifest [K
pulling f5c702d8820d:  81% ▕██████████████    ▏  23 GB/ 28 GB   62 MB/s   1m25s[K[?25h[?2026l[?2026h[?25l[A[1Gpulling manifest [K
pulling f5c702d8820d:  81% ▕██████████████    ▏  23 GB/ 28 GB   62 MB/s   1m25s[K[?25h[?2026l[?2026h[?25l[A[1Gpulling manifest [K
pulling f5c702d8820d:  81% ▕██████████████    ▏  23 GB/ 28 GB   62 MB/s   1m25s[K[?25h[?2026l[?2026h[?25l[A[1Gpulling manifest [K
pulling f5c702d8820d:  81% ▕██████████████    ▏  23 GB/ 28 GB   62 MB/s   1m25s[K[?25h[?2026l[?2026h[?25l[A[1Gpulling manifest [K
pulling f5c702d8820d:  81% ▕██████████████    ▏  23 GB/ 28 GB   62 MB/s   1m25s[K[?25h[?2026l[?2026h[?25l[A[1Gpulling manifest [K
pulling f5c702d8820d:  81% ▕██████████████    ▏  23 GB/ 28 GB   62 MB/s   1m25s[K[?25h[?2026l[?2026h[?25l[A[1Gpulling manifest [K
pulling f5c702d8820d:  81% ▕██████████████    ▏  23 GB/ 28 GB   62 MB/s   1m25s[K[?25h[?2026l[?2026h[?25l[A[1Gpulling manifest [K
pulling f5c702d8820d:  81% ▕██████████████    ▏  23 GB/ 28 GB   62 MB/s   1m25s[K[?25h[?2026l[?2026h[?25l[A[1Gpulling manifest [K
pulling f5c702d8820d:  81% ▕██████████████    ▏  23 GB/ 28 GB   62 MB/s   1m25s[K[?25h[?2026l[?2026h[?25l[A[1Gpulling manifest [K
pulling f5c702d8820d:  81% ▕██████████████    ▏  23 GB/ 28 GB   62 MB/s   1m25s[K[?25h[?2026l[?2026h[?25l[A[1Gpulling manifest [K
pulling f5c702d8820d:  81% ▕██████████████    ▏  23 GB/ 28 GB   62 MB/s   1m24s[K[?25h[?2026l[?2026h[?25l[A[1Gpulling manifest [K
pulling f5c702d8820d:  81% ▕██████████████    ▏  23 GB/ 28 GB   62 MB/s   1m24s[K[?25h[?2026l[?2026h[?25l[A[1Gpulling manifest [K
pulling f5c702d8820d:  81% ▕██████████████    ▏  23 GB/ 28 GB   62 MB/s   1m24s[K[?25h[?2026l[?2026h[?25l[A[1Gpulling manifest [K
pulling f5c702d8820d:  81% ▕██████████████    ▏  23 GB/ 28 GB   62 MB/s   1m24s[K[?25h[?2026l[?2026h[?25l[A[1Gpulling manifest [K
pulling f5c702d8820d:  81% ▕██████████████    ▏  23 GB/ 28 GB   62 MB/s   1m24s[K[?25h[?2026l[?2026h[?25l[A[1Gpulling manifest [K
pulling f5c702d8820d:  81% ▕██████████████    ▏  23 GB/ 28 GB   62 MB/s   1m24s[K[?25h[?2026l[?2026h[?25l[A[1Gpulling manifest [K
pulling f5c702d8820d:  81% ▕██████████████    ▏  23 GB/ 28 GB   62 MB/s   1m24s[K[?25h[?2026l[?2026h[?25l[A[1Gpulling manifest [K
pulling f5c702d8820d:  81% ▕██████████████    ▏  23 GB/ 28 GB   62 MB/s   1m24s[K[?25h[?2026l[?2026h[?25l[A[1Gpulling manifest [K
pulling f5c702d8820d:  82% ▕██████████████    ▏  23 GB/ 28 GB   62 MB/s   1m24s[K[?25h[?2026l[?2026h[?25l[A[1Gpulling manifest [K
pulling f5c702d8820d:  82% ▕██████████████    ▏  23 GB/ 28 GB   62 MB/s   1m24s[K[?25h[?2026l[?2026h[?25l[A[1Gpulling manifest [K
pulling f5c702d8820d:  82% ▕██████████████    ▏  23 GB/ 28 GB   62 MB/s   1m24s[K[?25h[?2026l[?2026h[?25l[A[1Gpulling manifest [K
pulling f5c702d8820d:  82% ▕██████████████    ▏  23 GB/ 28 GB   62 MB/s   1m24s[K[?25h[?2026l[?2026h[?25l[A[1Gpulling manifest [K
pulling f5c702d8820d:  82% ▕██████████████    ▏  23 GB/ 28 GB   62 MB/s   1m23s[K[?25h[?2026l[?2026h[?25l[A[1Gpulling manifest [K
pulling f5c702d8820d:  82% ▕██████████████    ▏  23 GB/ 28 GB   62 MB/s   1m23s[K[?25h[?2026l[?2026h[?25l[A[1Gpulling manifest [K
pulling f5c702d8820d:  82% ▕██████████████    ▏  23 GB/ 28 GB   62 MB/s   1m23s[K[?25h[?2026l[?2026h[?25l[A[1Gpulling manifest [K
pulling f5c702d8820d:  82% ▕██████████████    ▏  23 GB/ 28 GB   62 MB/s   1m23s[K[?25h[?2026l[?2026h[?25l[A[1Gpulling manifest [K
pulling f5c702d8820d:  82% ▕██████████████    ▏  23 GB/ 28 GB   62 MB/s   1m23s[K[?25h[?2026l[?2026h[?25l[A[1Gpulling manifest [K
pulling f5c702d8820d:  82% ▕██████████████    ▏  23 GB/ 28 GB   62 MB/s   1m23s[K[?25h[?2026l[?2026h[?25l[A[1Gpulling manifest [K
pulling f5c702d8820d:  82% ▕██████████████    ▏  23 GB/ 28 GB   62 MB/s   1m23s[K[?25h[?2026l[?2026h[?25l[A[1Gpulling manifest [K
pulling f5c702d8820d:  82% ▕██████████████    ▏  23 GB/ 28 GB   62 MB/s   1m23s[K[?25h[?2026l[?2026h[?25l[A[1Gpulling manifest [K
pulling f5c702d8820d:  82% ▕██████████████    ▏  23 GB/ 28 GB   62 MB/s   1m23s[K[?25h[?2026l[?2026h[?25l[A[1Gpulling manifest [K
pulling f5c702d8820d:  82% ▕██████████████    ▏  23 GB/ 28 GB   62 MB/s   1m22s[K[?25h[?2026l[?2026h[?25l[A[1Gpulling manifest [K
pulling f5c702d8820d:  82% ▕██████████████    ▏  23 GB/ 28 GB   62 MB/s   1m22s[K[?25h[?2026l[?2026h[?25l[A[1Gpulling manifest [K
pulling f5c702d8820d:  82% ▕██████████████    ▏  23 GB/ 28 GB   62 MB/s   1m22s[K[?25h[?2026l[?2026h[?25l[A[1Gpulling manifest [K
pulling f5c702d8820d:  82% ▕██████████████    ▏  23 GB/ 28 GB   62 MB/s   1m22s[K[?25h[?2026l[?2026h[?25l[A[1Gpulling manifest [K
pulling f5c702d8820d:  82% ▕██████████████    ▏  23 GB/ 28 GB   62 MB/s   1m22s[K[?25h[?2026l[?2026h[?25l[A[1Gpulling manifest [K
pulling f5c702d8820d:  82% ▕██████████████    ▏  23 GB/ 28 GB   62 MB/s   1m22s[K[?25h[?2026l[?2026h[?25l[A[1Gpulling manifest [K
pulling f5c702d8820d:  82% ▕██████████████    ▏  23 GB/ 28 GB   62 MB/s   1m22s[K[?25h[?2026l[?2026h[?25l[A[1Gpulling manifest [K
pulling f5c702d8820d:  82% ▕██████████████    ▏  23 GB/ 28 GB   62 MB/s   1m22s[K[?25h[?2026l[?2026h[?25l[A[1Gpulling manifest [K
pulling f5c702d8820d:  82% ▕██████████████    ▏  23 GB/ 28 GB   62 MB/s   1m22s[K[?25h[?2026l[?2026h[?25l[A[1Gpulling manifest [K
pulling f5c702d8820d:  82% ▕██████████████    ▏  23 GB/ 28 GB   62 MB/s   1m22s[K[?25h[?2026l[?2026h[?25l[A[1Gpulling manifest [K
pulling f5c702d8820d:  82% ▕██████████████    ▏  23 GB/ 28 GB   62 MB/s   1m22s[K[?25h[?2026l[?2026h[?25l[A[1Gpulling manifest [K
pulling f5c702d8820d:  82% ▕██████████████    ▏  23 GB/ 28 GB   62 MB/s   1m21s[K[?25h[?2026l[?2026h[?25l[A[1Gpulling manifest [K
pulling f5c702d8820d:  82% ▕██████████████    ▏  23 GB/ 28 GB   62 MB/s   1m21s[K[?25h[?2026l[?2026h[?25l[A[1Gpulling manifest [K
pulling f5c702d8820d:  82% ▕██████████████    ▏  23 GB/ 28 GB   62 MB/s   1m21s[K[?25h[?2026l[?2026h[?25l[A[1Gpulling manifest [K
pulling f5c702d8820d:  82% ▕██████████████    ▏  23 GB/ 28 GB   62 MB/s   1m21s[K[?25h[?2026l[?2026h[?25l[A[1Gpulling manifest [K
pulling f5c702d8820d:  82% ▕██████████████    ▏  23 GB/ 28 GB   62 MB/s   1m21s[K[?25h[?2026l[?2026h[?25l[A[1Gpulling manifest [K
pulling f5c702d8820d:  82% ▕██████████████    ▏  23 GB/ 28 GB   62 MB/s   1m21s[K[?25h[?2026l[?2026h[?25l[A[1Gpulling manifest [K
pulling f5c702d8820d:  82% ▕██████████████    ▏  23 GB/ 28 GB   62 MB/s   1m21s[K[?25h[?2026l[?2026h[?25l[A[1Gpulling manifest [K
pulling f5c702d8820d:  82% ▕██████████████    ▏  23 GB/ 28 GB   62 MB/s   1m21s[K[?25h[?2026l[?2026h[?25l[A[1Gpulling manifest [K
pulling f5c702d8820d:  82% ▕██████████████    ▏  23 GB/ 28 GB   62 MB/s   1m21s[K[?25h[?2026l[?2026h[?25l[A[1Gpulling manifest [K
pulling f5c702d8820d:  82% ▕██████████████    ▏  23 GB/ 28 GB   62 MB/s   1m20s[K[?25h[?2026l[?2026h[?25l[A[1Gpulling manifest [K
pulling f5c702d8820d:  82% ▕██████████████    ▏  23 GB/ 28 GB   62 MB/s   1m20s[K[?25h[?2026l[?2026h[?25l[A[1Gpulling manifest [K
pulling f5c702d8820d:  82% ▕██████████████    ▏  23 GB/ 28 GB   62 MB/s   1m20s[K[?25h[?2026l[?2026h[?25l[A[1Gpulling manifest [K
pulling f5c702d8820d:  82% ▕██████████████    ▏  23 GB/ 28 GB   62 MB/s   1m20s[K[?25h[?2026l[?2026h[?25l[A[1Gpulling manifest [K
pulling f5c702d8820d:  82% ▕██████████████    ▏  23 GB/ 28 GB   62 MB/s   1m20s[K[?25h[?2026l[?2026h[?25l[A[1Gpulling manifest [K
pulling f5c702d8820d:  82% ▕██████████████    ▏  23 GB/ 28 GB   62 MB/s   1m20s[K[?25h[?2026l[?2026h[?25l[A[1Gpulling manifest [K
pulling f5c702d8820d:  82% ▕██████████████    ▏  23 GB/ 28 GB   62 MB/s   1m20s[K[?25h[?2026l[?2026h[?25l[A[1Gpulling manifest [K
pulling f5c702d8820d:  82% ▕██████████████    ▏  23 GB/ 28 GB   62 MB/s   1m20s[K[?25h[?2026l[?2026h[?25l[A[1Gpulling manifest [K
pulling f5c702d8820d:  82% ▕██████████████    ▏  23 GB/ 28 GB   61 MB/s   1m22s[K[?25h[?2026l[?2026h[?25l[A[1Gpulling manifest [K
pulling f5c702d8820d:  82% ▕██████████████    ▏  23 GB/ 28 GB   61 MB/s   1m22s[K[?25h[?2026l[?2026h[?25l[A[1Gpulling manifest [K
pulling f5c702d8820d:  82% ▕██████████████    ▏  23 GB/ 28 GB   61 MB/s   1m22s[K[?25h[?2026l[?2026h[?25l[A[1Gpulling manifest [K
pulling f5c702d8820d:  82% ▕██████████████    ▏  23 GB/ 28 GB   61 MB/s   1m22s[K[?25h[?2026l[?2026h[?25l[A[1Gpulling manifest [K
pulling f5c702d8820d:  82% ▕██████████████    ▏  23 GB/ 28 GB   61 MB/s   1m21s[K[?25h[?2026l[?2026h[?25l[A[1Gpulling manifest [K
pulling f5c702d8820d:  82% ▕██████████████    ▏  23 GB/ 28 GB   61 MB/s   1m21s[K[?25h[?2026l[?2026h[?25l[A[1Gpulling manifest [K
pulling f5c702d8820d:  82% ▕██████████████    ▏  23 GB/ 28 GB   61 MB/s   1m21s[K[?25h[?2026l[?2026h[?25l[A[1Gpulling manifest [K
pulling f5c702d8820d:  82% ▕██████████████    ▏  23 GB/ 28 GB   61 MB/s   1m21s[K[?25h[?2026l[?2026h[?25l[A[1Gpulling manifest [K
pulling f5c702d8820d:  83% ▕██████████████    ▏  23 GB/ 28 GB   61 MB/s   1m21s[K[?25h[?2026l[?2026h[?25l[A[1Gpulling manifest [K
pulling f5c702d8820d:  83% ▕██████████████    ▏  23 GB/ 28 GB   61 MB/s   1m21s[K[?25h[?2026l[?2026h[?25l[A[1Gpulling manifest [K
pulling f5c702d8820d:  83% ▕██████████████    ▏  23 GB/ 28 GB   61 MB/s   1m21s[K[?25h[?2026l[?2026h[?25l[A[1Gpulling manifest [K
pulling f5c702d8820d:  83% ▕██████████████    ▏  23 GB/ 28 GB   61 MB/s   1m21s[K[?25h[?2026l[?2026h[?25l[A[1Gpulling manifest [K
pulling f5c702d8820d:  83% ▕██████████████    ▏  23 GB/ 28 GB   61 MB/s   1m21s[K[?25h[?2026l[?2026h[?25l[A[1Gpulling manifest [K
pulling f5c702d8820d:  83% ▕██████████████    ▏  23 GB/ 28 GB   61 MB/s   1m20s[K[?25h[?2026l[?2026h[?25l[A[1Gpulling manifest [K
pulling f5c702d8820d:  83% ▕██████████████    ▏  23 GB/ 28 GB   61 MB/s   1m20s[K[?25h[?2026l[?2026h[?25l[A[1Gpulling manifest [K
pulling f5c702d8820d:  83% ▕██████████████    ▏  23 GB/ 28 GB   61 MB/s   1m20s[K[?25h[?2026l[?2026h[?25l[A[1Gpulling manifest [K
pulling f5c702d8820d:  83% ▕██████████████    ▏  23 GB/ 28 GB   61 MB/s   1m20s[K[?25h[?2026l[?2026h[?25l[A[1Gpulling manifest [K
pulling f5c702d8820d:  83% ▕██████████████    ▏  23 GB/ 28 GB   61 MB/s   1m20s[K[?25h[?2026l[?2026h[?25l[A[1Gpulling manifest [K
pulling f5c702d8820d:  83% ▕██████████████    ▏  23 GB/ 28 GB   61 MB/s   1m20s[K[?25h[?2026l[?2026h[?25l[A[1Gpulling manifest [K
pulling f5c702d8820d:  83% ▕██████████████    ▏  23 GB/ 28 GB   61 MB/s   1m20s[K[?25h[?2026l[?2026h[?25l[A[1Gpulling manifest [K
pulling f5c702d8820d:  83% ▕██████████████    ▏  23 GB/ 28 GB   61 MB/s   1m20s[K[?25h[?2026l[?2026h[?25l[A[1Gpulling manifest [K
pulling f5c702d8820d:  83% ▕██████████████    ▏  23 GB/ 28 GB   61 MB/s   1m20s[K[?25h[?2026l[?2026h[?25l[A[1Gpulling manifest [K
pulling f5c702d8820d:  83% ▕██████████████    ▏  23 GB/ 28 GB   61 MB/s   1m20s[K[?25h[?2026l[?2026h[?25l[A[1Gpulling manifest [K
pulling f5c702d8820d:  83% ▕██████████████    ▏  23 GB/ 28 GB   61 MB/s   1m19s[K[?25h[?2026l[?2026h[?25l[A[1Gpulling manifest [K
pulling f5c702d8820d:  83% ▕██████████████    ▏  23 GB/ 28 GB   61 MB/s   1m19s[K[?25h[?2026l[?2026h[?25l[A[1Gpulling manifest [K
pulling f5c702d8820d:  83% ▕██████████████    ▏  23 GB/ 28 GB   61 MB/s   1m19s[K[?25h[?2026l[?2026h[?25l[A[1Gpulling manifest [K
pulling f5c702d8820d:  83% ▕██████████████    ▏  23 GB/ 28 GB   61 MB/s   1m19s[K[?25h[?2026l[?2026h[?25l[A[1Gpulling manifest [K
pulling f5c702d8820d:  83% ▕██████████████    ▏  23 GB/ 28 GB   61 MB/s   1m19s[K[?25h[?2026l[?2026h[?25l[A[1Gpulling manifest [K
pulling f5c702d8820d:  83% ▕██████████████    ▏  23 GB/ 28 GB   61 MB/s   1m19s[K[?25h[?2026l[?2026h[?25l[A[1Gpulling manifest [K
pulling f5c702d8820d:  83% ▕██████████████    ▏  23 GB/ 28 GB   61 MB/s   1m19s[K[?25h[?2026l[?2026h[?25l[A[1Gpulling manifest [K
pulling f5c702d8820d:  83% ▕██████████████    ▏  23 GB/ 28 GB   61 MB/s   1m19s[K[?25h[?2026l[?2026h[?25l[A[1Gpulling manifest [K
pulling f5c702d8820d:  83% ▕██████████████    ▏  23 GB/ 28 GB   60 MB/s   1m19s[K[?25h[?2026l[?2026h[?25l[A[1Gpulling manifest [K
pulling f5c702d8820d:  83% ▕██████████████    ▏  23 GB/ 28 GB   60 MB/s   1m19s[K[?25h[?2026l[?2026h[?25l[A[1Gpulling manifest [K
pulling f5c702d8820d:  83% ▕██████████████    ▏  23 GB/ 28 GB   60 MB/s   1m19s[K[?25h[?2026l[?2026h[?25l[A[1Gpulling manifest [K
pulling f5c702d8820d:  83% ▕██████████████    ▏  23 GB/ 28 GB   60 MB/s   1m19s[K[?25h[?2026l[?2026h[?25l[A[1Gpulling manifest [K
pulling f5c702d8820d:  83% ▕██████████████    ▏  23 GB/ 28 GB   60 MB/s   1m19s[K[?25h[?2026l[?2026h[?25l[A[1Gpulling manifest [K
pulling f5c702d8820d:  83% ▕██████████████    ▏  23 GB/ 28 GB   60 MB/s   1m19s[K[?25h[?2026l[?2026h[?25l[A[1Gpulling manifest [K
pulling f5c702d8820d:  83% ▕██████████████    ▏  23 GB/ 28 GB   60 MB/s   1m19s[K[?25h[?2026l[?2026h[?25l[A[1Gpulling manifest [K
pulling f5c702d8820d:  83% ▕██████████████    ▏  23 GB/ 28 GB   60 MB/s   1m19s[K[?25h[?2026l[?2026h[?25l[A[1Gpulling manifest [K
pulling f5c702d8820d:  83% ▕██████████████    ▏  23 GB/ 28 GB   60 MB/s   1m19s[K[?25h[?2026l[?2026h[?25l[A[1Gpulling manifest [K
pulling f5c702d8820d:  83% ▕██████████████    ▏  23 GB/ 28 GB   60 MB/s   1m18s[K[?25h[?2026l[?2026h[?25l[A[1Gpulling manifest [K
pulling f5c702d8820d:  83% ▕██████████████    ▏  23 GB/ 28 GB   60 MB/s   1m18s[K[?25h[?2026l[?2026h[?25l[A[1Gpulling manifest [K
pulling f5c702d8820d:  83% ▕██████████████    ▏  23 GB/ 28 GB   60 MB/s   1m18s[K[?25h[?2026l[?2026h[?25l[A[1Gpulling manifest [K
pulling f5c702d8820d:  83% ▕██████████████    ▏  23 GB/ 28 GB   60 MB/s   1m18s[K[?25h[?2026l[?2026h[?25l[A[1Gpulling manifest [K
pulling f5c702d8820d:  83% ▕██████████████    ▏  23 GB/ 28 GB   60 MB/s   1m18s[K[?25h[?2026l[?2026h[?25l[A[1Gpulling manifest [K
pulling f5c702d8820d:  83% ▕██████████████    ▏  23 GB/ 28 GB   60 MB/s   1m18s[K[?25h[?2026l[?2026h[?25l[A[1Gpulling manifest [K
pulling f5c702d8820d:  83% ▕██████████████    ▏  23 GB/ 28 GB   60 MB/s   1m18s[K[?25h[?2026l[?2026h[?25l[A[1Gpulling manifest [K
pulling f5c702d8820d:  83% ▕███████████████   ▏  23 GB/ 28 GB   60 MB/s   1m18s[K[?25h[?2026l[?2026h[?25l[A[1Gpulling manifest [K
pulling f5c702d8820d:  83% ▕███████████████   ▏  23 GB/ 28 GB   60 MB/s   1m18s[K[?25h[?2026l[?2026h[?25l[A[1Gpulling manifest [K
pulling f5c702d8820d:  83% ▕███████████████   ▏  23 GB/ 28 GB   60 MB/s   1m18s[K[?25h[?2026l[?2026h[?25l[A[1Gpulling manifest [K
pulling f5c702d8820d:  83% ▕███████████████   ▏  23 GB/ 28 GB   60 MB/s   1m18s[K[?25h[?2026l[?2026h[?25l[A[1Gpulling manifest [K
pulling f5c702d8820d:  83% ▕███████████████   ▏  23 GB/ 28 GB   60 MB/s   1m17s[K[?25h[?2026l[?2026h[?25l[A[1Gpulling manifest [K
pulling f5c702d8820d:  83% ▕███████████████   ▏  23 GB/ 28 GB   60 MB/s   1m17s[K[?25h[?2026l[?2026h[?25l[A[1Gpulling manifest [K
pulling f5c702d8820d:  83% ▕███████████████   ▏  23 GB/ 28 GB   60 MB/s   1m17s[K[?25h[?2026l[?2026h[?25l[A[1Gpulling manifest [K
pulling f5c702d8820d:  83% ▕███████████████   ▏  23 GB/ 28 GB   60 MB/s   1m17s[K[?25h[?2026l[?2026h[?25l[A[1Gpulling manifest [K
pulling f5c702d8820d:  84% ▕███████████████   ▏  23 GB/ 28 GB   60 MB/s   1m17s[K[?25h[?2026l[?2026h[?25l[A[1Gpulling manifest [K
pulling f5c702d8820d:  84% ▕███████████████   ▏  23 GB/ 28 GB   60 MB/s   1m17s[K[?25h[?2026l[?2026h[?25l[A[1Gpulling manifest [K
pulling f5c702d8820d:  84% ▕███████████████   ▏  23 GB/ 28 GB   60 MB/s   1m17s[K[?25h[?2026l[?2026h[?25l[A[1Gpulling manifest [K
pulling f5c702d8820d:  84% ▕███████████████   ▏  23 GB/ 28 GB   60 MB/s   1m17s[K[?25h[?2026l[?2026h[?25l[A[1Gpulling manifest [K
pulling f5c702d8820d:  84% ▕███████████████   ▏  23 GB/ 28 GB   60 MB/s   1m16s[K[?25h[?2026l[?2026h[?25l[A[1Gpulling manifest [K
pulling f5c702d8820d:  84% ▕███████████████   ▏  23 GB/ 28 GB   60 MB/s   1m16s[K[?25h[?2026l[?2026h[?25l[A[1Gpulling manifest [K
pulling f5c702d8820d:  84% ▕███████████████   ▏  23 GB/ 28 GB   60 MB/s   1m16s[K[?25h[?2026l[?2026h[?25l[A[1Gpulling manifest [K
pulling f5c702d8820d:  84% ▕███████████████   ▏  23 GB/ 28 GB   60 MB/s   1m16s[K[?25h[?2026l[?2026h[?25l[A[1Gpulling manifest [K
pulling f5c702d8820d:  84% ▕███████████████   ▏  23 GB/ 28 GB   60 MB/s   1m16s[K[?25h[?2026l[?2026h[?25l[A[1Gpulling manifest [K
pulling f5c702d8820d:  84% ▕███████████████   ▏  23 GB/ 28 GB   60 MB/s   1m16s[K[?25h[?2026l[?2026h[?25l[A[1Gpulling manifest [K
pulling f5c702d8820d:  84% ▕███████████████   ▏  23 GB/ 28 GB   60 MB/s   1m16s[K[?25h[?2026l[?2026h[?25l[A[1Gpulling manifest [K
pulling f5c702d8820d:  84% ▕███████████████   ▏  23 GB/ 28 GB   60 MB/s   1m16s[K[?25h[?2026l[?2026h[?25l[A[1Gpulling manifest [K
pulling f5c702d8820d:  84% ▕███████████████   ▏  23 GB/ 28 GB   60 MB/s   1m16s[K[?25h[?2026l[?2026h[?25l[A[1Gpulling manifest [K
pulling f5c702d8820d:  84% ▕███████████████   ▏  23 GB/ 28 GB   60 MB/s   1m16s[K[?25h[?2026l[?2026h[?25l[A[1Gpulling manifest [K
pulling f5c702d8820d:  84% ▕███████████████   ▏  23 GB/ 28 GB   60 MB/s   1m16s[K[?25h[?2026l[?2026h[?25l[A[1Gpulling manifest [K
pulling f5c702d8820d:  84% ▕███████████████   ▏  23 GB/ 28 GB   60 MB/s   1m16s[K[?25h[?2026l[?2026h[?25l[A[1Gpulling manifest [K
pulling f5c702d8820d:  84% ▕███████████████   ▏  23 GB/ 28 GB   60 MB/s   1m15s[K[?25h[?2026l[?2026h[?25l[A[1Gpulling manifest [K
pulling f5c702d8820d:  84% ▕███████████████   ▏  23 GB/ 28 GB   60 MB/s   1m15s[K[?25h[?2026l[?2026h[?25l[A[1Gpulling manifest [K
pulling f5c702d8820d:  84% ▕███████████████   ▏  23 GB/ 28 GB   60 MB/s   1m15s[K[?25h[?2026l[?2026h[?25l[A[1Gpulling manifest [K
pulling f5c702d8820d:  84% ▕███████████████   ▏  23 GB/ 28 GB   60 MB/s   1m15s[K[?25h[?2026l[?2026h[?25l[A[1Gpulling manifest [K
pulling f5c702d8820d:  84% ▕███████████████   ▏  24 GB/ 28 GB   60 MB/s   1m15s[K[?25h[?2026l[?2026h[?25l[A[1Gpulling manifest [K
pulling f5c702d8820d:  84% ▕███████████████   ▏  24 GB/ 28 GB   60 MB/s   1m15s[K[?25h[?2026l[?2026h[?25l[A[1Gpulling manifest [K
pulling f5c702d8820d:  84% ▕███████████████   ▏  24 GB/ 28 GB   60 MB/s   1m15s[K[?25h[?2026l[?2026h[?25l[A[1Gpulling manifest [K
pulling f5c702d8820d:  84% ▕███████████████   ▏  24 GB/ 28 GB   60 MB/s   1m15s[K[?25h[?2026l[?2026h[?25l[A[1Gpulling manifest [K
pulling f5c702d8820d:  84% ▕███████████████   ▏  24 GB/ 28 GB   60 MB/s   1m15s[K[?25h[?2026l[?2026h[?25l[A[1Gpulling manifest [K
pulling f5c702d8820d:  84% ▕███████████████   ▏  24 GB/ 28 GB   60 MB/s   1m14s[K[?25h[?2026l[?2026h[?25l[A[1Gpulling manifest [K
pulling f5c702d8820d:  84% ▕███████████████   ▏  24 GB/ 28 GB   60 MB/s   1m14s[K[?25h[?2026l[?2026h[?25l[A[1Gpulling manifest [K
pulling f5c702d8820d:  84% ▕███████████████   ▏  24 GB/ 28 GB   60 MB/s   1m15s[K[?25h[?2026l[?2026h[?25l[A[1Gpulling manifest [K
pulling f5c702d8820d:  84% ▕███████████████   ▏  24 GB/ 28 GB   60 MB/s   1m14s[K[?25h[?2026l[?2026h[?25l[A[1Gpulling manifest [K
pulling f5c702d8820d:  84% ▕███████████████   ▏  24 GB/ 28 GB   60 MB/s   1m14s[K[?25h[?2026l[?2026h[?25l[A[1Gpulling manifest [K
pulling f5c702d8820d:  84% ▕███████████████   ▏  24 GB/ 28 GB   60 MB/s   1m14s[K[?25h[?2026l[?2026h[?25l[A[1Gpulling manifest [K
pulling f5c702d8820d:  84% ▕███████████████   ▏  24 GB/ 28 GB   60 MB/s   1m14s[K[?25h[?2026l[?2026h[?25l[A[1Gpulling manifest [K
pulling f5c702d8820d:  84% ▕███████████████   ▏  24 GB/ 28 GB   60 MB/s   1m14s[K[?25h[?2026l[?2026h[?25l[A[1Gpulling manifest [K
pulling f5c702d8820d:  84% ▕███████████████   ▏  24 GB/ 28 GB   60 MB/s   1m14s[K[?25h[?2026l[?2026h[?25l[A[1Gpulling manifest [K
pulling f5c702d8820d:  84% ▕███████████████   ▏  24 GB/ 28 GB   60 MB/s   1m14s[K[?25h[?2026l[?2026h[?25l[A[1Gpulling manifest [K
pulling f5c702d8820d:  84% ▕███████████████   ▏  24 GB/ 28 GB   60 MB/s   1m14s[K[?25h[?2026l[?2026h[?25l[A[1Gpulling manifest [K
pulling f5c702d8820d:  84% ▕███████████████   ▏  24 GB/ 28 GB   60 MB/s   1m14s[K[?25h[?2026l[?2026h[?25l[A[1Gpulling manifest [K
pulling f5c702d8820d:  84% ▕███████████████   ▏  24 GB/ 28 GB   62 MB/s   1m11s[K[?25h[?2026l[?2026h[?25l[A[1Gpulling manifest [K
pulling f5c702d8820d:  84% ▕███████████████   ▏  24 GB/ 28 GB   62 MB/s   1m11s[K[?25h[?2026l[?2026h[?25l[A[1Gpulling manifest [K
pulling f5c702d8820d:  84% ▕███████████████   ▏  24 GB/ 28 GB   62 MB/s   1m11s[K[?25h[?2026l[?2026h[?25l[A[1Gpulling manifest [K
pulling f5c702d8820d:  84% ▕███████████████   ▏  24 GB/ 28 GB   62 MB/s   1m11s[K[?25h[?2026l[?2026h[?25l[A[1Gpulling manifest [K
pulling f5c702d8820d:  84% ▕███████████████   ▏  24 GB/ 28 GB   62 MB/s   1m11s[K[?25h[?2026l[?2026h[?25l[A[1Gpulling manifest [K
pulling f5c702d8820d:  84% ▕███████████████   ▏  24 GB/ 28 GB   62 MB/s   1m11s[K[?25h[?2026l[?2026h[?25l[A[1Gpulling manifest [K
pulling f5c702d8820d:  84% ▕███████████████   ▏  24 GB/ 28 GB   62 MB/s   1m11s[K[?25h[?2026l[?2026h[?25l[A[1Gpulling manifest [K
pulling f5c702d8820d:  84% ▕███████████████   ▏  24 GB/ 28 GB   62 MB/s   1m11s[K[?25h[?2026l[?2026h[?25l[A[1Gpulling manifest [K
pulling f5c702d8820d:  84% ▕███████████████   ▏  24 GB/ 28 GB   62 MB/s   1m10s[K[?25h[?2026l[?2026h[?25l[A[1Gpulling manifest [K
pulling f5c702d8820d:  85% ▕███████████████   ▏  24 GB/ 28 GB   62 MB/s   1m10s[K[?25h[?2026l[?2026h[?25l[A[1Gpulling manifest [K
pulling f5c702d8820d:  85% ▕███████████████   ▏  24 GB/ 28 GB   62 MB/s   1m10s[K[?25h[?2026l[?2026h[?25l[A[1Gpulling manifest [K
pulling f5c702d8820d:  85% ▕███████████████   ▏  24 GB/ 28 GB   62 MB/s   1m10s[K[?25h[?2026l[?2026h[?25l[A[1Gpulling manifest [K
pulling f5c702d8820d:  85% ▕███████████████   ▏  24 GB/ 28 GB   62 MB/s   1m10s[K[?25h[?2026l[?2026h[?25l[A[1Gpulling manifest [K
pulling f5c702d8820d:  85% ▕███████████████   ▏  24 GB/ 28 GB   62 MB/s   1m10s[K[?25h[?2026l[?2026h[?25l[A[1Gpulling manifest [K
pulling f5c702d8820d:  85% ▕███████████████   ▏  24 GB/ 28 GB   62 MB/s   1m10s[K[?25h[?2026l[?2026h[?25l[A[1Gpulling manifest [K
pulling f5c702d8820d:  85% ▕███████████████   ▏  24 GB/ 28 GB   62 MB/s   1m10s[K[?25h[?2026l[?2026h[?25l[A[1Gpulling manifest [K
pulling f5c702d8820d:  85% ▕███████████████   ▏  24 GB/ 28 GB   62 MB/s   1m10s[K[?25h[?2026l[?2026h[?25l[A[1Gpulling manifest [K
pulling f5c702d8820d:  85% ▕███████████████   ▏  24 GB/ 28 GB   62 MB/s   1m10s[K[?25h[?2026l[?2026h[?25l[A[1Gpulling manifest [K
pulling f5c702d8820d:  85% ▕███████████████   ▏  24 GB/ 28 GB   62 MB/s   1m10s[K[?25h[?2026l[?2026h[?25l[A[1Gpulling manifest [K
pulling f5c702d8820d:  85% ▕███████████████   ▏  24 GB/ 28 GB   62 MB/s    1m9s[K[?25h[?2026l[?2026h[?25l[A[1Gpulling manifest [K
pulling f5c702d8820d:  85% ▕███████████████   ▏  24 GB/ 28 GB   62 MB/s    1m9s[K[?25h[?2026l[?2026h[?25l[A[1Gpulling manifest [K
pulling f5c702d8820d:  85% ▕███████████████   ▏  24 GB/ 28 GB   62 MB/s    1m9s[K[?25h[?2026l[?2026h[?25l[A[1Gpulling manifest [K
pulling f5c702d8820d:  85% ▕███████████████   ▏  24 GB/ 28 GB   62 MB/s    1m9s[K[?25h[?2026l[?2026h[?25l[A[1Gpulling manifest [K
pulling f5c702d8820d:  85% ▕███████████████   ▏  24 GB/ 28 GB   62 MB/s    1m9s[K[?25h[?2026l[?2026h[?25l[A[1Gpulling manifest [K
pulling f5c702d8820d:  85% ▕███████████████   ▏  24 GB/ 28 GB   62 MB/s    1m9s[K[?25h[?2026l[?2026h[?25l[A[1Gpulling manifest [K
pulling f5c702d8820d:  85% ▕███████████████   ▏  24 GB/ 28 GB   62 MB/s    1m9s[K[?25h[?2026l[?2026h[?25l[A[1Gpulling manifest [K
pulling f5c702d8820d:  85% ▕███████████████   ▏  24 GB/ 28 GB   62 MB/s    1m9s[K[?25h[?2026l[?2026h[?25l[A[1Gpulling manifest [K
pulling f5c702d8820d:  85% ▕███████████████   ▏  24 GB/ 28 GB   62 MB/s    1m9s[K[?25h[?2026l[?2026h[?25l[A[1Gpulling manifest [K
pulling f5c702d8820d:  85% ▕███████████████   ▏  24 GB/ 28 GB   62 MB/s    1m9s[K[?25h[?2026l[?2026h[?25l[A[1Gpulling manifest [K
pulling f5c702d8820d:  85% ▕███████████████   ▏  24 GB/ 28 GB   62 MB/s    1m8s[K[?25h[?2026l[?2026h[?25l[A[1Gpulling manifest [K
pulling f5c702d8820d:  85% ▕███████████████   ▏  24 GB/ 28 GB   62 MB/s    1m8s[K[?25h[?2026l[?2026h[?25l[A[1Gpulling manifest [K
pulling f5c702d8820d:  85% ▕███████████████   ▏  24 GB/ 28 GB   62 MB/s    1m8s[K[?25h[?2026l[?2026h[?25l[A[1Gpulling manifest [K
pulling f5c702d8820d:  85% ▕███████████████   ▏  24 GB/ 28 GB   62 MB/s    1m8s[K[?25h[?2026l[?2026h[?25l[A[1Gpulling manifest [K
pulling f5c702d8820d:  85% ▕███████████████   ▏  24 GB/ 28 GB   62 MB/s    1m8s[K[?25h[?2026l[?2026h[?25l[A[1Gpulling manifest [K
pulling f5c702d8820d:  85% ▕███████████████   ▏  24 GB/ 28 GB   62 MB/s    1m8s[K[?25h[?2026l[?2026h[?25l[A[1Gpulling manifest [K
pulling f5c702d8820d:  85% ▕███████████████   ▏  24 GB/ 28 GB   62 MB/s    1m8s[K[?25h[?2026l[?2026h[?25l[A[1Gpulling manifest [K
pulling f5c702d8820d:  85% ▕███████████████   ▏  24 GB/ 28 GB   62 MB/s    1m8s[K[?25h[?2026l[?2026h[?25l[A[1Gpulling manifest [K
pulling f5c702d8820d:  85% ▕███████████████   ▏  24 GB/ 28 GB   62 MB/s    1m8s[K[?25h[?2026l[?2026h[?25l[A[1Gpulling manifest [K
pulling f5c702d8820d:  85% ▕███████████████   ▏  24 GB/ 28 GB   62 MB/s    1m8s[K[?25h[?2026l[?2026h[?25l[A[1Gpulling manifest [K
pulling f5c702d8820d:  85% ▕███████████████   ▏  24 GB/ 28 GB   62 MB/s    1m7s[K[?25h[?2026l[?2026h[?25l[A[1Gpulling manifest [K
pulling f5c702d8820d:  85% ▕███████████████   ▏  24 GB/ 28 GB   62 MB/s    1m7s[K[?25h[?2026l[?2026h[?25l[A[1Gpulling manifest [K
pulling f5c702d8820d:  85% ▕███████████████   ▏  24 GB/ 28 GB   62 MB/s    1m7s[K[?25h[?2026l[?2026h[?25l[A[1Gpulling manifest [K
pulling f5c702d8820d:  85% ▕███████████████   ▏  24 GB/ 28 GB   62 MB/s    1m7s[K[?25h[?2026l[?2026h[?25l[A[1Gpulling manifest [K
pulling f5c702d8820d:  85% ▕███████████████   ▏  24 GB/ 28 GB   62 MB/s    1m7s[K[?25h[?2026l[?2026h[?25l[A[1Gpulling manifest [K
pulling f5c702d8820d:  85% ▕███████████████   ▏  24 GB/ 28 GB   62 MB/s    1m7s[K[?25h[?2026l[?2026h[?25l[A[1Gpulling manifest [K
pulling f5c702d8820d:  85% ▕███████████████   ▏  24 GB/ 28 GB   62 MB/s    1m7s[K[?25h[?2026l[?2026h[?25l[A[1Gpulling manifest [K
pulling f5c702d8820d:  85% ▕███████████████   ▏  24 GB/ 28 GB   62 MB/s    1m7s[K[?25h[?2026l[?2026h[?25l[A[1Gpulling manifest [K
pulling f5c702d8820d:  85% ▕███████████████   ▏  24 GB/ 28 GB   62 MB/s    1m7s[K[?25h[?2026l[?2026h[?25l[A[1Gpulling manifest [K
pulling f5c702d8820d:  85% ▕███████████████   ▏  24 GB/ 28 GB   62 MB/s    1m7s[K[?25h[?2026l[?2026h[?25l[A[1Gpulling manifest [K
pulling f5c702d8820d:  85% ▕███████████████   ▏  24 GB/ 28 GB   62 MB/s    1m7s[K[?25h[?2026l[?2026h[?25l[A[1Gpulling manifest [K
pulling f5c702d8820d:  85% ▕███████████████   ▏  24 GB/ 28 GB   62 MB/s    1m6s[K[?25h[?2026l[?2026h[?25l[A[1Gpulling manifest [K
pulling f5c702d8820d:  85% ▕███████████████   ▏  24 GB/ 28 GB   62 MB/s    1m7s[K[?25h[?2026l[?2026h[?25l[A[1Gpulling manifest [K
pulling f5c702d8820d:  85% ▕███████████████   ▏  24 GB/ 28 GB   62 MB/s    1m7s[K[?25h[?2026l[?2026h[?25l[A[1Gpulling manifest [K
pulling f5c702d8820d:  85% ▕███████████████   ▏  24 GB/ 28 GB   62 MB/s    1m7s[K[?25h[?2026l[?2026h[?25l[A[1Gpulling manifest [K
pulling f5c702d8820d:  85% ▕███████████████   ▏  24 GB/ 28 GB   62 MB/s    1m7s[K[?25h[?2026l[?2026h[?25l[A[1Gpulling manifest [K
pulling f5c702d8820d:  85% ▕███████████████   ▏  24 GB/ 28 GB   62 MB/s    1m7s[K[?25h[?2026l[?2026h[?25l[A[1Gpulling manifest [K
pulling f5c702d8820d:  85% ▕███████████████   ▏  24 GB/ 28 GB   62 MB/s    1m6s[K[?25h[?2026l[?2026h[?25l[A[1Gpulling manifest [K
pulling f5c702d8820d:  86% ▕███████████████   ▏  24 GB/ 28 GB   62 MB/s    1m6s[K[?25h[?2026l[?2026h[?25l[A[1Gpulling manifest [K
pulling f5c702d8820d:  86% ▕███████████████   ▏  24 GB/ 28 GB   62 MB/s    1m6s[K[?25h[?2026l[?2026h[?25l[A[1Gpulling manifest [K
pulling f5c702d8820d:  86% ▕███████████████   ▏  24 GB/ 28 GB   62 MB/s    1m6s[K[?25h[?2026l[?2026h[?25l[A[1Gpulling manifest [K
pulling f5c702d8820d:  86% ▕███████████████   ▏  24 GB/ 28 GB   62 MB/s    1m6s[K[?25h[?2026l[?2026h[?25l[A[1Gpulling manifest [K
pulling f5c702d8820d:  86% ▕███████████████   ▏  24 GB/ 28 GB   62 MB/s    1m6s[K[?25h[?2026l[?2026h[?25l[A[1Gpulling manifest [K
pulling f5c702d8820d:  86% ▕███████████████   ▏  24 GB/ 28 GB   62 MB/s    1m6s[K[?25h[?2026l[?2026h[?25l[A[1Gpulling manifest [K
pulling f5c702d8820d:  86% ▕███████████████   ▏  24 GB/ 28 GB   62 MB/s    1m6s[K[?25h[?2026l[?2026h[?25l[A[1Gpulling manifest [K
pulling f5c702d8820d:  86% ▕███████████████   ▏  24 GB/ 28 GB   62 MB/s    1m6s[K[?25h[?2026l[?2026h[?25l[A[1Gpulling manifest [K
pulling f5c702d8820d:  86% ▕███████████████   ▏  24 GB/ 28 GB   62 MB/s    1m5s[K[?25h[?2026l[?2026h[?25l[A[1Gpulling manifest [K
pulling f5c702d8820d:  86% ▕███████████████   ▏  24 GB/ 28 GB   62 MB/s    1m5s[K[?25h[?2026l[?2026h[?25l[A[1Gpulling manifest [K
pulling f5c702d8820d:  86% ▕███████████████   ▏  24 GB/ 28 GB   62 MB/s    1m5s[K[?25h[?2026l[?2026h[?25l[A[1Gpulling manifest [K
pulling f5c702d8820d:  86% ▕███████████████   ▏  24 GB/ 28 GB   62 MB/s    1m5s[K[?25h[?2026l[?2026h[?25l[A[1Gpulling manifest [K
pulling f5c702d8820d:  86% ▕███████████████   ▏  24 GB/ 28 GB   62 MB/s    1m5s[K[?25h[?2026l[?2026h[?25l[A[1Gpulling manifest [K
pulling f5c702d8820d:  86% ▕███████████████   ▏  24 GB/ 28 GB   62 MB/s    1m5s[K[?25h[?2026l[?2026h[?25l[A[1Gpulling manifest [K
pulling f5c702d8820d:  86% ▕███████████████   ▏  24 GB/ 28 GB   61 MB/s    1m5s[K[?25h[?2026l[?2026h[?25l[A[1Gpulling manifest [K
pulling f5c702d8820d:  86% ▕███████████████   ▏  24 GB/ 28 GB   61 MB/s    1m5s[K[?25h[?2026l[?2026h[?25l[A[1Gpulling manifest [K
pulling f5c702d8820d:  86% ▕███████████████   ▏  24 GB/ 28 GB   61 MB/s    1m5s[K[?25h[?2026l[?2026h[?25l[A[1Gpulling manifest [K
pulling f5c702d8820d:  86% ▕███████████████   ▏  24 GB/ 28 GB   61 MB/s    1m5s[K[?25h[?2026l[?2026h[?25l[A[1Gpulling manifest [K
pulling f5c702d8820d:  86% ▕███████████████   ▏  24 GB/ 28 GB   61 MB/s    1m5s[K[?25h[?2026l[?2026h[?25l[A[1Gpulling manifest [K
pulling f5c702d8820d:  86% ▕███████████████   ▏  24 GB/ 28 GB   61 MB/s    1m5s[K[?25h[?2026l[?2026h[?25l[A[1Gpulling manifest [K
pulling f5c702d8820d:  86% ▕███████████████   ▏  24 GB/ 28 GB   61 MB/s    1m5s[K[?25h[?2026l[?2026h[?25l[A[1Gpulling manifest [K
pulling f5c702d8820d:  86% ▕███████████████   ▏  24 GB/ 28 GB   61 MB/s    1m5s[K[?25h[?2026l[?2026h[?25l[A[1Gpulling manifest [K
pulling f5c702d8820d:  86% ▕███████████████   ▏  24 GB/ 28 GB   61 MB/s    1m5s[K[?25h[?2026l[?2026h[?25l[A[1Gpulling manifest [K
pulling f5c702d8820d:  86% ▕███████████████   ▏  24 GB/ 28 GB   61 MB/s    1m5s[K[?25h[?2026l[?2026h[?25l[A[1Gpulling manifest [K
pulling f5c702d8820d:  86% ▕███████████████   ▏  24 GB/ 28 GB   61 MB/s    1m4s[K[?25h[?2026l[?2026h[?25l[A[1Gpulling manifest [K
pulling f5c702d8820d:  86% ▕███████████████   ▏  24 GB/ 28 GB   61 MB/s    1m4s[K[?25h[?2026l[?2026h[?25l[A[1Gpulling manifest [K
pulling f5c702d8820d:  86% ▕███████████████   ▏  24 GB/ 28 GB   61 MB/s    1m4s[K[?25h[?2026l[?2026h[?25l[A[1Gpulling manifest [K
pulling f5c702d8820d:  86% ▕███████████████   ▏  24 GB/ 28 GB   61 MB/s    1m4s[K[?25h[?2026l[?2026h[?25l[A[1Gpulling manifest [K
pulling f5c702d8820d:  86% ▕███████████████   ▏  24 GB/ 28 GB   61 MB/s    1m4s[K[?25h[?2026l[?2026h[?25l[A[1Gpulling manifest [K
pulling f5c702d8820d:  86% ▕███████████████   ▏  24 GB/ 28 GB   61 MB/s    1m4s[K[?25h[?2026l[?2026h[?25l[A[1Gpulling manifest [K
pulling f5c702d8820d:  86% ▕███████████████   ▏  24 GB/ 28 GB   61 MB/s    1m4s[K[?25h[?2026l[?2026h[?25l[A[1Gpulling manifest [K
pulling f5c702d8820d:  86% ▕███████████████   ▏  24 GB/ 28 GB   61 MB/s    1m4s[K[?25h[?2026l[?2026h[?25l[A[1Gpulling manifest [K
pulling f5c702d8820d:  86% ▕███████████████   ▏  24 GB/ 28 GB   61 MB/s    1m4s[K[?25h[?2026l[?2026h[?25l[A[1Gpulling manifest [K
pulling f5c702d8820d:  86% ▕███████████████   ▏  24 GB/ 28 GB   61 MB/s    1m3s[K[?25h[?2026l[?2026h[?25l[A[1Gpulling manifest [K
pulling f5c702d8820d:  86% ▕███████████████   ▏  24 GB/ 28 GB   61 MB/s    1m3s[K[?25h[?2026l[?2026h[?25l[A[1Gpulling manifest [K
pulling f5c702d8820d:  86% ▕███████████████   ▏  24 GB/ 28 GB   61 MB/s    1m4s[K[?25h[?2026l[?2026h[?25l[A[1Gpulling manifest [K
pulling f5c702d8820d:  86% ▕███████████████   ▏  24 GB/ 28 GB   61 MB/s    1m4s[K[?25h[?2026l[?2026h[?25l[A[1Gpulling manifest [K
pulling f5c702d8820d:  86% ▕███████████████   ▏  24 GB/ 28 GB   61 MB/s    1m4s[K[?25h[?2026l[?2026h[?25l[A[1Gpulling manifest [K
pulling f5c702d8820d:  86% ▕███████████████   ▏  24 GB/ 28 GB   61 MB/s    1m4s[K[?25h[?2026l[?2026h[?25l[A[1Gpulling manifest [K
pulling f5c702d8820d:  86% ▕███████████████   ▏  24 GB/ 28 GB   61 MB/s    1m4s[K[?25h[?2026l[?2026h[?25l[A[1Gpulling manifest [K
pulling f5c702d8820d:  86% ▕███████████████   ▏  24 GB/ 28 GB   61 MB/s    1m3s[K[?25h[?2026l[?2026h[?25l[A[1Gpulling manifest [K
pulling f5c702d8820d:  86% ▕███████████████   ▏  24 GB/ 28 GB   61 MB/s    1m3s[K[?25h[?2026l[?2026h[?25l[A[1Gpulling manifest [K
pulling f5c702d8820d:  86% ▕███████████████   ▏  24 GB/ 28 GB   61 MB/s    1m3s[K[?25h[?2026l[?2026h[?25l[A[1Gpulling manifest [K
pulling f5c702d8820d:  86% ▕███████████████   ▏  24 GB/ 28 GB   61 MB/s    1m3s[K[?25h[?2026l[?2026h[?25l[A[1Gpulling manifest [K
pulling f5c702d8820d:  86% ▕███████████████   ▏  24 GB/ 28 GB   61 MB/s    1m3s[K[?25h[?2026l[?2026h[?25l[A[1Gpulling manifest [K
pulling f5c702d8820d:  86% ▕███████████████   ▏  24 GB/ 28 GB   61 MB/s    1m3s[K[?25h[?2026l[?2026h[?25l[A[1Gpulling manifest [K
pulling f5c702d8820d:  86% ▕███████████████   ▏  24 GB/ 28 GB   61 MB/s    1m3s[K[?25h[?2026l[?2026h[?25l[A[1Gpulling manifest [K
pulling f5c702d8820d:  87% ▕███████████████   ▏  24 GB/ 28 GB   61 MB/s    1m3s[K[?25h[?2026l[?2026h[?25l[A[1Gpulling manifest [K
pulling f5c702d8820d:  87% ▕███████████████   ▏  24 GB/ 28 GB   61 MB/s    1m2s[K[?25h[?2026l[?2026h[?25l[A[1Gpulling manifest [K
pulling f5c702d8820d:  87% ▕███████████████   ▏  24 GB/ 28 GB   61 MB/s    1m2s[K[?25h[?2026l[?2026h[?25l[A[1Gpulling manifest [K
pulling f5c702d8820d:  87% ▕███████████████   ▏  24 GB/ 28 GB   61 MB/s    1m2s[K[?25h[?2026l[?2026h[?25l[A[1Gpulling manifest [K
pulling f5c702d8820d:  87% ▕███████████████   ▏  24 GB/ 28 GB   61 MB/s    1m2s[K[?25h[?2026l[?2026h[?25l[A[1Gpulling manifest [K
pulling f5c702d8820d:  87% ▕███████████████   ▏  24 GB/ 28 GB   61 MB/s    1m2s[K[?25h[?2026l[?2026h[?25l[A[1Gpulling manifest [K
pulling f5c702d8820d:  87% ▕███████████████   ▏  24 GB/ 28 GB   61 MB/s    1m2s[K[?25h[?2026l[?2026h[?25l[A[1Gpulling manifest [K
pulling f5c702d8820d:  87% ▕███████████████   ▏  24 GB/ 28 GB   61 MB/s    1m2s[K[?25h[?2026l[?2026h[?25l[A[1Gpulling manifest [K
pulling f5c702d8820d:  87% ▕███████████████   ▏  24 GB/ 28 GB   61 MB/s    1m2s[K[?25h[?2026l[?2026h[?25l[A[1Gpulling manifest [K
pulling f5c702d8820d:  87% ▕███████████████   ▏  24 GB/ 28 GB   61 MB/s    1m2s[K[?25h[?2026l[?2026h[?25l[A[1Gpulling manifest [K
pulling f5c702d8820d:  87% ▕███████████████   ▏  24 GB/ 28 GB   61 MB/s    1m2s[K[?25h[?2026l[?2026h[?25l[A[1Gpulling manifest [K
pulling f5c702d8820d:  87% ▕███████████████   ▏  24 GB/ 28 GB   61 MB/s    1m2s[K[?25h[?2026l[?2026h[?25l[A[1Gpulling manifest [K
pulling f5c702d8820d:  87% ▕███████████████   ▏  24 GB/ 28 GB   61 MB/s    1m2s[K[?25h[?2026l[?2026h[?25l[A[1Gpulling manifest [K
pulling f5c702d8820d:  87% ▕███████████████   ▏  24 GB/ 28 GB   61 MB/s    1m1s[K[?25h[?2026l[?2026h[?25l[A[1Gpulling manifest [K
pulling f5c702d8820d:  87% ▕███████████████   ▏  24 GB/ 28 GB   61 MB/s    1m1s[K[?25h[?2026l[?2026h[?25l[A[1Gpulling manifest [K
pulling f5c702d8820d:  87% ▕███████████████   ▏  24 GB/ 28 GB   61 MB/s    1m1s[K[?25h[?2026l[?2026h[?25l[A[1Gpulling manifest [K
pulling f5c702d8820d:  87% ▕███████████████   ▏  24 GB/ 28 GB   61 MB/s    1m1s[K[?25h[?2026l[?2026h[?25l[A[1Gpulling manifest [K
pulling f5c702d8820d:  87% ▕███████████████   ▏  24 GB/ 28 GB   61 MB/s    1m1s[K[?25h[?2026l[?2026h[?25l[A[1Gpulling manifest [K
pulling f5c702d8820d:  87% ▕███████████████   ▏  24 GB/ 28 GB   61 MB/s    1m0s[K[?25h[?2026l[?2026h[?25l[A[1Gpulling manifest [K
pulling f5c702d8820d:  87% ▕███████████████   ▏  24 GB/ 28 GB   61 MB/s    1m0s[K[?25h[?2026l[?2026h[?25l[A[1Gpulling manifest [K
pulling f5c702d8820d:  87% ▕███████████████   ▏  24 GB/ 28 GB   61 MB/s    1m0s[K[?25h[?2026l[?2026h[?25l[A[1Gpulling manifest [K
pulling f5c702d8820d:  87% ▕███████████████   ▏  24 GB/ 28 GB   61 MB/s    1m0s[K[?25h[?2026l[?2026h[?25l[A[1Gpulling manifest [K
pulling f5c702d8820d:  87% ▕███████████████   ▏  24 GB/ 28 GB   61 MB/s    1m0s[K[?25h[?2026l[?2026h[?25l[A[1Gpulling manifest [K
pulling f5c702d8820d:  87% ▕███████████████   ▏  24 GB/ 28 GB   61 MB/s    1m0s[K[?25h[?2026l[?2026h[?25l[A[1Gpulling manifest [K
pulling f5c702d8820d:  87% ▕███████████████   ▏  24 GB/ 28 GB   61 MB/s    1m0s[K[?25h[?2026l[?2026h[?25l[A[1Gpulling manifest [K
pulling f5c702d8820d:  87% ▕███████████████   ▏  24 GB/ 28 GB   61 MB/s    1m0s[K[?25h[?2026l[?2026h[?25l[A[1Gpulling manifest [K
pulling f5c702d8820d:  87% ▕███████████████   ▏  24 GB/ 28 GB   61 MB/s    1m0s[K[?25h[?2026l[?2026h[?25l[A[1Gpulling manifest [K
pulling f5c702d8820d:  87% ▕███████████████   ▏  24 GB/ 28 GB   61 MB/s     59s[K[?25h[?2026l[?2026h[?25l[A[1Gpulling manifest [K
pulling f5c702d8820d:  87% ▕███████████████   ▏  24 GB/ 28 GB   61 MB/s     59s[K[?25h[?2026l[?2026h[?25l[A[1Gpulling manifest [K
pulling f5c702d8820d:  87% ▕███████████████   ▏  24 GB/ 28 GB   61 MB/s     59s[K[?25h[?2026l[?2026h[?25l[A[1Gpulling manifest [K
pulling f5c702d8820d:  87% ▕███████████████   ▏  24 GB/ 28 GB   61 MB/s     59s[K[?25h[?2026l[?2026h[?25l[A[1Gpulling manifest [K
pulling f5c702d8820d:  87% ▕███████████████   ▏  24 GB/ 28 GB   61 MB/s     59s[K[?25h[?2026l[?2026h[?25l[A[1Gpulling manifest [K
pulling f5c702d8820d:  87% ▕███████████████   ▏  24 GB/ 28 GB   61 MB/s     59s[K[?25h[?2026l[?2026h[?25l[A[1Gpulling manifest [K
pulling f5c702d8820d:  87% ▕███████████████   ▏  24 GB/ 28 GB   61 MB/s     59s[K[?25h[?2026l[?2026h[?25l[A[1Gpulling manifest [K
pulling f5c702d8820d:  87% ▕███████████████   ▏  24 GB/ 28 GB   61 MB/s     59s[K[?25h[?2026l[?2026h[?25l[A[1Gpulling manifest [K
pulling f5c702d8820d:  87% ▕███████████████   ▏  24 GB/ 28 GB   61 MB/s     59s[K[?25h[?2026l[?2026h[?25l[A[1Gpulling manifest [K
pulling f5c702d8820d:  87% ▕███████████████   ▏  24 GB/ 28 GB   61 MB/s     58s[K[?25h[?2026l[?2026h[?25l[A[1Gpulling manifest [K
pulling f5c702d8820d:  87% ▕███████████████   ▏  24 GB/ 28 GB   61 MB/s     58s[K[?25h[?2026l[?2026h[?25l[A[1Gpulling manifest [K
pulling f5c702d8820d:  87% ▕███████████████   ▏  24 GB/ 28 GB   61 MB/s     58s[K[?25h[?2026l[?2026h[?25l[A[1Gpulling manifest [K
pulling f5c702d8820d:  87% ▕███████████████   ▏  24 GB/ 28 GB   62 MB/s     58s[K[?25h[?2026l[?2026h[?25l[A[1Gpulling manifest [K
pulling f5c702d8820d:  87% ▕███████████████   ▏  24 GB/ 28 GB   62 MB/s     58s[K[?25h[?2026l[?2026h[?25l[A[1Gpulling manifest [K
pulling f5c702d8820d:  87% ▕███████████████   ▏  24 GB/ 28 GB   62 MB/s     58s[K[?25h[?2026l[?2026h[?25l[A[1Gpulling manifest [K
pulling f5c702d8820d:  87% ▕███████████████   ▏  24 GB/ 28 GB   62 MB/s     58s[K[?25h[?2026l[?2026h[?25l[A[1Gpulling manifest [K
pulling f5c702d8820d:  87% ▕███████████████   ▏  24 GB/ 28 GB   62 MB/s     58s[K[?25h[?2026l[?2026h[?25l[A[1Gpulling manifest [K
pulling f5c702d8820d:  87% ▕███████████████   ▏  24 GB/ 28 GB   62 MB/s     58s[K[?25h[?2026l[?2026h[?25l[A[1Gpulling manifest [K
pulling f5c702d8820d:  87% ▕███████████████   ▏  24 GB/ 28 GB   62 MB/s     58s[K[?25h[?2026l[?2026h[?25l[A[1Gpulling manifest [K
pulling f5c702d8820d:  87% ▕███████████████   ▏  25 GB/ 28 GB   62 MB/s     57s[K[?25h[?2026l[?2026h[?25l[A[1Gpulling manifest [K
pulling f5c702d8820d:  87% ▕███████████████   ▏  25 GB/ 28 GB   62 MB/s     57s[K[?25h[?2026l[?2026h[?25l[A[1Gpulling manifest [K
pulling f5c702d8820d:  87% ▕███████████████   ▏  25 GB/ 28 GB   62 MB/s     57s[K[?25h[?2026l[?2026h[?25l[A[1Gpulling manifest [K
pulling f5c702d8820d:  88% ▕███████████████   ▏  25 GB/ 28 GB   60 MB/s     59s[K[?25h[?2026l[?2026h[?25l[A[1Gpulling manifest [K
pulling f5c702d8820d:  88% ▕███████████████   ▏  25 GB/ 28 GB   60 MB/s     59s[K[?25h[?2026l[?2026h[?25l[A[1Gpulling manifest [K
pulling f5c702d8820d:  88% ▕███████████████   ▏  25 GB/ 28 GB   60 MB/s     59s[K[?25h[?2026l[?2026h[?25l[A[1Gpulling manifest [K
pulling f5c702d8820d:  88% ▕███████████████   ▏  25 GB/ 28 GB   60 MB/s     59s[K[?25h[?2026l[?2026h[?25l[A[1Gpulling manifest [K
pulling f5c702d8820d:  88% ▕███████████████   ▏  25 GB/ 28 GB   60 MB/s     59s[K[?25h[?2026l[?2026h[?25l[A[1Gpulling manifest [K
pulling f5c702d8820d:  88% ▕███████████████   ▏  25 GB/ 28 GB   60 MB/s     58s[K[?25h[?2026l[?2026h[?25l[A[1Gpulling manifest [K
pulling f5c702d8820d:  88% ▕███████████████   ▏  25 GB/ 28 GB   60 MB/s     58s[K[?25h[?2026l[?2026h[?25l[A[1Gpulling manifest [K
pulling f5c702d8820d:  88% ▕███████████████   ▏  25 GB/ 28 GB   60 MB/s     58s[K[?25h[?2026l[?2026h[?25l[A[1Gpulling manifest [K
pulling f5c702d8820d:  88% ▕███████████████   ▏  25 GB/ 28 GB   60 MB/s     58s[K[?25h[?2026l[?2026h[?25l[A[1Gpulling manifest [K
pulling f5c702d8820d:  88% ▕███████████████   ▏  25 GB/ 28 GB   60 MB/s     58s[K[?25h[?2026l[?2026h[?25l[A[1Gpulling manifest [K
pulling f5c702d8820d:  88% ▕███████████████   ▏  25 GB/ 28 GB   60 MB/s     57s[K[?25h[?2026l[?2026h[?25l[A[1Gpulling manifest [K
pulling f5c702d8820d:  88% ▕███████████████   ▏  25 GB/ 28 GB   60 MB/s     57s[K[?25h[?2026l[?2026h[?25l[A[1Gpulling manifest [K
pulling f5c702d8820d:  88% ▕███████████████   ▏  25 GB/ 28 GB   60 MB/s     57s[K[?25h[?2026l[?2026h[?25l[A[1Gpulling manifest [K
pulling f5c702d8820d:  88% ▕███████████████   ▏  25 GB/ 28 GB   60 MB/s     57s[K[?25h[?2026l[?2026h[?25l[A[1Gpulling manifest [K
pulling f5c702d8820d:  88% ▕███████████████   ▏  25 GB/ 28 GB   60 MB/s     57s[K[?25h[?2026l[?2026h[?25l[A[1Gpulling manifest [K
pulling f5c702d8820d:  88% ▕███████████████   ▏  25 GB/ 28 GB   60 MB/s     57s[K[?25h[?2026l[?2026h[?25l[A[1Gpulling manifest [K
pulling f5c702d8820d:  88% ▕███████████████   ▏  25 GB/ 28 GB   60 MB/s     57s[K[?25h[?2026l[?2026h[?25l[A[1Gpulling manifest [K
pulling f5c702d8820d:  88% ▕███████████████   ▏  25 GB/ 28 GB   60 MB/s     57s[K[?25h[?2026l[?2026h[?25l[A[1Gpulling manifest [K
pulling f5c702d8820d:  88% ▕███████████████   ▏  25 GB/ 28 GB   60 MB/s     57s[K[?25h[?2026l[?2026h[?25l[A[1Gpulling manifest [K
pulling f5c702d8820d:  88% ▕███████████████   ▏  25 GB/ 28 GB   60 MB/s     57s[K[?25h[?2026l[?2026h[?25l[A[1Gpulling manifest [K
pulling f5c702d8820d:  88% ▕███████████████   ▏  25 GB/ 28 GB   60 MB/s     57s[K[?25h[?2026l[?2026h[?25l[A[1Gpulling manifest [K
pulling f5c702d8820d:  88% ▕███████████████   ▏  25 GB/ 28 GB   60 MB/s     57s[K[?25h[?2026l[?2026h[?25l[A[1Gpulling manifest [K
pulling f5c702d8820d:  88% ▕███████████████   ▏  25 GB/ 28 GB   60 MB/s     57s[K[?25h[?2026l[?2026h[?25l[A[1Gpulling manifest [K
pulling f5c702d8820d:  88% ▕███████████████   ▏  25 GB/ 28 GB   60 MB/s     57s[K[?25h[?2026l[?2026h[?25l[A[1Gpulling manifest [K
pulling f5c702d8820d:  88% ▕███████████████   ▏  25 GB/ 28 GB   60 MB/s     57s[K[?25h[?2026l[?2026h[?25l[A[1Gpulling manifest [K
pulling f5c702d8820d:  88% ▕███████████████   ▏  25 GB/ 28 GB   60 MB/s     56s[K[?25h[?2026l[?2026h[?25l[A[1Gpulling manifest [K
pulling f5c702d8820d:  88% ▕███████████████   ▏  25 GB/ 28 GB   60 MB/s     56s[K[?25h[?2026l[?2026h[?25l[A[1Gpulling manifest [K
pulling f5c702d8820d:  88% ▕███████████████   ▏  25 GB/ 28 GB   60 MB/s     56s[K[?25h[?2026l[?2026h[?25l[A[1Gpulling manifest [K
pulling f5c702d8820d:  88% ▕███████████████   ▏  25 GB/ 28 GB   60 MB/s     56s[K[?25h[?2026l[?2026h[?25l[A[1Gpulling manifest [K
pulling f5c702d8820d:  88% ▕███████████████   ▏  25 GB/ 28 GB   60 MB/s     56s[K[?25h[?2026l[?2026h[?25l[A[1Gpulling manifest [K
pulling f5c702d8820d:  88% ▕███████████████   ▏  25 GB/ 28 GB   60 MB/s     55s[K[?25h[?2026l[?2026h[?25l[A[1Gpulling manifest [K
pulling f5c702d8820d:  88% ▕███████████████   ▏  25 GB/ 28 GB   60 MB/s     55s[K[?25h[?2026l[?2026h[?25l[A[1Gpulling manifest [K
pulling f5c702d8820d:  88% ▕███████████████   ▏  25 GB/ 28 GB   60 MB/s     55s[K[?25h[?2026l[?2026h[?25l[A[1Gpulling manifest [K
pulling f5c702d8820d:  88% ▕███████████████   ▏  25 GB/ 28 GB   60 MB/s     55s[K[?25h[?2026l[?2026h[?25l[A[1Gpulling manifest [K
pulling f5c702d8820d:  88% ▕███████████████   ▏  25 GB/ 28 GB   60 MB/s     55s[K[?25h[?2026l[?2026h[?25l[A[1Gpulling manifest [K
pulling f5c702d8820d:  88% ▕███████████████   ▏  25 GB/ 28 GB   60 MB/s     55s[K[?25h[?2026l[?2026h[?25l[A[1Gpulling manifest [K
pulling f5c702d8820d:  88% ▕███████████████   ▏  25 GB/ 28 GB   60 MB/s     55s[K[?25h[?2026l[?2026h[?25l[A[1Gpulling manifest [K
pulling f5c702d8820d:  88% ▕███████████████   ▏  25 GB/ 28 GB   60 MB/s     55s[K[?25h[?2026l[?2026h[?25l[A[1Gpulling manifest [K
pulling f5c702d8820d:  88% ▕███████████████   ▏  25 GB/ 28 GB   60 MB/s     54s[K[?25h[?2026l[?2026h[?25l[A[1Gpulling manifest [K
pulling f5c702d8820d:  88% ▕███████████████   ▏  25 GB/ 28 GB   60 MB/s     54s[K[?25h[?2026l[?2026h[?25l[A[1Gpulling manifest [K
pulling f5c702d8820d:  88% ▕███████████████   ▏  25 GB/ 28 GB   60 MB/s     54s[K[?25h[?2026l[?2026h[?25l[A[1Gpulling manifest [K
pulling f5c702d8820d:  88% ▕███████████████   ▏  25 GB/ 28 GB   60 MB/s     54s[K[?25h[?2026l[?2026h[?25l[A[1Gpulling manifest [K
pulling f5c702d8820d:  88% ▕███████████████   ▏  25 GB/ 28 GB   60 MB/s     54s[K[?25h[?2026l[?2026h[?25l[A[1Gpulling manifest [K
pulling f5c702d8820d:  88% ▕███████████████   ▏  25 GB/ 28 GB   60 MB/s     54s[K[?25h[?2026l[?2026h[?25l[A[1Gpulling manifest [K
pulling f5c702d8820d:  88% ▕███████████████   ▏  25 GB/ 28 GB   60 MB/s     54s[K[?25h[?2026l[?2026h[?25l[A[1Gpulling manifest [K
pulling f5c702d8820d:  88% ▕███████████████   ▏  25 GB/ 28 GB   60 MB/s     54s[K[?25h[?2026l[?2026h[?25l[A[1Gpulling manifest [K
pulling f5c702d8820d:  88% ▕███████████████   ▏  25 GB/ 28 GB   60 MB/s     54s[K[?25h[?2026l[?2026h[?25l[A[1Gpulling manifest [K
pulling f5c702d8820d:  89% ▕███████████████   ▏  25 GB/ 28 GB   60 MB/s     54s[K[?25h[?2026l[?2026h[?25l[A[1Gpulling manifest [K
pulling f5c702d8820d:  89% ▕███████████████   ▏  25 GB/ 28 GB   60 MB/s     54s[K[?25h[?2026l[?2026h[?25l[A[1Gpulling manifest [K
pulling f5c702d8820d:  89% ▕███████████████   ▏  25 GB/ 28 GB   60 MB/s     53s[K[?25h[?2026l[?2026h[?25l[A[1Gpulling manifest [K
pulling f5c702d8820d:  89% ▕███████████████   ▏  25 GB/ 28 GB   60 MB/s     53s[K[?25h[?2026l[?2026h[?25l[A[1Gpulling manifest [K
pulling f5c702d8820d:  89% ▕███████████████   ▏  25 GB/ 28 GB   60 MB/s     53s[K[?25h[?2026l[?2026h[?25l[A[1Gpulling manifest [K
pulling f5c702d8820d:  89% ▕███████████████   ▏  25 GB/ 28 GB   60 MB/s     53s[K[?25h[?2026l[?2026h[?25l[A[1Gpulling manifest [K
pulling f5c702d8820d:  89% ▕███████████████   ▏  25 GB/ 28 GB   60 MB/s     53s[K[?25h[?2026l[?2026h[?25l[A[1Gpulling manifest [K
pulling f5c702d8820d:  89% ▕███████████████   ▏  25 GB/ 28 GB   60 MB/s     53s[K[?25h[?2026l[?2026h[?25l[A[1Gpulling manifest [K
pulling f5c702d8820d:  89% ▕███████████████   ▏  25 GB/ 28 GB   60 MB/s     53s[K[?25h[?2026l[?2026h[?25l[A[1Gpulling manifest [K
pulling f5c702d8820d:  89% ▕███████████████   ▏  25 GB/ 28 GB   60 MB/s     53s[K[?25h[?2026l[?2026h[?25l[A[1Gpulling manifest [K
pulling f5c702d8820d:  89% ▕███████████████   ▏  25 GB/ 28 GB   60 MB/s     52s[K[?25h[?2026l[?2026h[?25l[A[1Gpulling manifest [K
pulling f5c702d8820d:  89% ▕███████████████   ▏  25 GB/ 28 GB   60 MB/s     52s[K[?25h[?2026l[?2026h[?25l[A[1Gpulling manifest [K
pulling f5c702d8820d:  89% ▕███████████████   ▏  25 GB/ 28 GB   60 MB/s     52s[K[?25h[?2026l[?2026h[?25l[A[1Gpulling manifest [K
pulling f5c702d8820d:  89% ▕███████████████   ▏  25 GB/ 28 GB   60 MB/s     52s[K[?25h[?2026l[?2026h[?25l[A[1Gpulling manifest [K
pulling f5c702d8820d:  89% ▕███████████████   ▏  25 GB/ 28 GB   60 MB/s     52s[K[?25h[?2026l[?2026h[?25l[A[1Gpulling manifest [K
pulling f5c702d8820d:  89% ▕███████████████   ▏  25 GB/ 28 GB   60 MB/s     52s[K[?25h[?2026l[?2026h[?25l[A[1Gpulling manifest [K
pulling f5c702d8820d:  89% ▕███████████████   ▏  25 GB/ 28 GB   60 MB/s     52s[K[?25h[?2026l[?2026h[?25l[A[1Gpulling manifest [K
pulling f5c702d8820d:  89% ▕███████████████   ▏  25 GB/ 28 GB   60 MB/s     52s[K[?25h[?2026l[?2026h[?25l[A[1Gpulling manifest [K
pulling f5c702d8820d:  89% ▕████████████████  ▏  25 GB/ 28 GB   60 MB/s     52s[K[?25h[?2026l[?2026h[?25l[A[1Gpulling manifest [K
pulling f5c702d8820d:  89% ▕████████████████  ▏  25 GB/ 28 GB   60 MB/s     52s[K[?25h[?2026l[?2026h[?25l[A[1Gpulling manifest [K
pulling f5c702d8820d:  89% ▕████████████████  ▏  25 GB/ 28 GB   60 MB/s     52s[K[?25h[?2026l[?2026h[?25l[A[1Gpulling manifest [K
pulling f5c702d8820d:  89% ▕████████████████  ▏  25 GB/ 28 GB   60 MB/s     51s[K[?25h[?2026l[?2026h[?25l[A[1Gpulling manifest [K
pulling f5c702d8820d:  89% ▕████████████████  ▏  25 GB/ 28 GB   60 MB/s     51s[K[?25h[?2026l[?2026h[?25l[A[1Gpulling manifest [K
pulling f5c702d8820d:  89% ▕████████████████  ▏  25 GB/ 28 GB   60 MB/s     51s[K[?25h[?2026l[?2026h[?25l[A[1Gpulling manifest [K
pulling f5c702d8820d:  89% ▕████████████████  ▏  25 GB/ 28 GB   60 MB/s     51s[K[?25h[?2026l[?2026h[?25l[A[1Gpulling manifest [K
pulling f5c702d8820d:  89% ▕████████████████  ▏  25 GB/ 28 GB   60 MB/s     51s[K[?25h[?2026l[?2026h[?25l[A[1Gpulling manifest [K
pulling f5c702d8820d:  89% ▕████████████████  ▏  25 GB/ 28 GB   60 MB/s     51s[K[?25h[?2026l[?2026h[?25l[A[1Gpulling manifest [K
pulling f5c702d8820d:  89% ▕████████████████  ▏  25 GB/ 28 GB   60 MB/s     51s[K[?25h[?2026l[?2026h[?25l[A[1Gpulling manifest [K
pulling f5c702d8820d:  89% ▕████████████████  ▏  25 GB/ 28 GB   60 MB/s     51s[K[?25h[?2026l[?2026h[?25l[A[1Gpulling manifest [K
pulling f5c702d8820d:  89% ▕████████████████  ▏  25 GB/ 28 GB   60 MB/s     51s[K[?25h[?2026l[?2026h[?25l[A[1Gpulling manifest [K
pulling f5c702d8820d:  89% ▕████████████████  ▏  25 GB/ 28 GB   60 MB/s     51s[K[?25h[?2026l[?2026h[?25l[A[1Gpulling manifest [K
pulling f5c702d8820d:  89% ▕████████████████  ▏  25 GB/ 28 GB   60 MB/s     50s[K[?25h[?2026l[?2026h[?25l[A[1Gpulling manifest [K
pulling f5c702d8820d:  89% ▕████████████████  ▏  25 GB/ 28 GB   60 MB/s     50s[K[?25h[?2026l[?2026h[?25l[A[1Gpulling manifest [K
pulling f5c702d8820d:  89% ▕████████████████  ▏  25 GB/ 28 GB   60 MB/s     50s[K[?25h[?2026l[?2026h[?25l[A[1Gpulling manifest [K
pulling f5c702d8820d:  89% ▕████████████████  ▏  25 GB/ 28 GB   60 MB/s     50s[K[?25h[?2026l[?2026h[?25l[A[1Gpulling manifest [K
pulling f5c702d8820d:  89% ▕████████████████  ▏  25 GB/ 28 GB   60 MB/s     50s[K[?25h[?2026l[?2026h[?25l[A[1Gpulling manifest [K
pulling f5c702d8820d:  89% ▕████████████████  ▏  25 GB/ 28 GB   60 MB/s     50s[K[?25h[?2026l[?2026h[?25l[A[1Gpulling manifest [K
pulling f5c702d8820d:  89% ▕████████████████  ▏  25 GB/ 28 GB   60 MB/s     50s[K[?25h[?2026l[?2026h[?25l[A[1Gpulling manifest [K
pulling f5c702d8820d:  89% ▕████████████████  ▏  25 GB/ 28 GB   60 MB/s     50s[K[?25h[?2026l[?2026h[?25l[A[1Gpulling manifest [K
pulling f5c702d8820d:  89% ▕████████████████  ▏  25 GB/ 28 GB   60 MB/s     49s[K[?25h[?2026l[?2026h[?25l[A[1Gpulling manifest [K
pulling f5c702d8820d:  89% ▕████████████████  ▏  25 GB/ 28 GB   60 MB/s     49s[K[?25h[?2026l[?2026h[?25l[A[1Gpulling manifest [K
pulling f5c702d8820d:  89% ▕████████████████  ▏  25 GB/ 28 GB   60 MB/s     49s[K[?25h[?2026l[?2026h[?25l[A[1Gpulling manifest [K
pulling f5c702d8820d:  89% ▕████████████████  ▏  25 GB/ 28 GB   60 MB/s     49s[K[?25h[?2026l[?2026h[?25l[A[1Gpulling manifest [K
pulling f5c702d8820d:  89% ▕████████████████  ▏  25 GB/ 28 GB   60 MB/s     49s[K[?25h[?2026l[?2026h[?25l[A[1Gpulling manifest [K
pulling f5c702d8820d:  89% ▕████████████████  ▏  25 GB/ 28 GB   60 MB/s     49s[K[?25h[?2026l[?2026h[?25l[A[1Gpulling manifest [K
pulling f5c702d8820d:  89% ▕████████████████  ▏  25 GB/ 28 GB   62 MB/s     47s[K[?25h[?2026l[?2026h[?25l[A[1Gpulling manifest [K
pulling f5c702d8820d:  90% ▕████████████████  ▏  25 GB/ 28 GB   62 MB/s     47s[K[?25h[?2026l[?2026h[?25l[A[1Gpulling manifest [K
pulling f5c702d8820d:  90% ▕████████████████  ▏  25 GB/ 28 GB   62 MB/s     47s[K[?25h[?2026l[?2026h[?25l[A[1Gpulling manifest [K
pulling f5c702d8820d:  90% ▕████████████████  ▏  25 GB/ 28 GB   62 MB/s     47s[K[?25h[?2026l[?2026h[?25l[A[1Gpulling manifest [K
pulling f5c702d8820d:  90% ▕████████████████  ▏  25 GB/ 28 GB   62 MB/s     47s[K[?25h[?2026l[?2026h[?25l[A[1Gpulling manifest [K
pulling f5c702d8820d:  90% ▕████████████████  ▏  25 GB/ 28 GB   62 MB/s     47s[K[?25h[?2026l[?2026h[?25l[A[1Gpulling manifest [K
pulling f5c702d8820d:  90% ▕████████████████  ▏  25 GB/ 28 GB   62 MB/s     47s[K[?25h[?2026l[?2026h[?25l[A[1Gpulling manifest [K
pulling f5c702d8820d:  90% ▕████████████████  ▏  25 GB/ 28 GB   62 MB/s     47s[K[?25h[?2026l[?2026h[?25l[A[1Gpulling manifest [K
pulling f5c702d8820d:  90% ▕████████████████  ▏  25 GB/ 28 GB   62 MB/s     47s[K[?25h[?2026l[?2026h[?25l[A[1Gpulling manifest [K
pulling f5c702d8820d:  90% ▕████████████████  ▏  25 GB/ 28 GB   62 MB/s     46s[K[?25h[?2026l[?2026h[?25l[A[1Gpulling manifest [K
pulling f5c702d8820d:  90% ▕████████████████  ▏  25 GB/ 28 GB   62 MB/s     46s[K[?25h[?2026l[?2026h[?25l[A[1Gpulling manifest [K
pulling f5c702d8820d:  90% ▕████████████████  ▏  25 GB/ 28 GB   62 MB/s     46s[K[?25h[?2026l[?2026h[?25l[A[1Gpulling manifest [K
pulling f5c702d8820d:  90% ▕████████████████  ▏  25 GB/ 28 GB   62 MB/s     46s[K[?25h[?2026l[?2026h[?25l[A[1Gpulling manifest [K
pulling f5c702d8820d:  90% ▕████████████████  ▏  25 GB/ 28 GB   62 MB/s     46s[K[?25h[?2026l[?2026h[?25l[A[1Gpulling manifest [K
pulling f5c702d8820d:  90% ▕████████████████  ▏  25 GB/ 28 GB   62 MB/s     46s[K[?25h[?2026l[?2026h[?25l[A[1Gpulling manifest [K
pulling f5c702d8820d:  90% ▕████████████████  ▏  25 GB/ 28 GB   62 MB/s     46s[K[?25h[?2026l[?2026h[?25l[A[1Gpulling manifest [K
pulling f5c702d8820d:  90% ▕████████████████  ▏  25 GB/ 28 GB   62 MB/s     46s[K[?25h[?2026l[?2026h[?25l[A[1Gpulling manifest [K
pulling f5c702d8820d:  90% ▕████████████████  ▏  25 GB/ 28 GB   62 MB/s     46s[K[?25h[?2026l[?2026h[?25l[A[1Gpulling manifest [K
pulling f5c702d8820d:  90% ▕████████████████  ▏  25 GB/ 28 GB   62 MB/s     46s[K[?25h[?2026l[?2026h[?25l[A[1Gpulling manifest [K
pulling f5c702d8820d:  90% ▕████████████████  ▏  25 GB/ 28 GB   62 MB/s     45s[K[?25h[?2026l[?2026h[?25l[A[1Gpulling manifest [K
pulling f5c702d8820d:  90% ▕████████████████  ▏  25 GB/ 28 GB   63 MB/s     45s[K[?25h[?2026l[?2026h[?25l[A[1Gpulling manifest [K
pulling f5c702d8820d:  90% ▕████████████████  ▏  25 GB/ 28 GB   63 MB/s     45s[K[?25h[?2026l[?2026h[?25l[A[1Gpulling manifest [K
pulling f5c702d8820d:  90% ▕████████████████  ▏  25 GB/ 28 GB   63 MB/s     45s[K[?25h[?2026l[?2026h[?25l[A[1Gpulling manifest [K
pulling f5c702d8820d:  90% ▕████████████████  ▏  25 GB/ 28 GB   63 MB/s     45s[K[?25h[?2026l[?2026h[?25l[A[1Gpulling manifest [K
pulling f5c702d8820d:  90% ▕████████████████  ▏  25 GB/ 28 GB   63 MB/s     45s[K[?25h[?2026l[?2026h[?25l[A[1Gpulling manifest [K
pulling f5c702d8820d:  90% ▕████████████████  ▏  25 GB/ 28 GB   63 MB/s     44s[K[?25h[?2026l[?2026h[?25l[A[1Gpulling manifest [K
pulling f5c702d8820d:  90% ▕████████████████  ▏  25 GB/ 28 GB   63 MB/s     44s[K[?25h[?2026l[?2026h[?25l[A[1Gpulling manifest [K
pulling f5c702d8820d:  90% ▕████████████████  ▏  25 GB/ 28 GB   63 MB/s     44s[K[?25h[?2026l[?2026h[?25l[A[1Gpulling manifest [K
pulling f5c702d8820d:  90% ▕████████████████  ▏  25 GB/ 28 GB   63 MB/s     44s[K[?25h[?2026l[?2026h[?25l[A[1Gpulling manifest [K
pulling f5c702d8820d:  90% ▕████████████████  ▏  25 GB/ 28 GB   63 MB/s     44s[K[?25h[?2026l[?2026h[?25l[A[1Gpulling manifest [K
pulling f5c702d8820d:  90% ▕████████████████  ▏  25 GB/ 28 GB   63 MB/s     44s[K[?25h[?2026l[?2026h[?25l[A[1Gpulling manifest [K
pulling f5c702d8820d:  90% ▕████████████████  ▏  25 GB/ 28 GB   63 MB/s     44s[K[?25h[?2026l[?2026h[?25l[A[1Gpulling manifest [K
pulling f5c702d8820d:  90% ▕████████████████  ▏  25 GB/ 28 GB   63 MB/s     44s[K[?25h[?2026l[?2026h[?25l[A[1Gpulling manifest [K
pulling f5c702d8820d:  90% ▕████████████████  ▏  25 GB/ 28 GB   63 MB/s     44s[K[?25h[?2026l[?2026h[?25l[A[1Gpulling manifest [K
pulling f5c702d8820d:  90% ▕████████████████  ▏  25 GB/ 28 GB   63 MB/s     44s[K[?25h[?2026l[?2026h[?25l[A[1Gpulling manifest [K
pulling f5c702d8820d:  90% ▕████████████████  ▏  25 GB/ 28 GB   63 MB/s     44s[K[?25h[?2026l[?2026h[?25l[A[1Gpulling manifest [K
pulling f5c702d8820d:  90% ▕████████████████  ▏  25 GB/ 28 GB   63 MB/s     43s[K[?25h[?2026l[?2026h[?25l[A[1Gpulling manifest [K
pulling f5c702d8820d:  90% ▕████████████████  ▏  25 GB/ 28 GB   63 MB/s     43s[K[?25h[?2026l[?2026h[?25l[A[1Gpulling manifest [K
pulling f5c702d8820d:  90% ▕████████████████  ▏  25 GB/ 28 GB   63 MB/s     43s[K[?25h[?2026l[?2026h[?25l[A[1Gpulling manifest [K
pulling f5c702d8820d:  90% ▕████████████████  ▏  25 GB/ 28 GB   63 MB/s     43s[K[?25h[?2026l[?2026h[?25l[A[1Gpulling manifest [K
pulling f5c702d8820d:  90% ▕████████████████  ▏  25 GB/ 28 GB   63 MB/s     43s[K[?25h[?2026l[?2026h[?25l[A[1Gpulling manifest [K
pulling f5c702d8820d:  90% ▕████████████████  ▏  25 GB/ 28 GB   63 MB/s     43s[K[?25h[?2026l[?2026h[?25l[A[1Gpulling manifest [K
pulling f5c702d8820d:  90% ▕████████████████  ▏  25 GB/ 28 GB   63 MB/s     43s[K[?25h[?2026l[?2026h[?25l[A[1Gpulling manifest [K
pulling f5c702d8820d:  90% ▕████████████████  ▏  25 GB/ 28 GB   63 MB/s     43s[K[?25h[?2026l[?2026h[?25l[A[1Gpulling manifest [K
pulling f5c702d8820d:  90% ▕████████████████  ▏  25 GB/ 28 GB   63 MB/s     43s[K[?25h[?2026l[?2026h[?25l[A[1Gpulling manifest [K
pulling f5c702d8820d:  90% ▕████████████████  ▏  25 GB/ 28 GB   63 MB/s     42s[K[?25h[?2026l[?2026h[?25l[A[1Gpulling manifest [K
pulling f5c702d8820d:  90% ▕████████████████  ▏  25 GB/ 28 GB   63 MB/s     42s[K[?25h[?2026l[?2026h[?25l[A[1Gpulling manifest [K
pulling f5c702d8820d:  91% ▕████████████████  ▏  25 GB/ 28 GB   63 MB/s     42s[K[?25h[?2026l[?2026h[?25l[A[1Gpulling manifest [K
pulling f5c702d8820d:  91% ▕████████████████  ▏  25 GB/ 28 GB   63 MB/s     42s[K[?25h[?2026l[?2026h[?25l[A[1Gpulling manifest [K
pulling f5c702d8820d:  91% ▕████████████████  ▏  25 GB/ 28 GB   63 MB/s     42s[K[?25h[?2026l[?2026h[?25l[A[1Gpulling manifest [K
pulling f5c702d8820d:  91% ▕████████████████  ▏  25 GB/ 28 GB   63 MB/s     42s[K[?25h[?2026l[?2026h[?25l[A[1Gpulling manifest [K
pulling f5c702d8820d:  91% ▕████████████████  ▏  25 GB/ 28 GB   63 MB/s     42s[K[?25h[?2026l[?2026h[?25l[A[1Gpulling manifest [K
pulling f5c702d8820d:  91% ▕████████████████  ▏  25 GB/ 28 GB   63 MB/s     42s[K[?25h[?2026l[?2026h[?25l[A[1Gpulling manifest [K
pulling f5c702d8820d:  91% ▕████████████████  ▏  25 GB/ 28 GB   63 MB/s     42s[K[?25h[?2026l[?2026h[?25l[A[1Gpulling manifest [K
pulling f5c702d8820d:  91% ▕████████████████  ▏  25 GB/ 28 GB   63 MB/s     42s[K[?25h[?2026l[?2026h[?25l[A[1Gpulling manifest [K
pulling f5c702d8820d:  91% ▕████████████████  ▏  25 GB/ 28 GB   63 MB/s     42s[K[?25h[?2026l[?2026h[?25l[A[1Gpulling manifest [K
pulling f5c702d8820d:  91% ▕████████████████  ▏  25 GB/ 28 GB   63 MB/s     41s[K[?25h[?2026l[?2026h[?25l[A[1Gpulling manifest [K
pulling f5c702d8820d:  91% ▕████████████████  ▏  25 GB/ 28 GB   63 MB/s     41s[K[?25h[?2026l[?2026h[?25l[A[1Gpulling manifest [K
pulling f5c702d8820d:  91% ▕████████████████  ▏  25 GB/ 28 GB   63 MB/s     41s[K[?25h[?2026l[?2026h[?25l[A[1Gpulling manifest [K
pulling f5c702d8820d:  91% ▕████████████████  ▏  25 GB/ 28 GB   63 MB/s     41s[K[?25h[?2026l[?2026h[?25l[A[1Gpulling manifest [K
pulling f5c702d8820d:  91% ▕████████████████  ▏  25 GB/ 28 GB   63 MB/s     41s[K[?25h[?2026l[?2026h[?25l[A[1Gpulling manifest [K
pulling f5c702d8820d:  91% ▕████████████████  ▏  25 GB/ 28 GB   63 MB/s     41s[K[?25h[?2026l[?2026h[?25l[A[1Gpulling manifest [K
pulling f5c702d8820d:  91% ▕████████████████  ▏  25 GB/ 28 GB   63 MB/s     41s[K[?25h[?2026l[?2026h[?25l[A[1Gpulling manifest [K
pulling f5c702d8820d:  91% ▕████████████████  ▏  25 GB/ 28 GB   63 MB/s     41s[K[?25h[?2026l[?2026h[?25l[A[1Gpulling manifest [K
pulling f5c702d8820d:  91% ▕████████████████  ▏  25 GB/ 28 GB   63 MB/s     41s[K[?25h[?2026l[?2026h[?25l[A[1Gpulling manifest [K
pulling f5c702d8820d:  91% ▕████████████████  ▏  25 GB/ 28 GB   63 MB/s     41s[K[?25h[?2026l[?2026h[?25l[A[1Gpulling manifest [K
pulling f5c702d8820d:  91% ▕████████████████  ▏  25 GB/ 28 GB   63 MB/s     41s[K[?25h[?2026l[?2026h[?25l[A[1Gpulling manifest [K
pulling f5c702d8820d:  91% ▕████████████████  ▏  25 GB/ 28 GB   63 MB/s     41s[K[?25h[?2026l[?2026h[?25l[A[1Gpulling manifest [K
pulling f5c702d8820d:  91% ▕████████████████  ▏  25 GB/ 28 GB   63 MB/s     41s[K[?25h[?2026l[?2026h[?25l[A[1Gpulling manifest [K
pulling f5c702d8820d:  91% ▕████████████████  ▏  25 GB/ 28 GB   63 MB/s     40s[K[?25h[?2026l[?2026h[?25l[A[1Gpulling manifest [K
pulling f5c702d8820d:  91% ▕████████████████  ▏  26 GB/ 28 GB   63 MB/s     40s[K[?25h[?2026l[?2026h[?25l[A[1Gpulling manifest [K
pulling f5c702d8820d:  91% ▕████████████████  ▏  26 GB/ 28 GB   61 MB/s     41s[K[?25h[?2026l[?2026h[?25l[A[1Gpulling manifest [K
pulling f5c702d8820d:  91% ▕████████████████  ▏  26 GB/ 28 GB   61 MB/s     41s[K[?25h[?2026l[?2026h[?25l[A[1Gpulling manifest [K
pulling f5c702d8820d:  91% ▕████████████████  ▏  26 GB/ 28 GB   61 MB/s     41s[K[?25h[?2026l[?2026h[?25l[A[1Gpulling manifest [K
pulling f5c702d8820d:  91% ▕████████████████  ▏  26 GB/ 28 GB   61 MB/s     41s[K[?25h[?2026l[?2026h[?25l[A[1Gpulling manifest [K
pulling f5c702d8820d:  91% ▕████████████████  ▏  26 GB/ 28 GB   61 MB/s     41s[K[?25h[?2026l[?2026h[?25l[A[1Gpulling manifest [K
pulling f5c702d8820d:  91% ▕████████████████  ▏  26 GB/ 28 GB   61 MB/s     41s[K[?25h[?2026l[?2026h[?25l[A[1Gpulling manifest [K
pulling f5c702d8820d:  91% ▕████████████████  ▏  26 GB/ 28 GB   61 MB/s     41s[K[?25h[?2026l[?2026h[?25l[A[1Gpulling manifest [K
pulling f5c702d8820d:  91% ▕████████████████  ▏  26 GB/ 28 GB   61 MB/s     41s[K[?25h[?2026l[?2026h[?25l[A[1Gpulling manifest [K
pulling f5c702d8820d:  91% ▕████████████████  ▏  26 GB/ 28 GB   61 MB/s     41s[K[?25h[?2026l[?2026h[?25l[A[1Gpulling manifest [K
pulling f5c702d8820d:  91% ▕████████████████  ▏  26 GB/ 28 GB   61 MB/s     41s[K[?25h[?2026l[?2026h[?25l[A[1Gpulling manifest [K
pulling f5c702d8820d:  91% ▕████████████████  ▏  26 GB/ 28 GB   61 MB/s     40s[K[?25h[?2026l[?2026h[?25l[A[1Gpulling manifest [K
pulling f5c702d8820d:  91% ▕████████████████  ▏  26 GB/ 28 GB   61 MB/s     40s[K[?25h[?2026l[?2026h[?25l[A[1Gpulling manifest [K
pulling f5c702d8820d:  91% ▕████████████████  ▏  26 GB/ 28 GB   61 MB/s     40s[K[?25h[?2026l[?2026h[?25l[A[1Gpulling manifest [K
pulling f5c702d8820d:  91% ▕████████████████  ▏  26 GB/ 28 GB   61 MB/s     40s[K[?25h[?2026l[?2026h[?25l[A[1Gpulling manifest [K
pulling f5c702d8820d:  91% ▕████████████████  ▏  26 GB/ 28 GB   61 MB/s     40s[K[?25h[?2026l[?2026h[?25l[A[1Gpulling manifest [K
pulling f5c702d8820d:  91% ▕████████████████  ▏  26 GB/ 28 GB   61 MB/s     40s[K[?25h[?2026l[?2026h[?25l[A[1Gpulling manifest [K
pulling f5c702d8820d:  91% ▕████████████████  ▏  26 GB/ 28 GB   61 MB/s     40s[K[?25h[?2026l[?2026h[?25l[A[1Gpulling manifest [K
pulling f5c702d8820d:  91% ▕████████████████  ▏  26 GB/ 28 GB   61 MB/s     40s[K[?25h[?2026l[?2026h[?25l[A[1Gpulling manifest [K
pulling f5c702d8820d:  91% ▕████████████████  ▏  26 GB/ 28 GB   61 MB/s     40s[K[?25h[?2026l[?2026h[?25l[A[1Gpulling manifest [K
pulling f5c702d8820d:  91% ▕████████████████  ▏  26 GB/ 28 GB   61 MB/s     40s[K[?25h[?2026l[?2026h[?25l[A[1Gpulling manifest [K
pulling f5c702d8820d:  91% ▕████████████████  ▏  26 GB/ 28 GB   61 MB/s     39s[K[?25h[?2026l[?2026h[?25l[A[1Gpulling manifest [K
pulling f5c702d8820d:  91% ▕████████████████  ▏  26 GB/ 28 GB   61 MB/s     39s[K[?25h[?2026l[?2026h[?25l[A[1Gpulling manifest [K
pulling f5c702d8820d:  91% ▕████████████████  ▏  26 GB/ 28 GB   61 MB/s     39s[K[?25h[?2026l[?2026h[?25l[A[1Gpulling manifest [K
pulling f5c702d8820d:  91% ▕████████████████  ▏  26 GB/ 28 GB   61 MB/s     39s[K[?25h[?2026l[?2026h[?25l[A[1Gpulling manifest [K
pulling f5c702d8820d:  91% ▕████████████████  ▏  26 GB/ 28 GB   61 MB/s     39s[K[?25h[?2026l[?2026h[?25l[A[1Gpulling manifest [K
pulling f5c702d8820d:  92% ▕████████████████  ▏  26 GB/ 28 GB   61 MB/s     39s[K[?25h[?2026l[?2026h[?25l[A[1Gpulling manifest [K
pulling f5c702d8820d:  92% ▕████████████████  ▏  26 GB/ 28 GB   61 MB/s     39s[K[?25h[?2026l[?2026h[?25l[A[1Gpulling manifest [K
pulling f5c702d8820d:  92% ▕████████████████  ▏  26 GB/ 28 GB   61 MB/s     39s[K[?25h[?2026l[?2026h[?25l[A[1Gpulling manifest [K
pulling f5c702d8820d:  92% ▕████████████████  ▏  26 GB/ 28 GB   61 MB/s     39s[K[?25h[?2026l[?2026h[?25l[A[1Gpulling manifest [K
pulling f5c702d8820d:  92% ▕████████████████  ▏  26 GB/ 28 GB   61 MB/s     38s[K[?25h[?2026l[?2026h[?25l[A[1Gpulling manifest [K
pulling f5c702d8820d:  92% ▕████████████████  ▏  26 GB/ 28 GB   61 MB/s     38s[K[?25h[?2026l[?2026h[?25l[A[1Gpulling manifest [K
pulling f5c702d8820d:  92% ▕████████████████  ▏  26 GB/ 28 GB   61 MB/s     38s[K[?25h[?2026l[?2026h[?25l[A[1Gpulling manifest [K
pulling f5c702d8820d:  92% ▕████████████████  ▏  26 GB/ 28 GB   61 MB/s     38s[K[?25h[?2026l[?2026h[?25l[A[1Gpulling manifest [K
pulling f5c702d8820d:  92% ▕████████████████  ▏  26 GB/ 28 GB   61 MB/s     38s[K[?25h[?2026l[?2026h[?25l[A[1Gpulling manifest [K
pulling f5c702d8820d:  92% ▕████████████████  ▏  26 GB/ 28 GB   61 MB/s     38s[K[?25h[?2026l[?2026h[?25l[A[1Gpulling manifest [K
pulling f5c702d8820d:  92% ▕████████████████  ▏  26 GB/ 28 GB   61 MB/s     38s[K[?25h[?2026l[?2026h[?25l[A[1Gpulling manifest [K
pulling f5c702d8820d:  92% ▕████████████████  ▏  26 GB/ 28 GB   61 MB/s     38s[K[?25h[?2026l[?2026h[?25l[A[1Gpulling manifest [K
pulling f5c702d8820d:  92% ▕████████████████  ▏  26 GB/ 28 GB   61 MB/s     38s[K[?25h[?2026l[?2026h[?25l[A[1Gpulling manifest [K
pulling f5c702d8820d:  92% ▕████████████████  ▏  26 GB/ 28 GB   61 MB/s     38s[K[?25h[?2026l[?2026h[?25l[A[1Gpulling manifest [K
pulling f5c702d8820d:  92% ▕████████████████  ▏  26 GB/ 28 GB   61 MB/s     38s[K[?25h[?2026l[?2026h[?25l[A[1Gpulling manifest [K
pulling f5c702d8820d:  92% ▕████████████████  ▏  26 GB/ 28 GB   61 MB/s     37s[K[?25h[?2026l[?2026h[?25l[A[1Gpulling manifest [K
pulling f5c702d8820d:  92% ▕████████████████  ▏  26 GB/ 28 GB   61 MB/s     37s[K[?25h[?2026l[?2026h[?25l[A[1Gpulling manifest [K
pulling f5c702d8820d:  92% ▕████████████████  ▏  26 GB/ 28 GB   61 MB/s     37s[K[?25h[?2026l[?2026h[?25l[A[1Gpulling manifest [K
pulling f5c702d8820d:  92% ▕████████████████  ▏  26 GB/ 28 GB   61 MB/s     37s[K[?25h[?2026l[?2026h[?25l[A[1Gpulling manifest [K
pulling f5c702d8820d:  92% ▕████████████████  ▏  26 GB/ 28 GB   61 MB/s     37s[K[?25h[?2026l[?2026h[?25l[A[1Gpulling manifest [K
pulling f5c702d8820d:  92% ▕████████████████  ▏  26 GB/ 28 GB   61 MB/s     37s[K[?25h[?2026l[?2026h[?25l[A[1Gpulling manifest [K
pulling f5c702d8820d:  92% ▕████████████████  ▏  26 GB/ 28 GB   61 MB/s     37s[K[?25h[?2026l[?2026h[?25l[A[1Gpulling manifest [K
pulling f5c702d8820d:  92% ▕████████████████  ▏  26 GB/ 28 GB   61 MB/s     37s[K[?25h[?2026l[?2026h[?25l[A[1Gpulling manifest [K
pulling f5c702d8820d:  92% ▕████████████████  ▏  26 GB/ 28 GB   61 MB/s     37s[K[?25h[?2026l[?2026h[?25l[A[1Gpulling manifest [K
pulling f5c702d8820d:  92% ▕████████████████  ▏  26 GB/ 28 GB   61 MB/s     37s[K[?25h[?2026l[?2026h[?25l[A[1Gpulling manifest [K
pulling f5c702d8820d:  92% ▕████████████████  ▏  26 GB/ 28 GB   61 MB/s     36s[K[?25h[?2026l[?2026h[?25l[A[1Gpulling manifest [K
pulling f5c702d8820d:  92% ▕████████████████  ▏  26 GB/ 28 GB   61 MB/s     36s[K[?25h[?2026l[?2026h[?25l[A[1Gpulling manifest [K
pulling f5c702d8820d:  92% ▕████████████████  ▏  26 GB/ 28 GB   61 MB/s     36s[K[?25h[?2026l[?2026h[?25l[A[1Gpulling manifest [K
pulling f5c702d8820d:  92% ▕████████████████  ▏  26 GB/ 28 GB   61 MB/s     36s[K[?25h[?2026l[?2026h[?25l[A[1Gpulling manifest [K
pulling f5c702d8820d:  92% ▕████████████████  ▏  26 GB/ 28 GB   61 MB/s     36s[K[?25h[?2026l[?2026h[?25l[A[1Gpulling manifest [K
pulling f5c702d8820d:  92% ▕████████████████  ▏  26 GB/ 28 GB   61 MB/s     36s[K[?25h[?2026l[?2026h[?25l[A[1Gpulling manifest [K
pulling f5c702d8820d:  92% ▕████████████████  ▏  26 GB/ 28 GB   61 MB/s     36s[K[?25h[?2026l[?2026h[?25l[A[1Gpulling manifest [K
pulling f5c702d8820d:  92% ▕████████████████  ▏  26 GB/ 28 GB   61 MB/s     36s[K[?25h[?2026l[?2026h[?25l[A[1Gpulling manifest [K
pulling f5c702d8820d:  92% ▕████████████████  ▏  26 GB/ 28 GB   61 MB/s     36s[K[?25h[?2026l[?2026h[?25l[A[1Gpulling manifest [K
pulling f5c702d8820d:  92% ▕████████████████  ▏  26 GB/ 28 GB   61 MB/s     35s[K[?25h[?2026l[?2026h[?25l[A[1Gpulling manifest [K
pulling f5c702d8820d:  92% ▕████████████████  ▏  26 GB/ 28 GB   61 MB/s     35s[K[?25h[?2026l[?2026h[?25l[A[1Gpulling manifest [K
pulling f5c702d8820d:  92% ▕████████████████  ▏  26 GB/ 28 GB   61 MB/s     35s[K[?25h[?2026l[?2026h[?25l[A[1Gpulling manifest [K
pulling f5c702d8820d:  92% ▕████████████████  ▏  26 GB/ 28 GB   61 MB/s     35s[K[?25h[?2026l[?2026h[?25l[A[1Gpulling manifest [K
pulling f5c702d8820d:  92% ▕████████████████  ▏  26 GB/ 28 GB   61 MB/s     35s[K[?25h[?2026l[?2026h[?25l[A[1Gpulling manifest [K
pulling f5c702d8820d:  92% ▕████████████████  ▏  26 GB/ 28 GB   61 MB/s     35s[K[?25h[?2026l[?2026h[?25l[A[1Gpulling manifest [K
pulling f5c702d8820d:  92% ▕████████████████  ▏  26 GB/ 28 GB   61 MB/s     35s[K[?25h[?2026l[?2026h[?25l[A[1Gpulling manifest [K
pulling f5c702d8820d:  92% ▕████████████████  ▏  26 GB/ 28 GB   61 MB/s     35s[K[?25h[?2026l[?2026h[?25l[A[1Gpulling manifest [K
pulling f5c702d8820d:  92% ▕████████████████  ▏  26 GB/ 28 GB   61 MB/s     35s[K[?25h[?2026l[?2026h[?25l[A[1Gpulling manifest [K
pulling f5c702d8820d:  92% ▕████████████████  ▏  26 GB/ 28 GB   61 MB/s     35s[K[?25h[?2026l[?2026h[?25l[A[1Gpulling manifest [K
pulling f5c702d8820d:  92% ▕████████████████  ▏  26 GB/ 28 GB   61 MB/s     35s[K[?25h[?2026l[?2026h[?25l[A[1Gpulling manifest [K
pulling f5c702d8820d:  92% ▕████████████████  ▏  26 GB/ 28 GB   61 MB/s     34s[K[?25h[?2026l[?2026h[?25l[A[1Gpulling manifest [K
pulling f5c702d8820d:  93% ▕████████████████  ▏  26 GB/ 28 GB   61 MB/s     34s[K[?25h[?2026l[?2026h[?25l[A[1Gpulling manifest [K
pulling f5c702d8820d:  93% ▕████████████████  ▏  26 GB/ 28 GB   61 MB/s     34s[K[?25h[?2026l[?2026h[?25l[A[1Gpulling manifest [K
pulling f5c702d8820d:  93% ▕████████████████  ▏  26 GB/ 28 GB   61 MB/s     34s[K[?25h[?2026l[?2026h[?25l[A[1Gpulling manifest [K
pulling f5c702d8820d:  93% ▕████████████████  ▏  26 GB/ 28 GB   61 MB/s     34s[K[?25h[?2026l[?2026h[?25l[A[1Gpulling manifest [K
pulling f5c702d8820d:  93% ▕████████████████  ▏  26 GB/ 28 GB   61 MB/s     34s[K[?25h[?2026l[?2026h[?25l[A[1Gpulling manifest [K
pulling f5c702d8820d:  93% ▕████████████████  ▏  26 GB/ 28 GB   61 MB/s     34s[K[?25h[?2026l[?2026h[?25l[A[1Gpulling manifest [K
pulling f5c702d8820d:  93% ▕████████████████  ▏  26 GB/ 28 GB   61 MB/s     34s[K[?25h[?2026l[?2026h[?25l[A[1Gpulling manifest [K
pulling f5c702d8820d:  93% ▕████████████████  ▏  26 GB/ 28 GB   61 MB/s     34s[K[?25h[?2026l[?2026h[?25l[A[1Gpulling manifest [K
pulling f5c702d8820d:  93% ▕████████████████  ▏  26 GB/ 28 GB   61 MB/s     34s[K[?25h[?2026l[?2026h[?25l[A[1Gpulling manifest [K
pulling f5c702d8820d:  93% ▕████████████████  ▏  26 GB/ 28 GB   61 MB/s     33s[K[?25h[?2026l[?2026h[?25l[A[1Gpulling manifest [K
pulling f5c702d8820d:  93% ▕████████████████  ▏  26 GB/ 28 GB   61 MB/s     33s[K[?25h[?2026l[?2026h[?25l[A[1Gpulling manifest [K
pulling f5c702d8820d:  93% ▕████████████████  ▏  26 GB/ 28 GB   61 MB/s     33s[K[?25h[?2026l[?2026h[?25l[A[1Gpulling manifest [K
pulling f5c702d8820d:  93% ▕████████████████  ▏  26 GB/ 28 GB   61 MB/s     33s[K[?25h[?2026l[?2026h[?25l[A[1Gpulling manifest [K
pulling f5c702d8820d:  93% ▕████████████████  ▏  26 GB/ 28 GB   61 MB/s     33s[K[?25h[?2026l[?2026h[?25l[A[1Gpulling manifest [K
pulling f5c702d8820d:  93% ▕████████████████  ▏  26 GB/ 28 GB   61 MB/s     33s[K[?25h[?2026l[?2026h[?25l[A[1Gpulling manifest [K
pulling f5c702d8820d:  93% ▕████████████████  ▏  26 GB/ 28 GB   61 MB/s     33s[K[?25h[?2026l[?2026h[?25l[A[1Gpulling manifest [K
pulling f5c702d8820d:  93% ▕████████████████  ▏  26 GB/ 28 GB   61 MB/s     33s[K[?25h[?2026l[?2026h[?25l[A[1Gpulling manifest [K
pulling f5c702d8820d:  93% ▕████████████████  ▏  26 GB/ 28 GB   61 MB/s     33s[K[?25h[?2026l[?2026h[?25l[A[1Gpulling manifest [K
pulling f5c702d8820d:  93% ▕████████████████  ▏  26 GB/ 28 GB   61 MB/s     33s[K[?25h[?2026l[?2026h[?25l[A[1Gpulling manifest [K
pulling f5c702d8820d:  93% ▕████████████████  ▏  26 GB/ 28 GB   61 MB/s     32s[K[?25h[?2026l[?2026h[?25l[A[1Gpulling manifest [K
pulling f5c702d8820d:  93% ▕████████████████  ▏  26 GB/ 28 GB   61 MB/s     32s[K[?25h[?2026l[?2026h[?25l[A[1Gpulling manifest [K
pulling f5c702d8820d:  93% ▕████████████████  ▏  26 GB/ 28 GB   63 MB/s     31s[K[?25h[?2026l[?2026h[?25l[A[1Gpulling manifest [K
pulling f5c702d8820d:  93% ▕████████████████  ▏  26 GB/ 28 GB   63 MB/s     31s[K[?25h[?2026l[?2026h[?25l[A[1Gpulling manifest [K
pulling f5c702d8820d:  93% ▕████████████████  ▏  26 GB/ 28 GB   63 MB/s     31s[K[?25h[?2026l[?2026h[?25l[A[1Gpulling manifest [K
pulling f5c702d8820d:  93% ▕████████████████  ▏  26 GB/ 28 GB   63 MB/s     31s[K[?25h[?2026l[?2026h[?25l[A[1Gpulling manifest [K
pulling f5c702d8820d:  93% ▕████████████████  ▏  26 GB/ 28 GB   63 MB/s     31s[K[?25h[?2026l[?2026h[?25l[A[1Gpulling manifest [K
pulling f5c702d8820d:  93% ▕████████████████  ▏  26 GB/ 28 GB   63 MB/s     31s[K[?25h[?2026l[?2026h[?25l[A[1Gpulling manifest [K
pulling f5c702d8820d:  93% ▕████████████████  ▏  26 GB/ 28 GB   63 MB/s     31s[K[?25h[?2026l[?2026h[?25l[A[1Gpulling manifest [K
pulling f5c702d8820d:  93% ▕████████████████  ▏  26 GB/ 28 GB   63 MB/s     31s[K[?25h[?2026l[?2026h[?25l[A[1Gpulling manifest [K
pulling f5c702d8820d:  93% ▕████████████████  ▏  26 GB/ 28 GB   63 MB/s     30s[K[?25h[?2026l[?2026h[?25l[A[1Gpulling manifest [K
pulling f5c702d8820d:  93% ▕████████████████  ▏  26 GB/ 28 GB   63 MB/s     30s[K[?25h[?2026l[?2026h[?25l[A[1Gpulling manifest [K
pulling f5c702d8820d:  93% ▕████████████████  ▏  26 GB/ 28 GB   63 MB/s     30s[K[?25h[?2026l[?2026h[?25l[A[1Gpulling manifest [K
pulling f5c702d8820d:  93% ▕████████████████  ▏  26 GB/ 28 GB   63 MB/s     30s[K[?25h[?2026l[?2026h[?25l[A[1Gpulling manifest [K
pulling f5c702d8820d:  93% ▕████████████████  ▏  26 GB/ 28 GB   63 MB/s     30s[K[?25h[?2026l[?2026h[?25l[A[1Gpulling manifest [K
pulling f5c702d8820d:  93% ▕████████████████  ▏  26 GB/ 28 GB   63 MB/s     30s[K[?25h[?2026l[?2026h[?25l[A[1Gpulling manifest [K
pulling f5c702d8820d:  93% ▕████████████████  ▏  26 GB/ 28 GB   63 MB/s     30s[K[?25h[?2026l[?2026h[?25l[A[1Gpulling manifest [K
pulling f5c702d8820d:  93% ▕████████████████  ▏  26 GB/ 28 GB   63 MB/s     30s[K[?25h[?2026l[?2026h[?25l[A[1Gpulling manifest [K
pulling f5c702d8820d:  93% ▕████████████████  ▏  26 GB/ 28 GB   63 MB/s     30s[K[?25h[?2026l[?2026h[?25l[A[1Gpulling manifest [K
pulling f5c702d8820d:  93% ▕████████████████  ▏  26 GB/ 28 GB   63 MB/s     30s[K[?25h[?2026l[?2026h[?25l[A[1Gpulling manifest [K
pulling f5c702d8820d:  93% ▕████████████████  ▏  26 GB/ 28 GB   63 MB/s     29s[K[?25h[?2026l[?2026h[?25l[A[1Gpulling manifest [K
pulling f5c702d8820d:  93% ▕████████████████  ▏  26 GB/ 28 GB   63 MB/s     29s[K[?25h[?2026l[?2026h[?25l[A[1Gpulling manifest [K
pulling f5c702d8820d:  93% ▕████████████████  ▏  26 GB/ 28 GB   63 MB/s     29s[K[?25h[?2026l[?2026h[?25l[A[1Gpulling manifest [K
pulling f5c702d8820d:  93% ▕████████████████  ▏  26 GB/ 28 GB   63 MB/s     29s[K[?25h[?2026l[?2026h[?25l[A[1Gpulling manifest [K
pulling f5c702d8820d:  93% ▕████████████████  ▏  26 GB/ 28 GB   63 MB/s     29s[K[?25h[?2026l[?2026h[?25l[A[1Gpulling manifest [K
pulling f5c702d8820d:  93% ▕████████████████  ▏  26 GB/ 28 GB   63 MB/s     29s[K[?25h[?2026l[?2026h[?25l[A[1Gpulling manifest [K
pulling f5c702d8820d:  93% ▕████████████████  ▏  26 GB/ 28 GB   63 MB/s     29s[K[?25h[?2026l[?2026h[?25l[A[1Gpulling manifest [K
pulling f5c702d8820d:  94% ▕████████████████  ▏  26 GB/ 28 GB   63 MB/s     29s[K[?25h[?2026l[?2026h[?25l[A[1Gpulling manifest [K
pulling f5c702d8820d:  94% ▕████████████████  ▏  26 GB/ 28 GB   63 MB/s     29s[K[?25h[?2026l[?2026h[?25l[A[1Gpulling manifest [K
pulling f5c702d8820d:  94% ▕████████████████  ▏  26 GB/ 28 GB   63 MB/s     29s[K[?25h[?2026l[?2026h[?25l[A[1Gpulling manifest [K
pulling f5c702d8820d:  94% ▕████████████████  ▏  26 GB/ 28 GB   63 MB/s     29s[K[?25h[?2026l[?2026h[?25l[A[1Gpulling manifest [K
pulling f5c702d8820d:  94% ▕████████████████  ▏  26 GB/ 28 GB   63 MB/s     28s[K[?25h[?2026l[?2026h[?25l[A[1Gpulling manifest [K
pulling f5c702d8820d:  94% ▕████████████████  ▏  26 GB/ 28 GB   63 MB/s     28s[K[?25h[?2026l[?2026h[?25l[A[1Gpulling manifest [K
pulling f5c702d8820d:  94% ▕████████████████  ▏  26 GB/ 28 GB   63 MB/s     28s[K[?25h[?2026l[?2026h[?25l[A[1Gpulling manifest [K
pulling f5c702d8820d:  94% ▕████████████████  ▏  26 GB/ 28 GB   63 MB/s     28s[K[?25h[?2026l[?2026h[?25l[A[1Gpulling manifest [K
pulling f5c702d8820d:  94% ▕████████████████  ▏  26 GB/ 28 GB   63 MB/s     28s[K[?25h[?2026l[?2026h[?25l[A[1Gpulling manifest [K
pulling f5c702d8820d:  94% ▕████████████████  ▏  26 GB/ 28 GB   63 MB/s     28s[K[?25h[?2026l[?2026h[?25l[A[1Gpulling manifest [K
pulling f5c702d8820d:  94% ▕████████████████  ▏  26 GB/ 28 GB   63 MB/s     28s[K[?25h[?2026l[?2026h[?25l[A[1Gpulling manifest [K
pulling f5c702d8820d:  94% ▕████████████████  ▏  26 GB/ 28 GB   63 MB/s     28s[K[?25h[?2026l[?2026h[?25l[A[1Gpulling manifest [K
pulling f5c702d8820d:  94% ▕████████████████  ▏  26 GB/ 28 GB   63 MB/s     28s[K[?25h[?2026l[?2026h[?25l[A[1Gpulling manifest [K
pulling f5c702d8820d:  94% ▕████████████████  ▏  26 GB/ 28 GB   63 MB/s     28s[K[?25h[?2026l[?2026h[?25l[A[1Gpulling manifest [K
pulling f5c702d8820d:  94% ▕████████████████  ▏  26 GB/ 28 GB   63 MB/s     28s[K[?25h[?2026l[?2026h[?25l[A[1Gpulling manifest [K
pulling f5c702d8820d:  94% ▕████████████████  ▏  26 GB/ 28 GB   63 MB/s     28s[K[?25h[?2026l[?2026h[?25l[A[1Gpulling manifest [K
pulling f5c702d8820d:  94% ▕████████████████  ▏  26 GB/ 28 GB   61 MB/s     28s[K[?25h[?2026l[?2026h[?25l[A[1Gpulling manifest [K
pulling f5c702d8820d:  94% ▕████████████████  ▏  26 GB/ 28 GB   61 MB/s     28s[K[?25h[?2026l[?2026h[?25l[A[1Gpulling manifest [K
pulling f5c702d8820d:  94% ▕████████████████  ▏  26 GB/ 28 GB   61 MB/s     28s[K[?25h[?2026l[?2026h[?25l[A[1Gpulling manifest [K
pulling f5c702d8820d:  94% ▕████████████████  ▏  26 GB/ 28 GB   61 MB/s     28s[K[?25h[?2026l[?2026h[?25l[A[1Gpulling manifest [K
pulling f5c702d8820d:  94% ▕████████████████  ▏  26 GB/ 28 GB   61 MB/s     28s[K[?25h[?2026l[?2026h[?25l[A[1Gpulling manifest [K
pulling f5c702d8820d:  94% ▕████████████████  ▏  26 GB/ 28 GB   61 MB/s     28s[K[?25h[?2026l[?2026h[?25l[A[1Gpulling manifest [K
pulling f5c702d8820d:  94% ▕████████████████  ▏  26 GB/ 28 GB   61 MB/s     28s[K[?25h[?2026l[?2026h[?25l[A[1Gpulling manifest [K
pulling f5c702d8820d:  94% ▕████████████████  ▏  26 GB/ 28 GB   61 MB/s     28s[K[?25h[?2026l[?2026h[?25l[A[1Gpulling manifest [K
pulling f5c702d8820d:  94% ▕████████████████  ▏  26 GB/ 28 GB   61 MB/s     28s[K[?25h[?2026l[?2026h[?25l[A[1Gpulling manifest [K
pulling f5c702d8820d:  94% ▕████████████████  ▏  26 GB/ 28 GB   61 MB/s     27s[K[?25h[?2026l[?2026h[?25l[A[1Gpulling manifest [K
pulling f5c702d8820d:  94% ▕████████████████  ▏  26 GB/ 28 GB   61 MB/s     27s[K[?25h[?2026l[?2026h[?25l[A[1Gpulling manifest [K
pulling f5c702d8820d:  94% ▕████████████████  ▏  26 GB/ 28 GB   61 MB/s     27s[K[?25h[?2026l[?2026h[?25l[A[1Gpulling manifest [K
pulling f5c702d8820d:  94% ▕████████████████  ▏  26 GB/ 28 GB   61 MB/s     27s[K[?25h[?2026l[?2026h[?25l[A[1Gpulling manifest [K
pulling f5c702d8820d:  94% ▕████████████████  ▏  26 GB/ 28 GB   61 MB/s     27s[K[?25h[?2026l[?2026h[?25l[A[1Gpulling manifest [K
pulling f5c702d8820d:  94% ▕████████████████  ▏  26 GB/ 28 GB   61 MB/s     27s[K[?25h[?2026l[?2026h[?25l[A[1Gpulling manifest [K
pulling f5c702d8820d:  94% ▕████████████████  ▏  26 GB/ 28 GB   61 MB/s     27s[K[?25h[?2026l[?2026h[?25l[A[1Gpulling manifest [K
pulling f5c702d8820d:  94% ▕████████████████  ▏  26 GB/ 28 GB   61 MB/s     27s[K[?25h[?2026l[?2026h[?25l[A[1Gpulling manifest [K
pulling f5c702d8820d:  94% ▕████████████████  ▏  26 GB/ 28 GB   61 MB/s     27s[K[?25h[?2026l[?2026h[?25l[A[1Gpulling manifest [K
pulling f5c702d8820d:  94% ▕████████████████  ▏  26 GB/ 28 GB   61 MB/s     27s[K[?25h[?2026l[?2026h[?25l[A[1Gpulling manifest [K
pulling f5c702d8820d:  94% ▕████████████████  ▏  26 GB/ 28 GB   61 MB/s     26s[K[?25h[?2026l[?2026h[?25l[A[1Gpulling manifest [K
pulling f5c702d8820d:  94% ▕████████████████  ▏  26 GB/ 28 GB   61 MB/s     26s[K[?25h[?2026l[?2026h[?25l[A[1Gpulling manifest [K
pulling f5c702d8820d:  94% ▕████████████████  ▏  26 GB/ 28 GB   61 MB/s     26s[K[?25h[?2026l[?2026h[?25l[A[1Gpulling manifest [K
pulling f5c702d8820d:  94% ▕████████████████  ▏  26 GB/ 28 GB   61 MB/s     26s[K[?25h[?2026l[?2026h[?25l[A[1Gpulling manifest [K
pulling f5c702d8820d:  94% ▕████████████████  ▏  26 GB/ 28 GB   61 MB/s     26s[K[?25h[?2026l[?2026h[?25l[A[1Gpulling manifest [K
pulling f5c702d8820d:  94% ▕████████████████  ▏  26 GB/ 28 GB   61 MB/s     26s[K[?25h[?2026l[?2026h[?25l[A[1Gpulling manifest [K
pulling f5c702d8820d:  94% ▕████████████████  ▏  26 GB/ 28 GB   61 MB/s     26s[K[?25h[?2026l[?2026h[?25l[A[1Gpulling manifest [K
pulling f5c702d8820d:  94% ▕████████████████  ▏  26 GB/ 28 GB   61 MB/s     26s[K[?25h[?2026l[?2026h[?25l[A[1Gpulling manifest [K
pulling f5c702d8820d:  94% ▕████████████████  ▏  26 GB/ 28 GB   61 MB/s     26s[K[?25h[?2026l[?2026h[?25l[A[1Gpulling manifest [K
pulling f5c702d8820d:  94% ▕████████████████  ▏  26 GB/ 28 GB   61 MB/s     25s[K[?25h[?2026l[?2026h[?25l[A[1Gpulling manifest [K
pulling f5c702d8820d:  94% ▕████████████████  ▏  27 GB/ 28 GB   61 MB/s     25s[K[?25h[?2026l[?2026h[?25l[A[1Gpulling manifest [K
pulling f5c702d8820d:  94% ▕█████████████████ ▏  27 GB/ 28 GB   61 MB/s     25s[K[?25h[?2026l[?2026h[?25l[A[1Gpulling manifest [K
pulling f5c702d8820d:  94% ▕█████████████████ ▏  27 GB/ 28 GB   61 MB/s     25s[K[?25h[?2026l[?2026h[?25l[A[1Gpulling manifest [K
pulling f5c702d8820d:  94% ▕█████████████████ ▏  27 GB/ 28 GB   61 MB/s     25s[K[?25h[?2026l[?2026h[?25l[A[1Gpulling manifest [K
pulling f5c702d8820d:  95% ▕█████████████████ ▏  27 GB/ 28 GB   61 MB/s     25s[K[?25h[?2026l[?2026h[?25l[A[1Gpulling manifest [K
pulling f5c702d8820d:  95% ▕█████████████████ ▏  27 GB/ 28 GB   61 MB/s     25s[K[?25h[?2026l[?2026h[?25l[A[1Gpulling manifest [K
pulling f5c702d8820d:  95% ▕█████████████████ ▏  27 GB/ 28 GB   61 MB/s     25s[K[?25h[?2026l[?2026h[?25l[A[1Gpulling manifest [K
pulling f5c702d8820d:  95% ▕█████████████████ ▏  27 GB/ 28 GB   61 MB/s     25s[K[?25h[?2026l[?2026h[?25l[A[1Gpulling manifest [K
pulling f5c702d8820d:  95% ▕█████████████████ ▏  27 GB/ 28 GB   61 MB/s     25s[K[?25h[?2026l[?2026h[?25l[A[1Gpulling manifest [K
pulling f5c702d8820d:  95% ▕█████████████████ ▏  27 GB/ 28 GB   61 MB/s     25s[K[?25h[?2026l[?2026h[?25l[A[1Gpulling manifest [K
pulling f5c702d8820d:  95% ▕█████████████████ ▏  27 GB/ 28 GB   61 MB/s     24s[K[?25h[?2026l[?2026h[?25l[A[1Gpulling manifest [K
pulling f5c702d8820d:  95% ▕█████████████████ ▏  27 GB/ 28 GB   61 MB/s     24s[K[?25h[?2026l[?2026h[?25l[A[1Gpulling manifest [K
pulling f5c702d8820d:  95% ▕█████████████████ ▏  27 GB/ 28 GB   61 MB/s     24s[K[?25h[?2026l[?2026h[?25l[A[1Gpulling manifest [K
pulling f5c702d8820d:  95% ▕█████████████████ ▏  27 GB/ 28 GB   61 MB/s     24s[K[?25h[?2026l[?2026h[?25l[A[1Gpulling manifest [K
pulling f5c702d8820d:  95% ▕█████████████████ ▏  27 GB/ 28 GB   61 MB/s     24s[K[?25h[?2026l[?2026h[?25l[A[1Gpulling manifest [K
pulling f5c702d8820d:  95% ▕█████████████████ ▏  27 GB/ 28 GB   61 MB/s     24s[K[?25h[?2026l[?2026h[?25l[A[1Gpulling manifest [K
pulling f5c702d8820d:  95% ▕█████████████████ ▏  27 GB/ 28 GB   61 MB/s     24s[K[?25h[?2026l[?2026h[?25l[A[1Gpulling manifest [K
pulling f5c702d8820d:  95% ▕█████████████████ ▏  27 GB/ 28 GB   61 MB/s     24s[K[?25h[?2026l[?2026h[?25l[A[1Gpulling manifest [K
pulling f5c702d8820d:  95% ▕█████████████████ ▏  27 GB/ 28 GB   61 MB/s     24s[K[?25h[?2026l[?2026h[?25l[A[1Gpulling manifest [K
pulling f5c702d8820d:  95% ▕█████████████████ ▏  27 GB/ 28 GB   61 MB/s     23s[K[?25h[?2026l[?2026h[?25l[A[1Gpulling manifest [K
pulling f5c702d8820d:  95% ▕█████████████████ ▏  27 GB/ 28 GB   61 MB/s     23s[K[?25h[?2026l[?2026h[?25l[A[1Gpulling manifest [K
pulling f5c702d8820d:  95% ▕█████████████████ ▏  27 GB/ 28 GB   61 MB/s     23s[K[?25h[?2026l[?2026h[?25l[A[1Gpulling manifest [K
pulling f5c702d8820d:  95% ▕█████████████████ ▏  27 GB/ 28 GB   61 MB/s     23s[K[?25h[?2026l[?2026h[?25l[A[1Gpulling manifest [K
pulling f5c702d8820d:  95% ▕█████████████████ ▏  27 GB/ 28 GB   61 MB/s     23s[K[?25h[?2026l[?2026h[?25l[A[1Gpulling manifest [K
pulling f5c702d8820d:  95% ▕█████████████████ ▏  27 GB/ 28 GB   61 MB/s     23s[K[?25h[?2026l[?2026h[?25l[A[1Gpulling manifest [K
pulling f5c702d8820d:  95% ▕█████████████████ ▏  27 GB/ 28 GB   61 MB/s     23s[K[?25h[?2026l[?2026h[?25l[A[1Gpulling manifest [K
pulling f5c702d8820d:  95% ▕█████████████████ ▏  27 GB/ 28 GB   61 MB/s     23s[K[?25h[?2026l[?2026h[?25l[A[1Gpulling manifest [K
pulling f5c702d8820d:  95% ▕█████████████████ ▏  27 GB/ 28 GB   61 MB/s     23s[K[?25h[?2026l[?2026h[?25l[A[1Gpulling manifest [K
pulling f5c702d8820d:  95% ▕█████████████████ ▏  27 GB/ 28 GB   61 MB/s     23s[K[?25h[?2026l[?2026h[?25l[A[1Gpulling manifest [K
pulling f5c702d8820d:  95% ▕█████████████████ ▏  27 GB/ 28 GB   61 MB/s     22s[K[?25h[?2026l[?2026h[?25l[A[1Gpulling manifest [K
pulling f5c702d8820d:  95% ▕█████████████████ ▏  27 GB/ 28 GB   61 MB/s     22s[K[?25h[?2026l[?2026h[?25l[A[1Gpulling manifest [K
pulling f5c702d8820d:  95% ▕█████████████████ ▏  27 GB/ 28 GB   61 MB/s     22s[K[?25h[?2026l[?2026h[?25l[A[1Gpulling manifest [K
pulling f5c702d8820d:  95% ▕█████████████████ ▏  27 GB/ 28 GB   61 MB/s     22s[K[?25h[?2026l[?2026h[?25l[A[1Gpulling manifest [K
pulling f5c702d8820d:  95% ▕█████████████████ ▏  27 GB/ 28 GB   61 MB/s     22s[K[?25h[?2026l[?2026h[?25l[A[1Gpulling manifest [K
pulling f5c702d8820d:  95% ▕█████████████████ ▏  27 GB/ 28 GB   61 MB/s     22s[K[?25h[?2026l[?2026h[?25l[A[1Gpulling manifest [K
pulling f5c702d8820d:  95% ▕█████████████████ ▏  27 GB/ 28 GB   61 MB/s     22s[K[?25h[?2026l[?2026h[?25l[A[1Gpulling manifest [K
pulling f5c702d8820d:  95% ▕█████████████████ ▏  27 GB/ 28 GB   61 MB/s     22s[K[?25h[?2026l[?2026h[?25l[A[1Gpulling manifest [K
pulling f5c702d8820d:  95% ▕█████████████████ ▏  27 GB/ 28 GB   61 MB/s     22s[K[?25h[?2026l[?2026h[?25l[A[1Gpulling manifest [K
pulling f5c702d8820d:  95% ▕█████████████████ ▏  27 GB/ 28 GB   61 MB/s     22s[K[?25h[?2026l[?2026h[?25l[A[1Gpulling manifest [K
pulling f5c702d8820d:  95% ▕█████████████████ ▏  27 GB/ 28 GB   61 MB/s     22s[K[?25h[?2026l[?2026h[?25l[A[1Gpulling manifest [K
pulling f5c702d8820d:  95% ▕█████████████████ ▏  27 GB/ 28 GB   61 MB/s     21s[K[?25h[?2026l[?2026h[?25l[A[1Gpulling manifest [K
pulling f5c702d8820d:  95% ▕█████████████████ ▏  27 GB/ 28 GB   61 MB/s     21s[K[?25h[?2026l[?2026h[?25l[A[1Gpulling manifest [K
pulling f5c702d8820d:  95% ▕█████████████████ ▏  27 GB/ 28 GB   61 MB/s     21s[K[?25h[?2026l[?2026h[?25l[A[1Gpulling manifest [K
pulling f5c702d8820d:  95% ▕█████████████████ ▏  27 GB/ 28 GB   61 MB/s     21s[K[?25h[?2026l[?2026h[?25l[A[1Gpulling manifest [K
pulling f5c702d8820d:  95% ▕█████████████████ ▏  27 GB/ 28 GB   61 MB/s     21s[K[?25h[?2026l[?2026h[?25l[A[1Gpulling manifest [K
pulling f5c702d8820d:  95% ▕█████████████████ ▏  27 GB/ 28 GB   61 MB/s     21s[K[?25h[?2026l[?2026h[?25l[A[1Gpulling manifest [K
pulling f5c702d8820d:  95% ▕█████████████████ ▏  27 GB/ 28 GB   61 MB/s     21s[K[?25h[?2026l[?2026h[?25l[A[1Gpulling manifest [K
pulling f5c702d8820d:  95% ▕█████████████████ ▏  27 GB/ 28 GB   61 MB/s     21s[K[?25h[?2026l[?2026h[?25l[A[1Gpulling manifest [K
pulling f5c702d8820d:  95% ▕█████████████████ ▏  27 GB/ 28 GB   61 MB/s     21s[K[?25h[?2026l[?2026h[?25l[A[1Gpulling manifest [K
pulling f5c702d8820d:  95% ▕█████████████████ ▏  27 GB/ 28 GB   61 MB/s     20s[K[?25h[?2026l[?2026h[?25l[A[1Gpulling manifest [K
pulling f5c702d8820d:  96% ▕█████████████████ ▏  27 GB/ 28 GB   61 MB/s     20s[K[?25h[?2026l[?2026h[?25l[A[1Gpulling manifest [K
pulling f5c702d8820d:  96% ▕█████████████████ ▏  27 GB/ 28 GB   61 MB/s     20s[K[?25h[?2026l[?2026h[?25l[A[1Gpulling manifest [K
pulling f5c702d8820d:  96% ▕█████████████████ ▏  27 GB/ 28 GB   61 MB/s     20s[K[?25h[?2026l[?2026h[?25l[A[1Gpulling manifest [K
pulling f5c702d8820d:  96% ▕█████████████████ ▏  27 GB/ 28 GB   61 MB/s     20s[K[?25h[?2026l[?2026h[?25l[A[1Gpulling manifest [K
pulling f5c702d8820d:  96% ▕█████████████████ ▏  27 GB/ 28 GB   61 MB/s     20s[K[?25h[?2026l[?2026h[?25l[A[1Gpulling manifest [K
pulling f5c702d8820d:  96% ▕█████████████████ ▏  27 GB/ 28 GB   61 MB/s     20s[K[?25h[?2026l[?2026h[?25l[A[1Gpulling manifest [K
pulling f5c702d8820d:  96% ▕█████████████████ ▏  27 GB/ 28 GB   61 MB/s     20s[K[?25h[?2026l[?2026h[?25l[A[1Gpulling manifest [K
pulling f5c702d8820d:  96% ▕█████████████████ ▏  27 GB/ 28 GB   61 MB/s     20s[K[?25h[?2026l[?2026h[?25l[A[1Gpulling manifest [K
pulling f5c702d8820d:  96% ▕█████████████████ ▏  27 GB/ 28 GB   61 MB/s     20s[K[?25h[?2026l[?2026h[?25l[A[1Gpulling manifest [K
pulling f5c702d8820d:  96% ▕█████████████████ ▏  27 GB/ 28 GB   61 MB/s     19s[K[?25h[?2026l[?2026h[?25l[A[1Gpulling manifest [K
pulling f5c702d8820d:  96% ▕█████████████████ ▏  27 GB/ 28 GB   61 MB/s     19s[K[?25h[?2026l[?2026h[?25l[A[1Gpulling manifest [K
pulling f5c702d8820d:  96% ▕█████████████████ ▏  27 GB/ 28 GB   61 MB/s     19s[K[?25h[?2026l[?2026h[?25l[A[1Gpulling manifest [K
pulling f5c702d8820d:  96% ▕█████████████████ ▏  27 GB/ 28 GB   63 MB/s     19s[K[?25h[?2026l[?2026h[?25l[A[1Gpulling manifest [K
pulling f5c702d8820d:  96% ▕█████████████████ ▏  27 GB/ 28 GB   63 MB/s     18s[K[?25h[?2026l[?2026h[?25l[A[1Gpulling manifest [K
pulling f5c702d8820d:  96% ▕█████████████████ ▏  27 GB/ 28 GB   63 MB/s     18s[K[?25h[?2026l[?2026h[?25l[A[1Gpulling manifest [K
pulling f5c702d8820d:  96% ▕█████████████████ ▏  27 GB/ 28 GB   63 MB/s     18s[K[?25h[?2026l[?2026h[?25l[A[1Gpulling manifest [K
pulling f5c702d8820d:  96% ▕█████████████████ ▏  27 GB/ 28 GB   63 MB/s     18s[K[?25h[?2026l[?2026h[?25l[A[1Gpulling manifest [K
pulling f5c702d8820d:  96% ▕█████████████████ ▏  27 GB/ 28 GB   63 MB/s     18s[K[?25h[?2026l[?2026h[?25l[A[1Gpulling manifest [K
pulling f5c702d8820d:  96% ▕█████████████████ ▏  27 GB/ 28 GB   63 MB/s     18s[K[?25h[?2026l[?2026h[?25l[A[1Gpulling manifest [K
pulling f5c702d8820d:  96% ▕█████████████████ ▏  27 GB/ 28 GB   63 MB/s     18s[K[?25h[?2026l[?2026h[?25l[A[1Gpulling manifest [K
pulling f5c702d8820d:  96% ▕█████████████████ ▏  27 GB/ 28 GB   63 MB/s     18s[K[?25h[?2026l[?2026h[?25l[A[1Gpulling manifest [K
pulling f5c702d8820d:  96% ▕█████████████████ ▏  27 GB/ 28 GB   63 MB/s     18s[K[?25h[?2026l[?2026h[?25l[A[1Gpulling manifest [K
pulling f5c702d8820d:  96% ▕█████████████████ ▏  27 GB/ 28 GB   63 MB/s     18s[K[?25h[?2026l[?2026h[?25l[A[1Gpulling manifest [K
pulling f5c702d8820d:  96% ▕█████████████████ ▏  27 GB/ 28 GB   63 MB/s     17s[K[?25h[?2026l[?2026h[?25l[A[1Gpulling manifest [K
pulling f5c702d8820d:  96% ▕█████████████████ ▏  27 GB/ 28 GB   63 MB/s     17s[K[?25h[?2026l[?2026h[?25l[A[1Gpulling manifest [K
pulling f5c702d8820d:  96% ▕█████████████████ ▏  27 GB/ 28 GB   63 MB/s     17s[K[?25h[?2026l[?2026h[?25l[A[1Gpulling manifest [K
pulling f5c702d8820d:  96% ▕█████████████████ ▏  27 GB/ 28 GB   63 MB/s     17s[K[?25h[?2026l[?2026h[?25l[A[1Gpulling manifest [K
pulling f5c702d8820d:  96% ▕█████████████████ ▏  27 GB/ 28 GB   63 MB/s     17s[K[?25h[?2026l[?2026h[?25l[A[1Gpulling manifest [K
pulling f5c702d8820d:  96% ▕█████████████████ ▏  27 GB/ 28 GB   63 MB/s     17s[K[?25h[?2026l[?2026h[?25l[A[1Gpulling manifest [K
pulling f5c702d8820d:  96% ▕█████████████████ ▏  27 GB/ 28 GB   63 MB/s     17s[K[?25h[?2026l[?2026h[?25l[A[1Gpulling manifest [K
pulling f5c702d8820d:  96% ▕█████████████████ ▏  27 GB/ 28 GB   63 MB/s     17s[K[?25h[?2026l[?2026h[?25l[A[1Gpulling manifest [K
pulling f5c702d8820d:  96% ▕█████████████████ ▏  27 GB/ 28 GB   63 MB/s     17s[K[?25h[?2026l[?2026h[?25l[A[1Gpulling manifest [K
pulling f5c702d8820d:  96% ▕█████████████████ ▏  27 GB/ 28 GB   63 MB/s     17s[K[?25h[?2026l[?2026h[?25l[A[1Gpulling manifest [K
pulling f5c702d8820d:  96% ▕█████████████████ ▏  27 GB/ 28 GB   63 MB/s     16s[K[?25h[?2026l[?2026h[?25l[A[1Gpulling manifest [K
pulling f5c702d8820d:  96% ▕█████████████████ ▏  27 GB/ 28 GB   63 MB/s     16s[K[?25h[?2026l[?2026h[?25l[A[1Gpulling manifest [K
pulling f5c702d8820d:  96% ▕█████████████████ ▏  27 GB/ 28 GB   63 MB/s     16s[K[?25h[?2026l[?2026h[?25l[A[1Gpulling manifest [K
pulling f5c702d8820d:  96% ▕█████████████████ ▏  27 GB/ 28 GB   63 MB/s     16s[K[?25h[?2026l[?2026h[?25l[A[1Gpulling manifest [K
pulling f5c702d8820d:  96% ▕█████████████████ ▏  27 GB/ 28 GB   63 MB/s     16s[K[?25h[?2026l[?2026h[?25l[A[1Gpulling manifest [K
pulling f5c702d8820d:  96% ▕█████████████████ ▏  27 GB/ 28 GB   63 MB/s     16s[K[?25h[?2026l[?2026h[?25l[A[1Gpulling manifest [K
pulling f5c702d8820d:  96% ▕█████████████████ ▏  27 GB/ 28 GB   63 MB/s     16s[K[?25h[?2026l[?2026h[?25l[A[1Gpulling manifest [K
pulling f5c702d8820d:  96% ▕█████████████████ ▏  27 GB/ 28 GB   63 MB/s     16s[K[?25h[?2026l[?2026h[?25l[A[1Gpulling manifest [K
pulling f5c702d8820d:  96% ▕█████████████████ ▏  27 GB/ 28 GB   63 MB/s     16s[K[?25h[?2026l[?2026h[?25l[A[1Gpulling manifest [K
pulling f5c702d8820d:  96% ▕█████████████████ ▏  27 GB/ 28 GB   63 MB/s     16s[K[?25h[?2026l[?2026h[?25l[A[1Gpulling manifest [K
pulling f5c702d8820d:  96% ▕█████████████████ ▏  27 GB/ 28 GB   63 MB/s     16s[K[?25h[?2026l[?2026h[?25l[A[1Gpulling manifest [K
pulling f5c702d8820d:  96% ▕█████████████████ ▏  27 GB/ 28 GB   63 MB/s     15s[K[?25h[?2026l[?2026h[?25l[A[1Gpulling manifest [K
pulling f5c702d8820d:  96% ▕█████████████████ ▏  27 GB/ 28 GB   63 MB/s     15s[K[?25h[?2026l[?2026h[?25l[A[1Gpulling manifest [K
pulling f5c702d8820d:  97% ▕█████████████████ ▏  27 GB/ 28 GB   63 MB/s     15s[K[?25h[?2026l[?2026h[?25l[A[1Gpulling manifest [K
pulling f5c702d8820d:  97% ▕█████████████████ ▏  27 GB/ 28 GB   63 MB/s     15s[K[?25h[?2026l[?2026h[?25l[A[1Gpulling manifest [K
pulling f5c702d8820d:  97% ▕█████████████████ ▏  27 GB/ 28 GB   63 MB/s     15s[K[?25h[?2026l[?2026h[?25l[A[1Gpulling manifest [K
pulling f5c702d8820d:  97% ▕█████████████████ ▏  27 GB/ 28 GB   63 MB/s     15s[K[?25h[?2026l[?2026h[?25l[A[1Gpulling manifest [K
pulling f5c702d8820d:  97% ▕█████████████████ ▏  27 GB/ 28 GB   63 MB/s     15s[K[?25h[?2026l[?2026h[?25l[A[1Gpulling manifest [K
pulling f5c702d8820d:  97% ▕█████████████████ ▏  27 GB/ 28 GB   63 MB/s     15s[K[?25h[?2026l[?2026h[?25l[A[1Gpulling manifest [K
pulling f5c702d8820d:  97% ▕█████████████████ ▏  27 GB/ 28 GB   63 MB/s     15s[K[?25h[?2026l[?2026h[?25l[A[1Gpulling manifest [K
pulling f5c702d8820d:  97% ▕█████████████████ ▏  27 GB/ 28 GB   63 MB/s     15s[K[?25h[?2026l[?2026h[?25l[A[1Gpulling manifest [K
pulling f5c702d8820d:  97% ▕█████████████████ ▏  27 GB/ 28 GB   63 MB/s     14s[K[?25h[?2026l[?2026h[?25l[A[1Gpulling manifest [K
pulling f5c702d8820d:  97% ▕█████████████████ ▏  27 GB/ 28 GB   63 MB/s     14s[K[?25h[?2026l[?2026h[?25l[A[1Gpulling manifest [K
pulling f5c702d8820d:  97% ▕█████████████████ ▏  27 GB/ 28 GB   63 MB/s     14s[K[?25h[?2026l[?2026h[?25l[A[1Gpulling manifest [K
pulling f5c702d8820d:  97% ▕█████████████████ ▏  27 GB/ 28 GB   63 MB/s     14s[K[?25h[?2026l[?2026h[?25l[A[1Gpulling manifest [K
pulling f5c702d8820d:  97% ▕█████████████████ ▏  27 GB/ 28 GB   63 MB/s     14s[K[?25h[?2026l[?2026h[?25l[A[1Gpulling manifest [K
pulling f5c702d8820d:  97% ▕█████████████████ ▏  27 GB/ 28 GB   63 MB/s     14s[K[?25h[?2026l[?2026h[?25l[A[1Gpulling manifest [K
pulling f5c702d8820d:  97% ▕█████████████████ ▏  27 GB/ 28 GB   63 MB/s     14s[K[?25h[?2026l[?2026h[?25l[A[1Gpulling manifest [K
pulling f5c702d8820d:  97% ▕█████████████████ ▏  27 GB/ 28 GB   63 MB/s     14s[K[?25h[?2026l[?2026h[?25l[A[1Gpulling manifest [K
pulling f5c702d8820d:  97% ▕█████████████████ ▏  27 GB/ 28 GB   63 MB/s     14s[K[?25h[?2026l[?2026h[?25l[A[1Gpulling manifest [K
pulling f5c702d8820d:  97% ▕█████████████████ ▏  27 GB/ 28 GB   63 MB/s     14s[K[?25h[?2026l[?2026h[?25l[A[1Gpulling manifest [K
pulling f5c702d8820d:  97% ▕█████████████████ ▏  27 GB/ 28 GB   63 MB/s     14s[K[?25h[?2026l[?2026h[?25l[A[1Gpulling manifest [K
pulling f5c702d8820d:  97% ▕█████████████████ ▏  27 GB/ 28 GB   63 MB/s     13s[K[?25h[?2026l[?2026h[?25l[A[1Gpulling manifest [K
pulling f5c702d8820d:  97% ▕█████████████████ ▏  27 GB/ 28 GB   63 MB/s     13s[K[?25h[?2026l[?2026h[?25l[A[1Gpulling manifest [K
pulling f5c702d8820d:  97% ▕█████████████████ ▏  27 GB/ 28 GB   63 MB/s     13s[K[?25h[?2026l[?2026h[?25l[A[1Gpulling manifest [K
pulling f5c702d8820d:  97% ▕█████████████████ ▏  27 GB/ 28 GB   63 MB/s     13s[K[?25h[?2026l[?2026h[?25l[A[1Gpulling manifest [K
pulling f5c702d8820d:  97% ▕█████████████████ ▏  27 GB/ 28 GB   63 MB/s     13s[K[?25h[?2026l[?2026h[?25l[A[1Gpulling manifest [K
pulling f5c702d8820d:  97% ▕█████████████████ ▏  27 GB/ 28 GB   63 MB/s     13s[K[?25h[?2026l[?2026h[?25l[A[1Gpulling manifest [K
pulling f5c702d8820d:  97% ▕█████████████████ ▏  27 GB/ 28 GB   63 MB/s     13s[K[?25h[?2026l[?2026h[?25l[A[1Gpulling manifest [K
pulling f5c702d8820d:  97% ▕█████████████████ ▏  27 GB/ 28 GB   63 MB/s     13s[K[?25h[?2026l[?2026h[?25l[A[1Gpulling manifest [K
pulling f5c702d8820d:  97% ▕█████████████████ ▏  27 GB/ 28 GB   63 MB/s     13s[K[?25h[?2026l[?2026h[?25l[A[1Gpulling manifest [K
pulling f5c702d8820d:  97% ▕█████████████████ ▏  27 GB/ 28 GB   63 MB/s     13s[K[?25h[?2026l[?2026h[?25l[A[1Gpulling manifest [K
pulling f5c702d8820d:  97% ▕█████████████████ ▏  27 GB/ 28 GB   63 MB/s     12s[K[?25h[?2026l[?2026h[?25l[A[1Gpulling manifest [K
pulling f5c702d8820d:  97% ▕█████████████████ ▏  27 GB/ 28 GB   63 MB/s     12s[K[?25h[?2026l[?2026h[?25l[A[1Gpulling manifest [K
pulling f5c702d8820d:  97% ▕█████████████████ ▏  27 GB/ 28 GB   63 MB/s     12s[K[?25h[?2026l[?2026h[?25l[A[1Gpulling manifest [K
pulling f5c702d8820d:  97% ▕█████████████████ ▏  27 GB/ 28 GB   63 MB/s     12s[K[?25h[?2026l[?2026h[?25l[A[1Gpulling manifest [K
pulling f5c702d8820d:  97% ▕█████████████████ ▏  27 GB/ 28 GB   63 MB/s     12s[K[?25h[?2026l[?2026h[?25l[A[1Gpulling manifest [K
pulling f5c702d8820d:  97% ▕█████████████████ ▏  27 GB/ 28 GB   63 MB/s     12s[K[?25h[?2026l[?2026h[?25l[A[1Gpulling manifest [K
pulling f5c702d8820d:  97% ▕█████████████████ ▏  27 GB/ 28 GB   63 MB/s     12s[K[?25h[?2026l[?2026h[?25l[A[1Gpulling manifest [K
pulling f5c702d8820d:  97% ▕█████████████████ ▏  27 GB/ 28 GB   63 MB/s     12s[K[?25h[?2026l[?2026h[?25l[A[1Gpulling manifest [K
pulling f5c702d8820d:  97% ▕█████████████████ ▏  27 GB/ 28 GB   63 MB/s     12s[K[?25h[?2026l[?2026h[?25l[A[1Gpulling manifest [K
pulling f5c702d8820d:  97% ▕█████████████████ ▏  27 GB/ 28 GB   61 MB/s     12s[K[?25h[?2026l[?2026h[?25l[A[1Gpulling manifest [K
pulling f5c702d8820d:  97% ▕█████████████████ ▏  27 GB/ 28 GB   61 MB/s     12s[K[?25h[?2026l[?2026h[?25l[A[1Gpulling manifest [K
pulling f5c702d8820d:  97% ▕█████████████████ ▏  27 GB/ 28 GB   61 MB/s     12s[K[?25h[?2026l[?2026h[?25l[A[1Gpulling manifest [K
pulling f5c702d8820d:  97% ▕█████████████████ ▏  27 GB/ 28 GB   61 MB/s     12s[K[?25h[?2026l[?2026h[?25l[A[1Gpulling manifest [K
pulling f5c702d8820d:  97% ▕█████████████████ ▏  27 GB/ 28 GB   61 MB/s     12s[K[?25h[?2026l[?2026h[?25l[A[1Gpulling manifest [K
pulling f5c702d8820d:  97% ▕█████████████████ ▏  27 GB/ 28 GB   61 MB/s     12s[K[?25h[?2026l[?2026h[?25l[A[1Gpulling manifest [K
pulling f5c702d8820d:  97% ▕█████████████████ ▏  27 GB/ 28 GB   61 MB/s     12s[K[?25h[?2026l[?2026h[?25l[A[1Gpulling manifest [K
pulling f5c702d8820d:  97% ▕█████████████████ ▏  27 GB/ 28 GB   61 MB/s     12s[K[?25h[?2026l[?2026h[?25l[A[1Gpulling manifest [K
pulling f5c702d8820d:  97% ▕█████████████████ ▏  27 GB/ 28 GB   61 MB/s     11s[K[?25h[?2026l[?2026h[?25l[A[1Gpulling manifest [K
pulling f5c702d8820d:  97% ▕█████████████████ ▏  27 GB/ 28 GB   61 MB/s     11s[K[?25h[?2026l[?2026h[?25l[A[1Gpulling manifest [K
pulling f5c702d8820d:  97% ▕█████████████████ ▏  27 GB/ 28 GB   61 MB/s     11s[K[?25h[?2026l[?2026h[?25l[A[1Gpulling manifest [K
pulling f5c702d8820d:  98% ▕█████████████████ ▏  27 GB/ 28 GB   61 MB/s     11s[K[?25h[?2026l[?2026h[?25l[A[1Gpulling manifest [K
pulling f5c702d8820d:  98% ▕█████████████████ ▏  27 GB/ 28 GB   61 MB/s     11s[K[?25h[?2026l[?2026h[?25l[A[1Gpulling manifest [K
pulling f5c702d8820d:  98% ▕█████████████████ ▏  27 GB/ 28 GB   61 MB/s     11s[K[?25h[?2026l[?2026h[?25l[A[1Gpulling manifest [K
pulling f5c702d8820d:  98% ▕█████████████████ ▏  27 GB/ 28 GB   61 MB/s     11s[K[?25h[?2026l[?2026h[?25l[A[1Gpulling manifest [K
pulling f5c702d8820d:  98% ▕█████████████████ ▏  27 GB/ 28 GB   61 MB/s     11s[K[?25h[?2026l[?2026h[?25l[A[1Gpulling manifest [K
pulling f5c702d8820d:  98% ▕█████████████████ ▏  27 GB/ 28 GB   61 MB/s     11s[K[?25h[?2026l[?2026h[?25l[A[1Gpulling manifest [K
pulling f5c702d8820d:  98% ▕█████████████████ ▏  27 GB/ 28 GB   61 MB/s     11s[K[?25h[?2026l[?2026h[?25l[A[1Gpulling manifest [K
pulling f5c702d8820d:  98% ▕█████████████████ ▏  27 GB/ 28 GB   61 MB/s     10s[K[?25h[?2026l[?2026h[?25l[A[1Gpulling manifest [K
pulling f5c702d8820d:  98% ▕█████████████████ ▏  27 GB/ 28 GB   61 MB/s     10s[K[?25h[?2026l[?2026h[?25l[A[1Gpulling manifest [K
pulling f5c702d8820d:  98% ▕█████████████████ ▏  27 GB/ 28 GB   60 MB/s     10s[K[?25h[?2026l[?2026h[?25l[A[1Gpulling manifest [K
pulling f5c702d8820d:  98% ▕█████████████████ ▏  27 GB/ 28 GB   60 MB/s     10s[K[?25h[?2026l[?2026h[?25l[A[1Gpulling manifest [K
pulling f5c702d8820d:  98% ▕█████████████████ ▏  27 GB/ 28 GB   60 MB/s     10s[K[?25h[?2026l[?2026h[?25l[A[1Gpulling manifest [K
pulling f5c702d8820d:  98% ▕█████████████████ ▏  27 GB/ 28 GB   60 MB/s     10s[K[?25h[?2026l[?2026h[?25l[A[1Gpulling manifest [K
pulling f5c702d8820d:  98% ▕█████████████████ ▏  27 GB/ 28 GB   60 MB/s     10s[K[?25h[?2026l[?2026h[?25l[A[1Gpulling manifest [K
pulling f5c702d8820d:  98% ▕█████████████████ ▏  27 GB/ 28 GB   60 MB/s     10s[K[?25h[?2026l[?2026h[?25l[A[1Gpulling manifest [K
pulling f5c702d8820d:  98% ▕█████████████████ ▏  27 GB/ 28 GB   60 MB/s     10s[K[?25h[?2026l[?2026h[?25l[A[1Gpulling manifest [K
pulling f5c702d8820d:  98% ▕█████████████████ ▏  27 GB/ 28 GB   60 MB/s     10s[K[?25h[?2026l[?2026h[?25l[A[1Gpulling manifest [K
pulling f5c702d8820d:  98% ▕█████████████████ ▏  27 GB/ 28 GB   60 MB/s     10s[K[?25h[?2026l[?2026h[?25l[A[1Gpulling manifest [K
pulling f5c702d8820d:  98% ▕█████████████████ ▏  27 GB/ 28 GB   60 MB/s      9s[K[?25h[?2026l[?2026h[?25l[A[1Gpulling manifest [K
pulling f5c702d8820d:  98% ▕█████████████████ ▏  27 GB/ 28 GB   60 MB/s      9s[K[?25h[?2026l[?2026h[?25l[A[1Gpulling manifest [K
pulling f5c702d8820d:  98% ▕█████████████████ ▏  28 GB/ 28 GB   60 MB/s      9s[K[?25h[?2026l[?2026h[?25l[A[1Gpulling manifest [K
pulling f5c702d8820d:  98% ▕█████████████████ ▏  28 GB/ 28 GB   60 MB/s      9s[K[?25h[?2026l[?2026h[?25l[A[1Gpulling manifest [K
pulling f5c702d8820d:  98% ▕█████████████████ ▏  28 GB/ 28 GB   60 MB/s      9s[K[?25h[?2026l[?2026h[?25l[A[1Gpulling manifest [K
pulling f5c702d8820d:  98% ▕█████████████████ ▏  28 GB/ 28 GB   60 MB/s      9s[K[?25h[?2026l[?2026h[?25l[A[1Gpulling manifest [K
pulling f5c702d8820d:  98% ▕█████████████████ ▏  28 GB/ 28 GB   60 MB/s      9s[K[?25h[?2026l[?2026h[?25l[A[1Gpulling manifest [K
pulling f5c702d8820d:  98% ▕█████████████████ ▏  28 GB/ 28 GB   60 MB/s      9s[K[?25h[?2026l[?2026h[?25l[A[1Gpulling manifest [K
pulling f5c702d8820d:  98% ▕█████████████████ ▏  28 GB/ 28 GB   60 MB/s      9s[K[?25h[?2026l[?2026h[?25l[A[1Gpulling manifest [K
pulling f5c702d8820d:  98% ▕█████████████████ ▏  28 GB/ 28 GB   60 MB/s      9s[K[?25h[?2026l[?2026h[?25l[A[1Gpulling manifest [K
pulling f5c702d8820d:  98% ▕█████████████████ ▏  28 GB/ 28 GB   60 MB/s      8s[K[?25h[?2026l[?2026h[?25l[A[1Gpulling manifest [K
pulling f5c702d8820d:  98% ▕█████████████████ ▏  28 GB/ 28 GB   60 MB/s      8s[K[?25h[?2026l[?2026h[?25l[A[1Gpulling manifest [K
pulling f5c702d8820d:  98% ▕█████████████████ ▏  28 GB/ 28 GB   60 MB/s      8s[K[?25h[?2026l[?2026h[?25l[A[1Gpulling manifest [K
pulling f5c702d8820d:  98% ▕█████████████████ ▏  28 GB/ 28 GB   60 MB/s      8s[K[?25h[?2026l[?2026h[?25l[A[1Gpulling manifest [K
pulling f5c702d8820d:  98% ▕█████████████████ ▏  28 GB/ 28 GB   60 MB/s      8s[K[?25h[?2026l[?2026h[?25l[A[1Gpulling manifest [K
pulling f5c702d8820d:  98% ▕█████████████████ ▏  28 GB/ 28 GB   60 MB/s      8s[K[?25h[?2026l[?2026h[?25l[A[1Gpulling manifest [K
pulling f5c702d8820d:  98% ▕█████████████████ ▏  28 GB/ 28 GB   60 MB/s      8s[K[?25h[?2026l[?2026h[?25l[A[1Gpulling manifest [K
pulling f5c702d8820d:  98% ▕█████████████████ ▏  28 GB/ 28 GB   60 MB/s      8s[K[?25h[?2026l[?2026h[?25l[A[1Gpulling manifest [K
pulling f5c702d8820d:  98% ▕█████████████████ ▏  28 GB/ 28 GB   60 MB/s      8s[K[?25h[?2026l[?2026h[?25l[A[1Gpulling manifest [K
pulling f5c702d8820d:  98% ▕█████████████████ ▏  28 GB/ 28 GB   60 MB/s      8s[K[?25h[?2026l[?2026h[?25l[A[1Gpulling manifest [K
pulling f5c702d8820d:  98% ▕█████████████████ ▏  28 GB/ 28 GB   60 MB/s      8s[K[?25h[?2026l[?2026h[?25l[A[1Gpulling manifest [K
pulling f5c702d8820d:  98% ▕█████████████████ ▏  28 GB/ 28 GB   60 MB/s      7s[K[?25h[?2026l[?2026h[?25l[A[1Gpulling manifest [K
pulling f5c702d8820d:  98% ▕█████████████████ ▏  28 GB/ 28 GB   60 MB/s      7s[K[?25h[?2026l[?2026h[?25l[A[1Gpulling manifest [K
pulling f5c702d8820d:  98% ▕█████████████████ ▏  28 GB/ 28 GB   60 MB/s      7s[K[?25h[?2026l[?2026h[?25l[A[1Gpulling manifest [K
pulling f5c702d8820d:  98% ▕█████████████████ ▏  28 GB/ 28 GB   60 MB/s      7s[K[?25h[?2026l[?2026h[?25l[A[1Gpulling manifest [K
pulling f5c702d8820d:  98% ▕█████████████████ ▏  28 GB/ 28 GB   60 MB/s      7s[K[?25h[?2026l[?2026h[?25l[A[1Gpulling manifest [K
pulling f5c702d8820d:  98% ▕█████████████████ ▏  28 GB/ 28 GB   60 MB/s      7s[K[?25h[?2026l[?2026h[?25l[A[1Gpulling manifest [K
pulling f5c702d8820d:  98% ▕█████████████████ ▏  28 GB/ 28 GB   60 MB/s      7s[K[?25h[?2026l[?2026h[?25l[A[1Gpulling manifest [K
pulling f5c702d8820d:  98% ▕█████████████████ ▏  28 GB/ 28 GB   60 MB/s      7s[K[?25h[?2026l[?2026h[?25l[A[1Gpulling manifest [K
pulling f5c702d8820d:  98% ▕█████████████████ ▏  28 GB/ 28 GB   60 MB/s      7s[K[?25h[?2026l[?2026h[?25l[A[1Gpulling manifest [K
pulling f5c702d8820d:  99% ▕█████████████████ ▏  28 GB/ 28 GB   60 MB/s      6s[K[?25h[?2026l[?2026h[?25l[A[1Gpulling manifest [K
pulling f5c702d8820d:  99% ▕█████████████████ ▏  28 GB/ 28 GB   60 MB/s      6s[K[?25h[?2026l[?2026h[?25l[A[1Gpulling manifest [K
pulling f5c702d8820d:  99% ▕█████████████████ ▏  28 GB/ 28 GB   60 MB/s      6s[K[?25h[?2026l[?2026h[?25l[A[1Gpulling manifest [K
pulling f5c702d8820d:  99% ▕█████████████████ ▏  28 GB/ 28 GB   60 MB/s      6s[K[?25h[?2026l[?2026h[?25l[A[1Gpulling manifest [K
pulling f5c702d8820d:  99% ▕█████████████████ ▏  28 GB/ 28 GB   60 MB/s      6s[K[?25h[?2026l[?2026h[?25l[A[1Gpulling manifest [K
pulling f5c702d8820d:  99% ▕█████████████████ ▏  28 GB/ 28 GB   60 MB/s      6s[K[?25h[?2026l[?2026h[?25l[A[1Gpulling manifest [K
pulling f5c702d8820d:  99% ▕█████████████████ ▏  28 GB/ 28 GB   60 MB/s      6s[K[?25h[?2026l[?2026h[?25l[A[1Gpulling manifest [K
pulling f5c702d8820d:  99% ▕█████████████████ ▏  28 GB/ 28 GB   60 MB/s      6s[K[?25h[?2026l[?2026h[?25l[A[1Gpulling manifest [K
pulling f5c702d8820d:  99% ▕█████████████████ ▏  28 GB/ 28 GB   60 MB/s      6s[K[?25h[?2026l[?2026h[?25l[A[1Gpulling manifest [K
pulling f5c702d8820d:  99% ▕█████████████████ ▏  28 GB/ 28 GB   60 MB/s      6s[K[?25h[?2026l[?2026h[?25l[A[1Gpulling manifest [K
pulling f5c702d8820d:  99% ▕█████████████████ ▏  28 GB/ 28 GB   60 MB/s      6s[K[?25h[?2026l[?2026h[?25l[A[1Gpulling manifest [K
pulling f5c702d8820d:  99% ▕█████████████████ ▏  28 GB/ 28 GB   60 MB/s      5s[K[?25h[?2026l[?2026h[?25l[A[1Gpulling manifest [K
pulling f5c702d8820d:  99% ▕█████████████████ ▏  28 GB/ 28 GB   59 MB/s      5s[K[?25h[?2026l[?2026h[?25l[A[1Gpulling manifest [K
pulling f5c702d8820d:  99% ▕█████████████████ ▏  28 GB/ 28 GB   59 MB/s      5s[K[?25h[?2026l[?2026h[?25l[A[1Gpulling manifest [K
pulling f5c702d8820d:  99% ▕█████████████████ ▏  28 GB/ 28 GB   59 MB/s      5s[K[?25h[?2026l[?2026h[?25l[A[1Gpulling manifest [K
pulling f5c702d8820d:  99% ▕█████████████████ ▏  28 GB/ 28 GB   59 MB/s      5s[K[?25h[?2026l[?2026h[?25l[A[1Gpulling manifest [K
pulling f5c702d8820d:  99% ▕█████████████████ ▏  28 GB/ 28 GB   59 MB/s      5s[K[?25h[?2026l[?2026h[?25l[A[1Gpulling manifest [K
pulling f5c702d8820d:  99% ▕█████████████████ ▏  28 GB/ 28 GB   59 MB/s      5s[K[?25h[?2026l[?2026h[?25l[A[1Gpulling manifest [K
pulling f5c702d8820d:  99% ▕█████████████████ ▏  28 GB/ 28 GB   59 MB/s      5s[K[?25h[?2026l[?2026h[?25l[A[1Gpulling manifest [K
pulling f5c702d8820d:  99% ▕█████████████████ ▏  28 GB/ 28 GB   59 MB/s      5s[K[?25h[?2026l[?2026h[?25l[A[1Gpulling manifest [K
pulling f5c702d8820d:  99% ▕█████████████████ ▏  28 GB/ 28 GB   59 MB/s      5s[K[?25h[?2026l[?2026h[?25l[A[1Gpulling manifest [K
pulling f5c702d8820d:  99% ▕█████████████████ ▏  28 GB/ 28 GB   59 MB/s      4s[K[?25h[?2026l[?2026h[?25l[A[1Gpulling manifest [K
pulling f5c702d8820d:  99% ▕█████████████████ ▏  28 GB/ 28 GB   59 MB/s      4s[K[?25h[?2026l[?2026h[?25l[A[1Gpulling manifest [K
pulling f5c702d8820d:  99% ▕█████████████████ ▏  28 GB/ 28 GB   59 MB/s      4s[K[?25h[?2026l[?2026h[?25l[A[1Gpulling manifest [K
pulling f5c702d8820d:  99% ▕█████████████████ ▏  28 GB/ 28 GB   59 MB/s      4s[K[?25h[?2026l[?2026h[?25l[A[1Gpulling manifest [K
pulling f5c702d8820d:  99% ▕█████████████████ ▏  28 GB/ 28 GB   59 MB/s      4s[K[?25h[?2026l[?2026h[?25l[A[1Gpulling manifest [K
pulling f5c702d8820d:  99% ▕█████████████████ ▏  28 GB/ 28 GB   59 MB/s      4s[K[?25h[?2026l[?2026h[?25l[A[1Gpulling manifest [K
pulling f5c702d8820d:  99% ▕█████████████████ ▏  28 GB/ 28 GB   59 MB/s      4s[K[?25h[?2026l[?2026h[?25l[A[1Gpulling manifest [K
pulling f5c702d8820d:  99% ▕█████████████████ ▏  28 GB/ 28 GB   59 MB/s      4s[K[?25h[?2026l[?2026h[?25l[A[1Gpulling manifest [K
pulling f5c702d8820d:  99% ▕█████████████████ ▏  28 GB/ 28 GB   59 MB/s      4s[K[?25h[?2026l[?2026h[?25l[A[1Gpulling manifest [K
pulling f5c702d8820d:  99% ▕█████████████████ ▏  28 GB/ 28 GB   59 MB/s      4s[K[?25h[?2026l[?2026h[?25l[A[1Gpulling manifest [K
pulling f5c702d8820d:  99% ▕█████████████████ ▏  28 GB/ 28 GB   59 MB/s      3s[K[?25h[?2026l[?2026h[?25l[A[1Gpulling manifest [K
pulling f5c702d8820d:  99% ▕█████████████████ ▏  28 GB/ 28 GB   59 MB/s      3s[K[?25h[?2026l[?2026h[?25l[A[1Gpulling manifest [K
pulling f5c702d8820d:  99% ▕█████████████████ ▏  28 GB/ 28 GB   61 MB/s      3s[K[?25h[?2026l[?2026h[?25l[A[1Gpulling manifest [K
pulling f5c702d8820d:  99% ▕█████████████████ ▏  28 GB/ 28 GB   61 MB/s      3s[K[?25h[?2026l[?2026h[?25l[A[1Gpulling manifest [K
pulling f5c702d8820d:  99% ▕█████████████████ ▏  28 GB/ 28 GB   61 MB/s      3s[K[?25h[?2026l[?2026h[?25l[A[1Gpulling manifest [K
pulling f5c702d8820d:  99% ▕█████████████████ ▏  28 GB/ 28 GB   61 MB/s      3s[K[?25h[?2026l[?2026h[?25l[A[1Gpulling manifest [K
pulling f5c702d8820d:  99% ▕█████████████████ ▏  28 GB/ 28 GB   61 MB/s      3s[K[?25h[?2026l[?2026h[?25l[A[1Gpulling manifest [K
pulling f5c702d8820d:  99% ▕█████████████████ ▏  28 GB/ 28 GB   61 MB/s      3s[K[?25h[?2026l[?2026h[?25l[A[1Gpulling manifest [K
pulling f5c702d8820d:  99% ▕█████████████████ ▏  28 GB/ 28 GB   61 MB/s      3s[K[?25h[?2026l[?2026h[?25l[A[1Gpulling manifest [K
pulling f5c702d8820d:  99% ▕█████████████████ ▏  28 GB/ 28 GB   61 MB/s      2s[K[?25h[?2026l[?2026h[?25l[A[1Gpulling manifest [K
pulling f5c702d8820d:  99% ▕█████████████████ ▏  28 GB/ 28 GB   61 MB/s      2s[K[?25h[?2026l[?2026h[?25l[A[1Gpulling manifest [K
pulling f5c702d8820d:  99% ▕█████████████████ ▏  28 GB/ 28 GB   61 MB/s      2s[K[?25h[?2026l[?2026h[?25l[A[1Gpulling manifest [K
pulling f5c702d8820d:  99% ▕█████████████████ ▏  28 GB/ 28 GB   61 MB/s      2s[K[?25h[?2026l[?2026h[?25l[A[1Gpulling manifest [K
pulling f5c702d8820d:  99% ▕█████████████████ ▏  28 GB/ 28 GB   61 MB/s      2s[K[?25h[?2026l[?2026h[?25l[A[1Gpulling manifest [K
pulling f5c702d8820d:  99% ▕█████████████████ ▏  28 GB/ 28 GB   61 MB/s      2s[K[?25h[?2026l[?2026h[?25l[A[1Gpulling manifest [K
pulling f5c702d8820d:  99% ▕█████████████████ ▏  28 GB/ 28 GB   61 MB/s      2s[K[?25h[?2026l[?2026h[?25l[A[1Gpulling manifest [K
pulling f5c702d8820d: 100% ▕█████████████████ ▏  28 GB/ 28 GB   61 MB/s      2s[K[?25h[?2026l[?2026h[?25l[A[1Gpulling manifest [K
pulling f5c702d8820d: 100% ▕█████████████████ ▏  28 GB/ 28 GB   61 MB/s      2s[K[?25h[?2026l[?2026h[?25l[A[1Gpulling manifest [K
pulling f5c702d8820d: 100% ▕█████████████████ ▏  28 GB/ 28 GB   61 MB/s      2s[K[?25h[?2026l[?2026h[?25l[A[1Gpulling manifest [K
pulling f5c702d8820d: 100% ▕█████████████████ ▏  28 GB/ 28 GB   61 MB/s      1s[K[?25h[?2026l[?2026h[?25l[A[1Gpulling manifest [K
pulling f5c702d8820d: 100% ▕█████████████████ ▏  28 GB/ 28 GB   61 MB/s      1s[K[?25h[?2026l[?2026h[?25l[A[1Gpulling manifest [K
pulling f5c702d8820d: 100% ▕█████████████████ ▏  28 GB/ 28 GB   61 MB/s      1s[K[?25h[?2026l[?2026h[?25l[A[1Gpulling manifest [K
pulling f5c702d8820d: 100% ▕█████████████████ ▏  28 GB/ 28 GB   61 MB/s      1s[K[?25h[?2026l[?2026h[?25l[A[1Gpulling manifest [K
pulling f5c702d8820d: 100% ▕█████████████████ ▏  28 GB/ 28 GB   61 MB/s      1s[K[?25h[?2026l[?2026h[?25l[A[1Gpulling manifest [K
pulling f5c702d8820d: 100% ▕█████████████████ ▏  28 GB/ 28 GB   61 MB/s      1s[K[?25h[?2026l[?2026h[?25l[A[1Gpulling manifest [K
pulling f5c702d8820d: 100% ▕█████████████████ ▏  28 GB/ 28 GB   61 MB/s      1s[K[?25h[?2026l[?2026h[?25l[A[1Gpulling manifest [K
pulling f5c702d8820d: 100% ▕█████████████████ ▏  28 GB/ 28 GB   61 MB/s      1s[K[?25h[?2026l[?2026h[?25l[A[1Gpulling manifest [K
pulling f5c702d8820d: 100% ▕█████████████████ ▏  28 GB/ 28 GB   61 MB/s      1s[K[?25h[?2026l[?2026h[?25l[A[1Gpulling manifest [K
pulling f5c702d8820d: 100% ▕█████████████████ ▏  28 GB/ 28 GB   61 MB/s      1s[K[?25h[?2026l[?2026h[?25l[A[1Gpulling manifest [K
pulling f5c702d8820d: 100% ▕█████████████████ ▏  28 GB/ 28 GB   61 MB/s      0s[K[?25h[?2026l[?2026h[?25l[A[1Gpulling manifest [K
pulling f5c702d8820d: 100% ▕█████████████████ ▏  28 GB/ 28 GB   61 MB/s      0s[K[?25h[?2026l[?2026h[?25l[A[1Gpulling manifest [K
pulling f5c702d8820d: 100% ▕█████████████████ ▏  28 GB/ 28 GB   61 MB/s      0s[K[?25h[?2026l[?2026h[?25l[A[1Gpulling manifest [K
pulling f5c702d8820d: 100% ▕█████████████████ ▏  28 GB/ 28 GB   61 MB/s      0s[K[?25h[?2026l[?2026h[?25l[A[1Gpulling manifest [K
pulling f5c702d8820d: 100% ▕█████████████████ ▏  28 GB/ 28 GB   61 MB/s      0s[K[?25h[?2026l[?2026h[?25l[A[1Gpulling manifest [K
pulling f5c702d8820d: 100% ▕█████████████████ ▏  28 GB/ 28 GB   61 MB/s      0s[K[?25h[?2026l[?2026h[?25l[A[1Gpulling manifest [K
pulling f5c702d8820d: 100% ▕█████████████████ ▏  28 GB/ 28 GB   61 MB/s      0s[K[?25h[?2026l[?2026h[?25l[A[1Gpulling manifest [K
pulling f5c702d8820d: 100% ▕█████████████████ ▏  28 GB/ 28 GB   61 MB/s      0s[K[?25h[?2026l[?2026h[?25l[A[1Gpulling manifest [K
pulling f5c702d8820d: 100% ▕█████████████████ ▏  28 GB/ 28 GB   61 MB/s      0s[K[?25h[?2026l[?2026h[?25l[A[1Gpulling manifest [K
pulling f5c702d8820d: 100% ▕█████████████████ ▏  28 GB/ 28 GB   61 MB/s      0s[K[?25h[?2026l[?2026h[?25l[A[1Gpulling manifest [K
pulling f5c702d8820d: 100% ▕██████████████████▏  28 GB                         [K[?25h[?2026l[?2026h[?25l[A[1Gpulling manifest [K
pulling f5c702d8820d: 100% ▕██████████████████▏  28 GB                         [K[?25h[?2026l[?2026h[?25l[A[1Gpulling manifest [K
pulling f5c702d8820d: 100% ▕██████████████████▏  28 GB                         [K[?25h[?2026l[?2026h[?25l[A[1Gpulling manifest [K
pulling f5c702d8820d: 100% ▕██████████████████▏  28 GB                         [K[?25h[?2026l[?2026h[?25l[A[1Gpulling manifest [K
pulling f5c702d8820d: 100% ▕██████████████████▏  28 GB                         [K[?25h[?2026l[?2026h[?25l[A[1Gpulling manifest [K
pulling f5c702d8820d: 100% ▕██████████████████▏  28 GB                         [K[?25h[?2026l[?2026h[?25l[A[1Gpulling manifest [K
pulling f5c702d8820d: 100% ▕██████████████████▏  28 GB                         [K[?25h[?2026l[?2026h[?25l[A[1Gpulling manifest [K
pulling f5c702d8820d: 100% ▕██████████████████▏  28 GB                         [K[?25h[?2026l[?2026h[?25l[A[1Gpulling manifest [K
pulling f5c702d8820d: 100% ▕██████████████████▏  28 GB                         [K[?25h[?2026l[?2026h[?25l[A[1Gpulling manifest [K
pulling f5c702d8820d: 100% ▕██████████████████▏  28 GB                         [K[?25h[?2026l[?2026h[?25l[A[1Gpulling manifest [K
pulling f5c702d8820d: 100% ▕██████████████████▏  28 GB                         [K[?25h[?2026l[?2026h[?25l[A[1Gpulling manifest [K
pulling f5c702d8820d: 100% ▕██████████████████▏  28 GB                         [K[?25h[?2026l[?2026h[?25l[A[1Gpulling manifest [K
pulling f5c702d8820d: 100% ▕██████████████████▏  28 GB                         [K[?25h[?2026l[?2026h[?25l[A[1Gpulling manifest [K
pulling f5c702d8820d: 100% ▕██████████████████▏  28 GB                         [K[?25h[?2026l[?2026h[?25l[A[1Gpulling manifest [K
pulling f5c702d8820d: 100% ▕██████████████████▏  28 GB                         [K[?25h[?2026l[?2026h[?25l[A[1Gpulling manifest [K
pulling f5c702d8820d: 100% ▕██████████████████▏  28 GB                         [K[?25h[?2026l[?2026h[?25l[A[1Gpulling manifest [K
pulling f5c702d8820d: 100% ▕██████████████████▏  28 GB                         [K[?25h[?2026l[?2026h[?25l[A[1Gpulling manifest [K
pulling f5c702d8820d: 100% ▕██████████████████▏  28 GB                         [K[?25h[?2026l[?2026h[?25l[A[1Gpulling manifest [K
pulling f5c702d8820d: 100% ▕██████████████████▏  28 GB                         [K[?25h[?2026l[?2026h[?25l[A[1Gpulling manifest [K
pulling f5c702d8820d: 100% ▕██████████████████▏  28 GB                         [K[?25h[?2026l[?2026h[?25l[A[1Gpulling manifest [K
pulling f5c702d8820d: 100% ▕██████████████████▏  28 GB                         [K[?25h[?2026l[?2026h[?25l[A[1Gpulling manifest [K
pulling f5c702d8820d: 100% ▕██████████████████▏  28 GB                         [K[?25h[?2026l[?2026h[?25l[A[1Gpulling manifest [K
pulling f5c702d8820d: 100% ▕██████████████████▏  28 GB                         [K[?25h[?2026l[?2026h[?25l[A[1Gpulling manifest [K
pulling f5c702d8820d: 100% ▕██████████████████▏  28 GB                         [K[?25h[?2026l[?2026h[?25l[A[1Gpulling manifest [K
pulling f5c702d8820d: 100% ▕██████████████████▏  28 GB                         [K[?25h[?2026l[?2026h[?25l[A[1Gpulling manifest [K
pulling f5c702d8820d: 100% ▕██████████████████▏  28 GB                         [K[?25h[?2026l[?2026h[?25l[A[1Gpulling manifest [K
pulling f5c702d8820d: 100% ▕██████████████████▏  28 GB                         [K[?25h[?2026l[?2026h[?25l[A[1Gpulling manifest [K
pulling f5c702d8820d: 100% ▕██████████████████▏  28 GB                         [K[?25h[?2026l[?2026h[?25l[A[1Gpulling manifest [K
pulling f5c702d8820d: 100% ▕██████████████████▏  28 GB                         [K
pulling 2e968a6af97c:   1% ▕                  ▏ 6.0 MB/629 MB                  [K[?25h[?2026l[?2026h[?25l[A[A[1Gpulling manifest [K
pulling f5c702d8820d: 100% ▕██████████████████▏  28 GB                         [K
pulling 2e968a6af97c:   2% ▕                  ▏  12 MB/629 MB                  [K[?25h[?2026l[?2026h[?25l[A[A[1Gpulling manifest [K
pulling f5c702d8820d: 100% ▕██████████████████▏  28 GB                         [K
pulling 2e968a6af97c:   3% ▕                  ▏  16 MB/629 MB                  [K[?25h[?2026l[?2026h[?25l[A[A[1Gpulling manifest [K
pulling f5c702d8820d: 100% ▕██████████████████▏  28 GB                         [K
pulling 2e968a6af97c:   4% ▕                  ▏  23 MB/629 MB                  [K[?25h[?2026l[?2026h[?25l[A[A[1Gpulling manifest [K
pulling f5c702d8820d: 100% ▕██████████████████▏  28 GB                         [K
pulling 2e968a6af97c:   5% ▕                  ▏  31 MB/629 MB                  [K[?25h[?2026l[?2026h[?25l[A[A[1Gpulling manifest [K
pulling f5c702d8820d: 100% ▕██████████████████▏  28 GB                         [K
pulling 2e968a6af97c:   5% ▕                  ▏  34 MB/629 MB                  [K[?25h[?2026l[?2026h[?25l[A[A[1Gpulling manifest [K
pulling f5c702d8820d: 100% ▕██████████████████▏  28 GB                         [K
pulling 2e968a6af97c:   7% ▕█                 ▏  41 MB/629 MB                  [K[?25h[?2026l[?2026h[?25l[A[A[1Gpulling manifest [K
pulling f5c702d8820d: 100% ▕██████████████████▏  28 GB                         [K
pulling 2e968a6af97c:   8% ▕█                 ▏  49 MB/629 MB                  [K[?25h[?2026l[?2026h[?25l[A[A[1Gpulling manifest [K
pulling f5c702d8820d: 100% ▕██████████████████▏  28 GB                         [K
pulling 2e968a6af97c:   8% ▕█                 ▏  52 MB/629 MB                  [K[?25h[?2026l[?2026h[?25l[A[A[1Gpulling manifest [K
pulling f5c702d8820d: 100% ▕██████████████████▏  28 GB                         [K
pulling 2e968a6af97c:   9% ▕█                 ▏  59 MB/629 MB                  [K[?25h[?2026l[?2026h[?25l[A[A[1Gpulling manifest [K
pulling f5c702d8820d: 100% ▕██████████████████▏  28 GB                         [K
pulling 2e968a6af97c:  11% ▕█                 ▏  66 MB/629 MB   60 MB/s      9s[K[?25h[?2026l[?2026h[?25l[A[A[1Gpulling manifest [K
pulling f5c702d8820d: 100% ▕██████████████████▏  28 GB                         [K
pulling 2e968a6af97c:  11% ▕██                ▏  71 MB/629 MB   60 MB/s      9s[K[?25h[?2026l[?2026h[?25l[A[A[1Gpulling manifest [K
pulling f5c702d8820d: 100% ▕██████████████████▏  28 GB                         [K
pulling 2e968a6af97c:  12% ▕██                ▏  77 MB/629 MB   60 MB/s      9s[K[?25h[?2026l[?2026h[?25l[A[A[1Gpulling manifest [K
pulling f5c702d8820d: 100% ▕██████████████████▏  28 GB                         [K
pulling 2e968a6af97c:  13% ▕██                ▏  84 MB/629 MB   60 MB/s      8s[K[?25h[?2026l[?2026h[?25l[A[A[1Gpulling manifest [K
pulling f5c702d8820d: 100% ▕██████████████████▏  28 GB                         [K
pulling 2e968a6af97c:  14% ▕██                ▏  88 MB/629 MB   60 MB/s      8s[K[?25h[?2026l[?2026h[?25l[A[A[1Gpulling manifest [K
pulling f5c702d8820d: 100% ▕██████████████████▏  28 GB                         [K
pulling 2e968a6af97c:  15% ▕██                ▏  95 MB/629 MB   60 MB/s      8s[K[?25h[?2026l[?2026h[?25l[A[A[1Gpulling manifest [K
pulling f5c702d8820d: 100% ▕██████████████████▏  28 GB                         [K
pulling 2e968a6af97c:  16% ▕██                ▏ 102 MB/629 MB   60 MB/s      8s[K[?25h[?2026l[?2026h[?25l[A[A[1Gpulling manifest [K
pulling f5c702d8820d: 100% ▕██████████████████▏  28 GB                         [K
pulling 2e968a6af97c:  17% ▕███               ▏ 106 MB/629 MB   60 MB/s      8s[K[?25h[?2026l[?2026h[?25l[A[A[1Gpulling manifest [K
pulling f5c702d8820d: 100% ▕██████████████████▏  28 GB                         [K
pulling 2e968a6af97c:  18% ▕███               ▏ 114 MB/629 MB   60 MB/s      8s[K[?25h[?2026l[?2026h[?25l[A[A[1Gpulling manifest [K
pulling f5c702d8820d: 100% ▕██████████████████▏  28 GB                         [K
pulling 2e968a6af97c:  19% ▕███               ▏ 121 MB/629 MB   60 MB/s      8s[K[?25h[?2026l[?2026h[?25l[A[A[1Gpulling manifest [K
pulling f5c702d8820d: 100% ▕██████████████████▏  28 GB                         [K
pulling 2e968a6af97c:  20% ▕███               ▏ 124 MB/629 MB   61 MB/s      8s[K[?25h[?2026l[?2026h[?25l[A[A[1Gpulling manifest [K
pulling f5c702d8820d: 100% ▕██████████████████▏  28 GB                         [K
pulling 2e968a6af97c:  21% ▕███               ▏ 131 MB/629 MB   61 MB/s      8s[K[?25h[?2026l[?2026h[?25l[A[A[1Gpulling manifest [K
pulling f5c702d8820d: 100% ▕██████████████████▏  28 GB                         [K
pulling 2e968a6af97c:  22% ▕███               ▏ 138 MB/629 MB   61 MB/s      8s[K[?25h[?2026l[?2026h[?25l[A[A[1Gpulling manifest [K
pulling f5c702d8820d: 100% ▕██████████████████▏  28 GB                         [K
pulling 2e968a6af97c:  23% ▕████              ▏ 142 MB/629 MB   61 MB/s      7s[K[?25h[?2026l[?2026h[?25l[A[A[1Gpulling manifest [K
pulling f5c702d8820d: 100% ▕██████████████████▏  28 GB                         [K
pulling 2e968a6af97c:  24% ▕████              ▏ 149 MB/629 MB   61 MB/s      7s[K[?25h[?2026l[?2026h[?25l[A[A[1Gpulling manifest [K
pulling f5c702d8820d: 100% ▕██████████████████▏  28 GB                         [K
pulling 2e968a6af97c:  25% ▕████              ▏ 156 MB/629 MB   61 MB/s      7s[K[?25h[?2026l[?2026h[?25l[A[A[1Gpulling manifest [K
pulling f5c702d8820d: 100% ▕██████████████████▏  28 GB                         [K
pulling 2e968a6af97c:  25% ▕████              ▏ 160 MB/629 MB   61 MB/s      7s[K[?25h[?2026l[?2026h[?25l[A[A[1Gpulling manifest [K
pulling f5c702d8820d: 100% ▕██████████████████▏  28 GB                         [K
pulling 2e968a6af97c:  27% ▕████              ▏ 167 MB/629 MB   61 MB/s      7s[K[?25h[?2026l[?2026h[?25l[A[A[1Gpulling manifest [K
pulling f5c702d8820d: 100% ▕██████████████████▏  28 GB                         [K
pulling 2e968a6af97c:  28% ▕█████             ▏ 175 MB/629 MB   61 MB/s      7s[K[?25h[?2026l[?2026h[?25l[A[A[1Gpulling manifest [K
pulling f5c702d8820d: 100% ▕██████████████████▏  28 GB                         [K
pulling 2e968a6af97c:  28% ▕█████             ▏ 178 MB/629 MB   61 MB/s      7s[K[?25h[?2026l[?2026h[?25l[A[A[1Gpulling manifest [K
pulling f5c702d8820d: 100% ▕██████████████████▏  28 GB                         [K
pulling 2e968a6af97c:  29% ▕█████             ▏ 185 MB/629 MB   60 MB/s      7s[K[?25h[?2026l[?2026h[?25l[A[A[1Gpulling manifest [K
pulling f5c702d8820d: 100% ▕██████████████████▏  28 GB                         [K
pulling 2e968a6af97c:  30% ▕█████             ▏ 191 MB/629 MB   60 MB/s      7s[K[?25h[?2026l[?2026h[?25l[A[A[1Gpulling manifest [K
pulling f5c702d8820d: 100% ▕██████████████████▏  28 GB                         [K
pulling 2e968a6af97c:  31% ▕█████             ▏ 195 MB/629 MB   60 MB/s      7s[K[?25h[?2026l[?2026h[?25l[A[A[1Gpulling manifest [K
pulling f5c702d8820d: 100% ▕██████████████████▏  28 GB                         [K
pulling 2e968a6af97c:  32% ▕█████             ▏ 199 MB/629 MB   60 MB/s      7s[K[?25h[?2026l[?2026h[?25l[A[A[1Gpulling manifest [K
pulling f5c702d8820d: 100% ▕██████████████████▏  28 GB                         [K
pulling 2e968a6af97c:  33% ▕█████             ▏ 206 MB/629 MB   60 MB/s      6s[K[?25h[?2026l[?2026h[?25l[A[A[1Gpulling manifest [K
pulling f5c702d8820d: 100% ▕██████████████████▏  28 GB                         [K
pulling 2e968a6af97c:  33% ▕██████            ▏ 209 MB/629 MB   60 MB/s      6s[K[?25h[?2026l[?2026h[?25l[A[A[1Gpulling manifest [K
pulling f5c702d8820d: 100% ▕██████████████████▏  28 GB                         [K
pulling 2e968a6af97c:  35% ▕██████            ▏ 217 MB/629 MB   60 MB/s      6s[K[?25h[?2026l[?2026h[?25l[A[A[1Gpulling manifest [K
pulling f5c702d8820d: 100% ▕██████████████████▏  28 GB                         [K
pulling 2e968a6af97c:  36% ▕██████            ▏ 224 MB/629 MB   60 MB/s      6s[K[?25h[?2026l[?2026h[?25l[A[A[1Gpulling manifest [K
pulling f5c702d8820d: 100% ▕██████████████████▏  28 GB                         [K
pulling 2e968a6af97c:  36% ▕██████            ▏ 228 MB/629 MB   60 MB/s      6s[K[?25h[?2026l[?2026h[?25l[A[A[1Gpulling manifest [K
pulling f5c702d8820d: 100% ▕██████████████████▏  28 GB                         [K
pulling 2e968a6af97c:  37% ▕██████            ▏ 235 MB/629 MB   60 MB/s      6s[K[?25h[?2026l[?2026h[?25l[A[A[1Gpulling manifest [K
pulling f5c702d8820d: 100% ▕██████████████████▏  28 GB                         [K
pulling 2e968a6af97c:  39% ▕██████            ▏ 242 MB/629 MB   59 MB/s      6s[K[?25h[?2026l[?2026h[?25l[A[A[1Gpulling manifest [K
pulling f5c702d8820d: 100% ▕██████████████████▏  28 GB                         [K
pulling 2e968a6af97c:  39% ▕███████           ▏ 246 MB/629 MB   59 MB/s      6s[K[?25h[?2026l[?2026h[?25l[A[A[1Gpulling manifest [K
pulling f5c702d8820d: 100% ▕██████████████████▏  28 GB                         [K
pulling 2e968a6af97c:  40% ▕███████           ▏ 253 MB/629 MB   59 MB/s      6s[K[?25h[?2026l[?2026h[?25l[A[A[1Gpulling manifest [K
pulling f5c702d8820d: 100% ▕██████████████████▏  28 GB                         [K
pulling 2e968a6af97c:  41% ▕███████           ▏ 260 MB/629 MB   59 MB/s      6s[K[?25h[?2026l[?2026h[?25l[A[A[1Gpulling manifest [K
pulling f5c702d8820d: 100% ▕██████████████████▏  28 GB                         [K
pulling 2e968a6af97c:  42% ▕███████           ▏ 264 MB/629 MB   59 MB/s      6s[K[?25h[?2026l[?2026h[?25l[A[A[1Gpulling manifest [K
pulling f5c702d8820d: 100% ▕██████████████████▏  28 GB                         [K
pulling 2e968a6af97c:  43% ▕███████           ▏ 271 MB/629 MB   59 MB/s      5s[K[?25h[?2026l[?2026h[?25l[A[A[1Gpulling manifest [K
pulling f5c702d8820d: 100% ▕██████████████████▏  28 GB                         [K
pulling 2e968a6af97c:  44% ▕███████           ▏ 278 MB/629 MB   59 MB/s      5s[K[?25h[?2026l[?2026h[?25l[A[A[1Gpulling manifest [K
pulling f5c702d8820d: 100% ▕██████████████████▏  28 GB                         [K
pulling 2e968a6af97c:  45% ▕████████          ▏ 281 MB/629 MB   59 MB/s      5s[K[?25h[?2026l[?2026h[?25l[A[A[1Gpulling manifest [K
pulling f5c702d8820d: 100% ▕██████████████████▏  28 GB                         [K
pulling 2e968a6af97c:  46% ▕████████          ▏ 289 MB/629 MB   59 MB/s      5s[K[?25h[?2026l[?2026h[?25l[A[A[1Gpulling manifest [K
pulling f5c702d8820d: 100% ▕██████████████████▏  28 GB                         [K
pulling 2e968a6af97c:  47% ▕████████          ▏ 296 MB/629 MB   59 MB/s      5s[K[?25h[?2026l[?2026h[?25l[A[A[1Gpulling manifest [K
pulling f5c702d8820d: 100% ▕██████████████████▏  28 GB                         [K
pulling 2e968a6af97c:  48% ▕████████          ▏ 299 MB/629 MB   59 MB/s      5s[K[?25h[?2026l[?2026h[?25l[A[A[1Gpulling manifest [K
pulling f5c702d8820d: 100% ▕██████████████████▏  28 GB                         [K
pulling 2e968a6af97c:  49% ▕████████          ▏ 307 MB/629 MB   60 MB/s      5s[K[?25h[?2026l[?2026h[?25l[A[A[1Gpulling manifest [K
pulling f5c702d8820d: 100% ▕██████████████████▏  28 GB                         [K
pulling 2e968a6af97c:  50% ▕████████          ▏ 314 MB/629 MB   60 MB/s      5s[K[?25h[?2026l[?2026h[?25l[A[A[1Gpulling manifest [K
pulling f5c702d8820d: 100% ▕██████████████████▏  28 GB                         [K
pulling 2e968a6af97c:  51% ▕█████████         ▏ 317 MB/629 MB   60 MB/s      5s[K[?25h[?2026l[?2026h[?25l[A[A[1Gpulling manifest [K
pulling f5c702d8820d: 100% ▕██████████████████▏  28 GB                         [K
pulling 2e968a6af97c:  52% ▕█████████         ▏ 325 MB/629 MB   60 MB/s      5s[K[?25h[?2026l[?2026h[?25l[A[A[1Gpulling manifest [K
pulling f5c702d8820d: 100% ▕██████████████████▏  28 GB                         [K
pulling 2e968a6af97c:  53% ▕█████████         ▏ 332 MB/629 MB   60 MB/s      4s[K[?25h[?2026l[?2026h[?25l[A[A[1Gpulling manifest [K
pulling f5c702d8820d: 100% ▕██████████████████▏  28 GB                         [K
pulling 2e968a6af97c:  53% ▕█████████         ▏ 335 MB/629 MB   60 MB/s      4s[K[?25h[?2026l[?2026h[?25l[A[A[1Gpulling manifest [K
pulling f5c702d8820d: 100% ▕██████████████████▏  28 GB                         [K
pulling 2e968a6af97c:  55% ▕█████████         ▏ 343 MB/629 MB   60 MB/s      4s[K[?25h[?2026l[?2026h[?25l[A[A[1Gpulling manifest [K
pulling f5c702d8820d: 100% ▕██████████████████▏  28 GB                         [K
pulling 2e968a6af97c:  56% ▕██████████        ▏ 350 MB/629 MB   60 MB/s      4s[K[?25h[?2026l[?2026h[?25l[A[A[1Gpulling manifest [K
pulling f5c702d8820d: 100% ▕██████████████████▏  28 GB                         [K
pulling 2e968a6af97c:  56% ▕██████████        ▏ 354 MB/629 MB   60 MB/s      4s[K[?25h[?2026l[?2026h[?25l[A[A[1Gpulling manifest [K
pulling f5c702d8820d: 100% ▕██████████████████▏  28 GB                         [K
pulling 2e968a6af97c:  57% ▕██████████        ▏ 361 MB/629 MB   60 MB/s      4s[K[?25h[?2026l[?2026h[?25l[A[A[1Gpulling manifest [K
pulling f5c702d8820d: 100% ▕██████████████████▏  28 GB                         [K
pulling 2e968a6af97c:  59% ▕██████████        ▏ 368 MB/629 MB   60 MB/s      4s[K[?25h[?2026l[?2026h[?25l[A[A[1Gpulling manifest [K
pulling f5c702d8820d: 100% ▕██████████████████▏  28 GB                         [K
pulling 2e968a6af97c:  59% ▕██████████        ▏ 372 MB/629 MB   60 MB/s      4s[K[?25h[?2026l[?2026h[?25l[A[A[1Gpulling manifest [K
pulling f5c702d8820d: 100% ▕██████████████████▏  28 GB                         [K
pulling 2e968a6af97c:  60% ▕██████████        ▏ 378 MB/629 MB   60 MB/s      4s[K[?25h[?2026l[?2026h[?25l[A[A[1Gpulling manifest [K
pulling f5c702d8820d: 100% ▕██████████████████▏  28 GB                         [K
pulling 2e968a6af97c:  61% ▕███████████       ▏ 386 MB/629 MB   60 MB/s      4s[K[?25h[?2026l[?2026h[?25l[A[A[1Gpulling manifest [K
pulling f5c702d8820d: 100% ▕██████████████████▏  28 GB                         [K
pulling 2e968a6af97c:  62% ▕███████████       ▏ 390 MB/629 MB   60 MB/s      3s[K[?25h[?2026l[?2026h[?25l[A[A[1Gpulling manifest [K
pulling f5c702d8820d: 100% ▕██████████████████▏  28 GB                         [K
pulling 2e968a6af97c:  63% ▕███████████       ▏ 397 MB/629 MB   60 MB/s      3s[K[?25h[?2026l[?2026h[?25l[A[A[1Gpulling manifest [K
pulling f5c702d8820d: 100% ▕██████████████████▏  28 GB                         [K
pulling 2e968a6af97c:  64% ▕███████████       ▏ 404 MB/629 MB   60 MB/s      3s[K[?25h[?2026l[?2026h[?25l[A[A[1Gpulling manifest [K
pulling f5c702d8820d: 100% ▕██████████████████▏  28 GB                         [K
pulling 2e968a6af97c:  65% ▕███████████       ▏ 408 MB/629 MB   60 MB/s      3s[K[?25h[?2026l[?2026h[?25l[A[A[1Gpulling manifest [K
pulling f5c702d8820d: 100% ▕██████████████████▏  28 GB                         [K
pulling 2e968a6af97c:  66% ▕███████████       ▏ 415 MB/629 MB   60 MB/s      3s[K[?25h[?2026l[?2026h[?25l[A[A[1Gpulling manifest [K
pulling f5c702d8820d: 100% ▕██████████████████▏  28 GB                         [K
pulling 2e968a6af97c:  67% ▕████████████      ▏ 422 MB/629 MB   60 MB/s      3s[K[?25h[?2026l[?2026h[?25l[A[A[1Gpulling manifest [K
pulling f5c702d8820d: 100% ▕██████████████████▏  28 GB                         [K
pulling 2e968a6af97c:  68% ▕████████████      ▏ 426 MB/629 MB   60 MB/s      3s[K[?25h[?2026l[?2026h[?25l[A[A[1Gpulling manifest [K
pulling f5c702d8820d: 100% ▕██████████████████▏  28 GB                         [K
pulling 2e968a6af97c:  69% ▕████████████      ▏ 431 MB/629 MB   60 MB/s      3s[K[?25h[?2026l[?2026h[?25l[A[A[1Gpulling manifest [K
pulling f5c702d8820d: 100% ▕██████████████████▏  28 GB                         [K
pulling 2e968a6af97c:  70% ▕████████████      ▏ 439 MB/629 MB   60 MB/s      3s[K[?25h[?2026l[?2026h[?25l[A[A[1Gpulling manifest [K
pulling f5c702d8820d: 100% ▕██████████████████▏  28 GB                         [K
pulling 2e968a6af97c:  70% ▕████████████      ▏ 443 MB/629 MB   60 MB/s      3s[K[?25h[?2026l[?2026h[?25l[A[A[1Gpulling manifest [K
pulling f5c702d8820d: 100% ▕██████████████████▏  28 GB                         [K
pulling 2e968a6af97c:  72% ▕████████████      ▏ 450 MB/629 MB   60 MB/s      2s[K[?25h[?2026l[?2026h[?25l[A[A[1Gpulling manifest [K
pulling f5c702d8820d: 100% ▕██████████████████▏  28 GB                         [K
pulling 2e968a6af97c:  73% ▕█████████████     ▏ 457 MB/629 MB   60 MB/s      2s[K[?25h[?2026l[?2026h[?25l[A[A[1Gpulling manifest [K
pulling f5c702d8820d: 100% ▕██████████████████▏  28 GB                         [K
pulling 2e968a6af97c:  73% ▕█████████████     ▏ 461 MB/629 MB   60 MB/s      2s[K[?25h[?2026l[?2026h[?25l[A[A[1Gpulling manifest [K
pulling f5c702d8820d: 100% ▕██████████████████▏  28 GB                         [K
pulling 2e968a6af97c:  74% ▕█████████████     ▏ 468 MB/629 MB   60 MB/s      2s[K[?25h[?2026l[?2026h[?25l[A[A[1Gpulling manifest [K
pulling f5c702d8820d: 100% ▕██████████████████▏  28 GB                         [K
pulling 2e968a6af97c:  76% ▕█████████████     ▏ 475 MB/629 MB   60 MB/s      2s[K[?25h[?2026l[?2026h[?25l[A[A[1Gpulling manifest [K
pulling f5c702d8820d: 100% ▕██████████████████▏  28 GB                         [K
pulling 2e968a6af97c:  76% ▕█████████████     ▏ 479 MB/629 MB   60 MB/s      2s[K[?25h[?2026l[?2026h[?25l[A[A[1Gpulling manifest [K
pulling f5c702d8820d: 100% ▕██████████████████▏  28 GB                         [K
pulling 2e968a6af97c:  77% ▕█████████████     ▏ 486 MB/629 MB   60 MB/s      2s[K[?25h[?2026l[?2026h[?25l[A[A[1Gpulling manifest [K
pulling f5c702d8820d: 100% ▕██████████████████▏  28 GB                         [K
pulling 2e968a6af97c:  78% ▕██████████████    ▏ 493 MB/629 MB   60 MB/s      2s[K[?25h[?2026l[?2026h[?25l[A[A[1Gpulling manifest [K
pulling f5c702d8820d: 100% ▕██████████████████▏  28 GB                         [K
pulling 2e968a6af97c:  79% ▕██████████████    ▏ 496 MB/629 MB   60 MB/s      2s[K[?25h[?2026l[?2026h[?25l[A[A[1Gpulling manifest [K
pulling f5c702d8820d: 100% ▕██████████████████▏  28 GB                         [K
pulling 2e968a6af97c:  80% ▕██████████████    ▏ 504 MB/629 MB   60 MB/s      2s[K[?25h[?2026l[?2026h[?25l[A[A[1Gpulling manifest [K
pulling f5c702d8820d: 100% ▕██████████████████▏  28 GB                         [K
pulling 2e968a6af97c:  81% ▕██████████████    ▏ 511 MB/629 MB   60 MB/s      1s[K[?25h[?2026l[?2026h[?25l[A[A[1Gpulling manifest [K
pulling f5c702d8820d: 100% ▕██████████████████▏  28 GB                         [K
pulling 2e968a6af97c:  82% ▕██████████████    ▏ 514 MB/629 MB   60 MB/s      1s[K[?25h[?2026l[?2026h[?25l[A[A[1Gpulling manifest [K
pulling f5c702d8820d: 100% ▕██████████████████▏  28 GB                         [K
pulling 2e968a6af97c:  83% ▕██████████████    ▏ 522 MB/629 MB   60 MB/s      1s[K[?25h[?2026l[?2026h[?25l[A[A[1Gpulling manifest [K
pulling f5c702d8820d: 100% ▕██████████████████▏  28 GB                         [K
pulling 2e968a6af97c:  84% ▕███████████████   ▏ 529 MB/629 MB   60 MB/s      1s[K[?25h[?2026l[?2026h[?25l[A[A[1Gpulling manifest [K
pulling f5c702d8820d: 100% ▕██████████████████▏  28 GB                         [K
pulling 2e968a6af97c:  85% ▕███████████████   ▏ 533 MB/629 MB   60 MB/s      1s[K[?25h[?2026l[?2026h[?25l[A[A[1Gpulling manifest [K
pulling f5c702d8820d: 100% ▕██████████████████▏  28 GB                         [K
pulling 2e968a6af97c:  86% ▕███████████████   ▏ 540 MB/629 MB   60 MB/s      1s[K[?25h[?2026l[?2026h[?25l[A[A[1Gpulling manifest [K
pulling f5c702d8820d: 100% ▕██████████████████▏  28 GB                         [K
pulling 2e968a6af97c:  87% ▕███████████████   ▏ 547 MB/629 MB   60 MB/s      1s[K[?25h[?2026l[?2026h[?25l[A[A[1Gpulling manifest [K
pulling f5c702d8820d: 100% ▕██████████████████▏  28 GB                         [K
pulling 2e968a6af97c:  88% ▕███████████████   ▏ 551 MB/629 MB   60 MB/s      1s[K[?25h[?2026l[?2026h[?25l[A[A[1Gpulling manifest [K
pulling f5c702d8820d: 100% ▕██████████████████▏  28 GB                         [K
pulling 2e968a6af97c:  89% ▕███████████████   ▏ 557 MB/629 MB   60 MB/s      1s[K[?25h[?2026l[?2026h[?25l[A[A[1Gpulling manifest [K
pulling f5c702d8820d: 100% ▕██████████████████▏  28 GB                         [K
pulling 2e968a6af97c:  90% ▕████████████████  ▏ 565 MB/629 MB   60 MB/s      1s[K[?25h[?2026l[?2026h[?25l[A[A[1Gpulling manifest [K
pulling f5c702d8820d: 100% ▕██████████████████▏  28 GB                         [K
pulling 2e968a6af97c:  90% ▕████████████████  ▏ 569 MB/629 MB   60 MB/s      0s[K[?25h[?2026l[?2026h[?25l[A[A[1Gpulling manifest [K
pulling f5c702d8820d: 100% ▕██████████████████▏  28 GB                         [K
pulling 2e968a6af97c:  92% ▕████████████████  ▏ 576 MB/629 MB   60 MB/s      0s[K[?25h[?2026l[?2026h[?25l[A[A[1Gpulling manifest [K
pulling f5c702d8820d: 100% ▕██████████████████▏  28 GB                         [K
pulling 2e968a6af97c:  93% ▕████████████████  ▏ 583 MB/629 MB   60 MB/s      0s[K[?25h[?2026l[?2026h[?25l[A[A[1Gpulling manifest [K
pulling f5c702d8820d: 100% ▕██████████████████▏  28 GB                         [K
pulling 2e968a6af97c:  93% ▕████████████████  ▏ 587 MB/629 MB   60 MB/s      0s[K[?25h[?2026l[?2026h[?25l[A[A[1Gpulling manifest [K
pulling f5c702d8820d: 100% ▕██████████████████▏  28 GB                         [K
pulling 2e968a6af97c:  94% ▕████████████████  ▏ 594 MB/629 MB   60 MB/s      0s[K[?25h[?2026l[?2026h[?25l[A[A[1Gpulling manifest [K
pulling f5c702d8820d: 100% ▕██████████████████▏  28 GB                         [K
pulling 2e968a6af97c:  96% ▕█████████████████ ▏ 601 MB/629 MB   60 MB/s      0s[K[?25h[?2026l[?2026h[?25l[A[A[1Gpulling manifest [K
pulling f5c702d8820d: 100% ▕██████████████████▏  28 GB                         [K
pulling 2e968a6af97c:  96% ▕█████████████████ ▏ 604 MB/629 MB   60 MB/s      0s[K[?25h[?2026l[?2026h[?25l[A[A[1Gpulling manifest [K
pulling f5c702d8820d: 100% ▕██████████████████▏  28 GB                         [K
pulling 2e968a6af97c:  96% ▕█████████████████ ▏ 604 MB/629 MB   60 MB/s      0s[K[?25h[?2026l[?2026h[?25l[A[A[1Gpulling manifest [K
pulling f5c702d8820d: 100% ▕██████████████████▏  28 GB                         [K
pulling 2e968a6af97c:  96% ▕█████████████████ ▏ 604 MB/629 MB   60 MB/s      0s[K[?25h[?2026l[?2026h[?25l[A[A[1Gpulling manifest [K
pulling f5c702d8820d: 100% ▕██████████████████▏  28 GB                         [K
pulling 2e968a6af97c:  96% ▕█████████████████ ▏ 606 MB/629 MB   60 MB/s      0s[K[?25h[?2026l[?2026h[?25l[A[A[1Gpulling manifest [K
pulling f5c702d8820d: 100% ▕██████████████████▏  28 GB                         [K
pulling 2e968a6af97c:  97% ▕█████████████████ ▏ 613 MB/629 MB   60 MB/s      0s[K[?25h[?2026l[?2026h[?25l[A[A[1Gpulling manifest [K
pulling f5c702d8820d: 100% ▕██████████████████▏  28 GB                         [K
pulling 2e968a6af97c:  99% ▕█████████████████ ▏ 620 MB/629 MB   60 MB/s      0s[K[?25h[?2026l[?2026h[?25l[A[A[1Gpulling manifest [K
pulling f5c702d8820d: 100% ▕██████████████████▏  28 GB                         [K
pulling 2e968a6af97c:  99% ▕█████████████████ ▏ 624 MB/629 MB   60 MB/s      0s[K[?25h[?2026l[?2026h[?25l[A[A[1Gpulling manifest [K
pulling f5c702d8820d: 100% ▕██████████████████▏  28 GB                         [K
pulling 2e968a6af97c: 100% ▕██████████████████▏ 629 MB                         [K[?25h[?2026l[?2026h[?25l[A[A[1Gpulling manifest [K
pulling f5c702d8820d: 100% ▕██████████████████▏  28 GB                         [K
pulling 2e968a6af97c: 100% ▕██████████████████▏ 629 MB                         [K[?25h[?2026l[?2026h[?25l[A[A[1Gpulling manifest [K
pulling f5c702d8820d: 100% ▕██████████████████▏  28 GB                         [K
pulling 2e968a6af97c: 100% ▕██████████████████▏ 629 MB                         [K[?25h[?2026l[?2026h[?25l[A[A[1Gpulling manifest [K
pulling f5c702d8820d: 100% ▕██████████████████▏  28 GB                         [K
pulling 2e968a6af97c: 100% ▕██████████████████▏ 629 MB                         [K[?25h[?2026l[?2026h[?25l[A[A[1Gpulling manifest [K
pulling f5c702d8820d: 100% ▕██████████████████▏  28 GB                         [K
pulling 2e968a6af97c: 100% ▕██████████████████▏ 629 MB                         [K[?25h[?2026l[?2026h[?25l[A[A[1Gpulling manifest [K
pulling f5c702d8820d: 100% ▕██████████████████▏  28 GB                         [K
pulling 2e968a6af97c: 100% ▕██████████████████▏ 629 MB                         [K[?25h[?2026l[?2026h[?25l[A[A[1Gpulling manifest [K
pulling f5c702d8820d: 100% ▕██████████████████▏  28 GB                         [K
pulling 2e968a6af97c: 100% ▕██████████████████▏ 629 MB                         [K[?25h[?2026l[?2026h[?25l[A[A[1Gpulling manifest [K
pulling f5c702d8820d: 100% ▕██████████████████▏  28 GB                         [K
pulling 2e968a6af97c: 100% ▕██████████████████▏ 629 MB                         [K[?25h[?2026l[?2026h[?25l[A[A[1Gpulling manifest [K
pulling f5c702d8820d: 100% ▕██████████████████▏  28 GB                         [K
pulling 2e968a6af97c: 100% ▕██████████████████▏ 629 MB                         [K[?25h[?2026l[?2026h[?25l[A[A[1Gpulling manifest [K
pulling f5c702d8820d: 100% ▕██████████████████▏  28 GB                         [K
pulling 2e968a6af97c: 100% ▕██████████████████▏ 629 MB                         [K[?25h[?2026l[?2026h[?25l[A[A[1Gpulling manifest [K
pulling f5c702d8820d: 100% ▕██████████████████▏  28 GB                         [K
pulling 2e968a6af97c: 100% ▕██████████████████▏ 629 MB                         [K[?25h[?2026l[?2026h[?25l[A[A[1Gpulling manifest [K
pulling f5c702d8820d: 100% ▕██████████████████▏  28 GB                         [K
pulling 2e968a6af97c: 100% ▕██████████████████▏ 629 MB                         [K[?25h[?2026l[?2026h[?25l[A[A[1Gpulling manifest [K
pulling f5c702d8820d: 100% ▕██████████████████▏  28 GB                         [K
pulling 2e968a6af97c: 100% ▕██████████████████▏ 629 MB                         [K[?25h[?2026l[?2026h[?25l[A[A[1Gpulling manifest [K
pulling f5c702d8820d: 100% ▕██████████████████▏  28 GB                         [K
pulling 2e968a6af97c: 100% ▕██████████████████▏ 629 MB                         [K[?25h[?2026l[?2026h[?25l[A[A[1Gpulling manifest [K
pulling f5c702d8820d: 100% ▕██████████████████▏  28 GB                         [K
pulling 2e968a6af97c: 100% ▕██████████████████▏ 629 MB                         [K[?25h[?2026l[?2026h[?25l[A[A[1Gpulling manifest [K
pulling f5c702d8820d: 100% ▕██████████████████▏  28 GB                         [K
pulling 2e968a6af97c: 100% ▕██████████████████▏ 629 MB                         [K[?25h[?2026l[?2026h[?25l[A[A[1Gpulling manifest [K
pulling f5c702d8820d: 100% ▕██████████████████▏  28 GB                         [K
pulling 2e968a6af97c: 100% ▕██████████████████▏ 629 MB                         [K[?25h[?2026l[?2026h[?25l[A[A[1Gpulling manifest [K
pulling f5c702d8820d: 100% ▕██████████████████▏  28 GB                         [K
pulling 2e968a6af97c: 100% ▕██████████████████▏ 629 MB                         [K[?25h[?2026l[?2026h[?25l[A[A[1Gpulling manifest [K
pulling f5c702d8820d: 100% ▕██████████████████▏  28 GB                         [K
pulling 2e968a6af97c: 100% ▕██████████████████▏ 629 MB                         [K[?25h[?2026l[?2026h[?25l[A[A[1Gpulling manifest [K
pulling f5c702d8820d: 100% ▕██████████████████▏  28 GB                         [K
pulling 2e968a6af97c: 100% ▕██████████████████▏ 629 MB                         [K[?25h[?2026l[?2026h[?25l[A[A[1Gpulling manifest [K
pulling f5c702d8820d: 100% ▕██████████████████▏  28 GB                         [K
pulling 2e968a6af97c: 100% ▕██████████████████▏ 629 MB                         [K[?25h[?2026l[?2026h[?25l[A[A[1Gpulling manifest [K
pulling f5c702d8820d: 100% ▕██████████████████▏  28 GB                         [K
pulling 2e968a6af97c: 100% ▕██████████████████▏ 629 MB                         [K[?25h[?2026l[?2026h[?25l[A[A[1Gpulling manifest [K
pulling f5c702d8820d: 100% ▕██████████████████▏  28 GB                         [K
pulling 2e968a6af97c: 100% ▕██████████████████▏ 629 MB                         [K[?25h[?2026l[?2026h[?25l[A[A[1Gpulling manifest [K
pulling f5c702d8820d: 100% ▕██████████████████▏  28 GB                         [K
pulling 2e968a6af97c: 100% ▕██████████████████▏ 629 MB                         [K[?25h[?2026l[?2026h[?25l[A[A[1Gpulling manifest [K
pulling f5c702d8820d: 100% ▕██████████████████▏  28 GB                         [K
pulling 2e968a6af97c: 100% ▕██████████████████▏ 629 MB                         [K[?25h[?2026l[?2026h[?25l[A[A[1Gpulling manifest [K
pulling f5c702d8820d: 100% ▕██████████████████▏  28 GB                         [K
pulling 2e968a6af97c: 100% ▕██████████████████▏ 629 MB                         [K[?25h[?2026l[?2026h[?25l[A[A[1Gpulling manifest [K
pulling f5c702d8820d: 100% ▕██████████████████▏  28 GB                         [K
pulling 2e968a6af97c: 100% ▕██████████████████▏ 629 MB                         [K[?25h[?2026l[?2026h[?25l[A[A[1Gpulling manifest [K
pulling f5c702d8820d: 100% ▕██████████████████▏  28 GB                         [K
pulling 2e968a6af97c: 100% ▕██████████████████▏ 629 MB                         [K[?25h[?2026l[?2026h[?25l[A[A[1Gpulling manifest [K
pulling f5c702d8820d: 100% ▕██████████████████▏  28 GB                         [K
pulling 2e968a6af97c: 100% ▕██████████████████▏ 629 MB                         [K[?25h[?2026l[?2026h[?25l[A[A[1Gpulling manifest [K
pulling f5c702d8820d: 100% ▕██████████████████▏  28 GB                         [K
pulling 2e968a6af97c: 100% ▕██████████████████▏ 629 MB                         [K[?25h[?2026l[?2026h[?25l[A[A[1Gpulling manifest [K
pulling f5c702d8820d: 100% ▕██████████████████▏  28 GB                         [K
pulling 2e968a6af97c: 100% ▕██████████████████▏ 629 MB                         [K[?25h[?2026l[?2026h[?25l[A[A[1Gpulling manifest [K
pulling f5c702d8820d: 100% ▕██████████████████▏  28 GB                         [K
pulling 2e968a6af97c: 100% ▕██████████████████▏ 629 MB                         [K[?25h[?2026l[?2026h[?25l[A[A[1Gpulling manifest [K
pulling f5c702d8820d: 100% ▕██████████████████▏  28 GB                         [K
pulling 2e968a6af97c: 100% ▕██████████████████▏ 629 MB                         [K[?25h[?2026l[?2026h[?25l[A[A[1Gpulling manifest [K
pulling f5c702d8820d: 100% ▕██████████████████▏  28 GB                         [K
pulling 2e968a6af97c: 100% ▕██████████████████▏ 629 MB                         [K[?25h[?2026l[?2026h[?25l[A[A[1Gpulling manifest [K
pulling f5c702d8820d: 100% ▕██████████████████▏  28 GB                         [K
pulling 2e968a6af97c: 100% ▕██████████████████▏ 629 MB                         [K[?25h[?2026l[?2026h[?25l[A[A[1Gpulling manifest [K
pulling f5c702d8820d: 100% ▕██████████████████▏  28 GB                         [K
pulling 2e968a6af97c: 100% ▕██████████████████▏ 629 MB                         [K[?25h[?2026l[?2026h[?25l[A[A[1Gpulling manifest [K
pulling f5c702d8820d: 100% ▕██████████████████▏  28 GB                         [K
pulling 2e968a6af97c: 100% ▕██████████████████▏ 629 MB                         [K[?25h[?2026l[?2026h[?25l[A[A[1Gpulling manifest [K
pulling f5c702d8820d: 100% ▕██████████████████▏  28 GB                         [K
pulling 2e968a6af97c: 100% ▕██████████████████▏ 629 MB                         [K[?25h[?2026l[?2026h[?25l[A[A[1Gpulling manifest [K
pulling f5c702d8820d: 100% ▕██████████████████▏  28 GB                         [K
pulling 2e968a6af97c: 100% ▕██████████████████▏ 629 MB                         [K[?25h[?2026l[?2026h[?25l[A[A[1Gpulling manifest [K
pulling f5c702d8820d: 100% ▕██████████████████▏  28 GB                         [K
pulling 2e968a6af97c: 100% ▕██████████████████▏ 629 MB                         [K[?25h[?2026l[?2026h[?25l[A[A[1Gpulling manifest [K
pulling f5c702d8820d: 100% ▕██████████████████▏  28 GB                         [K
pulling 2e968a6af97c: 100% ▕██████████████████▏ 629 MB                         [K[?25h[?2026l[?2026h[?25l[A[A[1Gpulling manifest [K
pulling f5c702d8820d: 100% ▕██████████████████▏  28 GB                         [K
pulling 2e968a6af97c: 100% ▕██████████████████▏ 629 MB                         [K[?25h[?2026l[?2026h[?25l[A[A[1Gpulling manifest [K
pulling f5c702d8820d: 100% ▕██████████████████▏  28 GB                         [K
pulling 2e968a6af97c: 100% ▕██████████████████▏ 629 MB                         [K[?25h[?2026l[?2026h[?25l[A[A[1Gpulling manifest [K
pulling f5c702d8820d: 100% ▕██████████████████▏  28 GB                         [K
pulling 2e968a6af97c: 100% ▕██████████████████▏ 629 MB                         [K[?25h[?2026l[?2026h[?25l[A[A[1Gpulling manifest [K
pulling f5c702d8820d: 100% ▕██████████████████▏  28 GB                         [K
pulling 2e968a6af97c: 100% ▕██████████████████▏ 629 MB                         [K[?25h[?2026l[?2026h[?25l[A[A[1Gpulling manifest [K
pulling f5c702d8820d: 100% ▕██████████████████▏  28 GB                         [K
pulling 2e968a6af97c: 100% ▕██████████████████▏ 629 MB                         [K[?25h[?2026l[?2026h[?25l[A[A[1Gpulling manifest [K
pulling f5c702d8820d: 100% ▕██████████████████▏  28 GB                         [K
pulling 2e968a6af97c: 100% ▕██████████████████▏ 629 MB                         [K[?25h[?2026l[?2026h[?25l[A[A[1Gpulling manifest [K
pulling f5c702d8820d: 100% ▕██████████████████▏  28 GB                         [K
pulling 2e968a6af97c: 100% ▕██████████████████▏ 629 MB                         [K[?25h[?2026l[?2026h[?25l[A[A[1Gpulling manifest [K
pulling f5c702d8820d: 100% ▕██████████████████▏  28 GB                         [K
pulling 2e968a6af97c: 100% ▕██████████████████▏ 629 MB                         [K[?25h[?2026l[?2026h[?25l[A[A[1Gpulling manifest [K
pulling f5c702d8820d: 100% ▕██████████████████▏  28 GB                         [K
pulling 2e968a6af97c: 100% ▕██████████████████▏ 629 MB                         [K[?25h[?2026l[?2026h[?25l[A[A[1Gpulling manifest [K
pulling f5c702d8820d: 100% ▕██████████████████▏  28 GB                         [K
pulling 2e968a6af97c: 100% ▕██████████████████▏ 629 MB                         [K[?25h[?2026l[?2026h[?25l[A[A[1Gpulling manifest [K
pulling f5c702d8820d: 100% ▕██████████████████▏  28 GB                         [K
pulling 2e968a6af97c: 100% ▕██████████████████▏ 629 MB                         [K[?25h[?2026l[?2026h[?25l[A[A[1Gpulling manifest [K
pulling f5c702d8820d: 100% ▕██████████████████▏  28 GB                         [K
pulling 2e968a6af97c: 100% ▕██████████████████▏ 629 MB                         [K[?25h[?2026l[?2026h[?25l[A[A[1Gpulling manifest [K
pulling f5c702d8820d: 100% ▕██████████████████▏  28 GB                         [K
pulling 2e968a6af97c: 100% ▕██████████████████▏ 629 MB                         [K[?25h[?2026l[?2026h[?25l[A[A[1Gpulling manifest [K
pulling f5c702d8820d: 100% ▕██████████████████▏  28 GB                         [K
pulling 2e968a6af97c: 100% ▕██████████████████▏ 629 MB                         [K[?25h[?2026l[?2026h[?25l[A[A[1Gpulling manifest [K
pulling f5c702d8820d: 100% ▕██████████████████▏  28 GB                         [K
pulling 2e968a6af97c: 100% ▕██████████████████▏ 629 MB                         [K[?25h[?2026l[?2026h[?25l[A[A[1Gpulling manifest [K
pulling f5c702d8820d: 100% ▕██████████████████▏  28 GB                         [K
pulling 2e968a6af97c: 100% ▕██████████████████▏ 629 MB                         [K[?25h[?2026l[?2026h[?25l[A[A[1Gpulling manifest [K
pulling f5c702d8820d: 100% ▕██████████████████▏  28 GB                         [K
pulling 2e968a6af97c: 100% ▕██████████████████▏ 629 MB                         [K[?25h[?2026l[?2026h[?25l[A[A[1Gpulling manifest [K
pulling f5c702d8820d: 100% ▕██████████████████▏  28 GB                         [K
pulling 2e968a6af97c: 100% ▕██████████████████▏ 629 MB                         [K[?25h[?2026l[?2026h[?25l[A[A[1Gpulling manifest [K
pulling f5c702d8820d: 100% ▕██████████████████▏  28 GB                         [K
pulling 2e968a6af97c: 100% ▕██████████████████▏ 629 MB                         [K[?25h[?2026l[?2026h[?25l[A[A[1Gpulling manifest [K
pulling f5c702d8820d: 100% ▕██████████████████▏  28 GB                         [K
pulling 2e968a6af97c: 100% ▕██████████████████▏ 629 MB                         [K[?25h[?2026l[?2026h[?25l[A[A[1Gpulling manifest [K
pulling f5c702d8820d: 100% ▕██████████████████▏  28 GB                         [K
pulling 2e968a6af97c: 100% ▕██████████████████▏ 629 MB                         [K[?25h[?2026l[?2026h[?25l[A[A[1Gpulling manifest [K
pulling f5c702d8820d: 100% ▕██████████████████▏  28 GB                         [K
pulling 2e968a6af97c: 100% ▕██████████████████▏ 629 MB                         [K[?25h[?2026l[?2026h[?25l[A[A[1Gpulling manifest [K
pulling f5c702d8820d: 100% ▕██████████████████▏  28 GB                         [K
pulling 2e968a6af97c: 100% ▕██████████████████▏ 629 MB                         [K[?25h[?2026l[?2026h[?25l[A[A[1Gpulling manifest [K
pulling f5c702d8820d: 100% ▕██████████████████▏  28 GB                         [K
pulling 2e968a6af97c: 100% ▕██████████████████▏ 629 MB                         [K[?25h[?2026l[?2026h[?25l[A[A[1Gpulling manifest [K
pulling f5c702d8820d: 100% ▕██████████████████▏  28 GB                         [K
pulling 2e968a6af97c: 100% ▕██████████████████▏ 629 MB                         [K[?25h[?2026l[?2026h[?25l[A[A[1Gpulling manifest [K
pulling f5c702d8820d: 100% ▕██████████████████▏  28 GB                         [K
pulling 2e968a6af97c: 100% ▕██████████████████▏ 629 MB                         [K[?25h[?2026l[?2026h[?25l[A[A[1Gpulling manifest [K
pulling f5c702d8820d: 100% ▕██████████████████▏  28 GB                         [K
pulling 2e968a6af97c: 100% ▕██████████████████▏ 629 MB                         [K[?25h[?2026l[?2026h[?25l[A[A[1Gpulling manifest [K
pulling f5c702d8820d: 100% ▕██████████████████▏  28 GB                         [K
pulling 2e968a6af97c: 100% ▕██████████████████▏ 629 MB                         [K[?25h[?2026l[?2026h[?25l[A[A[1Gpulling manifest [K
pulling f5c702d8820d: 100% ▕██████████████████▏  28 GB                         [K
pulling 2e968a6af97c: 100% ▕██████████████████▏ 629 MB                         [K[?25h[?2026l[?2026h[?25l[A[A[1Gpulling manifest [K
pulling f5c702d8820d: 100% ▕██████████████████▏  28 GB                         [K
pulling 2e968a6af97c: 100% ▕██████████████████▏ 629 MB                         [K[?25h[?2026l[?2026h[?25l[A[A[1Gpulling manifest [K
pulling f5c702d8820d: 100% ▕██████████████████▏  28 GB                         [K
pulling 2e968a6af97c: 100% ▕██████████████████▏ 629 MB                         [K[?25h[?2026l[?2026h[?25l[A[A[1Gpulling manifest [K
pulling f5c702d8820d: 100% ▕██████████████████▏  28 GB                         [K
pulling 2e968a6af97c: 100% ▕██████████████████▏ 629 MB                         [K[?25h[?2026l[?2026h[?25l[A[A[1Gpulling manifest [K
pulling f5c702d8820d: 100% ▕██████████████████▏  28 GB                         [K
pulling 2e968a6af97c: 100% ▕██████████████████▏ 629 MB                         [K[?25h[?2026l[?2026h[?25l[A[A[1Gpulling manifest [K
pulling f5c702d8820d: 100% ▕██████████████████▏  28 GB                         [K
pulling 2e968a6af97c: 100% ▕██████████████████▏ 629 MB                         [K[?25h[?2026l[?2026h[?25l[A[A[1Gpulling manifest [K
pulling f5c702d8820d: 100% ▕██████████████████▏  28 GB                         [K
pulling 2e968a6af97c: 100% ▕██████████████████▏ 629 MB                         [K[?25h[?2026l[?2026h[?25l[A[A[1Gpulling manifest [K
pulling f5c702d8820d: 100% ▕██████████████████▏  28 GB                         [K
pulling 2e968a6af97c: 100% ▕██████████████████▏ 629 MB                         [K[?25h[?2026l[?2026h[?25l[A[A[1Gpulling manifest [K
pulling f5c702d8820d: 100% ▕██████████████████▏  28 GB                         [K
pulling 2e968a6af97c: 100% ▕██████████████████▏ 629 MB                         [K[?25h[?2026l[?2026h[?25l[A[A[1Gpulling manifest [K
pulling f5c702d8820d: 100% ▕██████████████████▏  28 GB                         [K
pulling 2e968a6af97c: 100% ▕██████████████████▏ 629 MB                         [K[?25h[?2026l[?2026h[?25l[A[A[1Gpulling manifest [K
pulling f5c702d8820d: 100% ▕██████████████████▏  28 GB                         [K
pulling 2e968a6af97c: 100% ▕██████████████████▏ 629 MB                         [K[?25h[?2026l[?2026h[?25l[A[A[1Gpulling manifest [K
pulling f5c702d8820d: 100% ▕██████████████████▏  28 GB                         [K
pulling 2e968a6af97c: 100% ▕██████████████████▏ 629 MB                         [K[?25h[?2026l[?2026h[?25l[A[A[1Gpulling manifest [K
pulling f5c702d8820d: 100% ▕██████████████████▏  28 GB                         [K
pulling 2e968a6af97c: 100% ▕██████████████████▏ 629 MB                         [K[?25h[?2026l[?2026h[?25l[A[A[1Gpulling manifest [K
pulling f5c702d8820d: 100% ▕██████████████████▏  28 GB                         [K
pulling 2e968a6af97c: 100% ▕██████████████████▏ 629 MB                         [K[?25h[?2026l[?2026h[?25l[A[A[1Gpulling manifest [K
pulling f5c702d8820d: 100% ▕██████████████████▏  28 GB                         [K
pulling 2e968a6af97c: 100% ▕██████████████████▏ 629 MB                         [K[?25h[?2026l[?2026h[?25l[A[A[1Gpulling manifest [K
pulling f5c702d8820d: 100% ▕██████████████████▏  28 GB                         [K
pulling 2e968a6af97c: 100% ▕██████████████████▏ 629 MB                         [K[?25h[?2026l[?2026h[?25l[A[A[1Gpulling manifest [K
pulling f5c702d8820d: 100% ▕██████████████████▏  28 GB                         [K
pulling 2e968a6af97c: 100% ▕██████████████████▏ 629 MB                         [K[?25h[?2026l[?2026h[?25l[A[A[1Gpulling manifest [K
pulling f5c702d8820d: 100% ▕██████████████████▏  28 GB                         [K
pulling 2e968a6af97c: 100% ▕██████████████████▏ 629 MB                         [K[?25h[?2026l[?2026h[?25l[A[A[1Gpulling manifest [K
pulling f5c702d8820d: 100% ▕██████████████████▏  28 GB                         [K
pulling 2e968a6af97c: 100% ▕██████████████████▏ 629 MB                         [K[?25h[?2026l[?2026h[?25l[A[A[1Gpulling manifest [K
pulling f5c702d8820d: 100% ▕██████████████████▏  28 GB                         [K
pulling 2e968a6af97c: 100% ▕██████████████████▏ 629 MB                         [K[?25h[?2026l[?2026h[?25l[A[A[1Gpulling manifest [K
pulling f5c702d8820d: 100% ▕██████████████████▏  28 GB                         [K
pulling 2e968a6af97c: 100% ▕██████████████████▏ 629 MB                         [K[?25h[?2026l[?2026h[?25l[A[A[1Gpulling manifest [K
pulling f5c702d8820d: 100% ▕██████████████████▏  28 GB                         [K
pulling 2e968a6af97c: 100% ▕██████████████████▏ 629 MB                         [K[?25h[?2026l[?2026h[?25l[A[A[1Gpulling manifest [K
pulling f5c702d8820d: 100% ▕██████████████████▏  28 GB                         [K
pulling 2e968a6af97c: 100% ▕██████████████████▏ 629 MB                         [K[?25h[?2026l[?2026h[?25l[A[A[1Gpulling manifest [K
pulling f5c702d8820d: 100% ▕██████████████████▏  28 GB                         [K
pulling 2e968a6af97c: 100% ▕██████████████████▏ 629 MB                         [K[?25h[?2026l[?2026h[?25l[A[A[1Gpulling manifest [K
pulling f5c702d8820d: 100% ▕██████████████████▏  28 GB                         [K
pulling 2e968a6af97c: 100% ▕██████████████████▏ 629 MB                         [K[?25h[?2026l[?2026h[?25l[A[A[1Gpulling manifest [K
pulling f5c702d8820d: 100% ▕██████████████████▏  28 GB                         [K
pulling 2e968a6af97c: 100% ▕██████████████████▏ 629 MB                         [K[?25h[?2026l[?2026h[?25l[A[A[1Gpulling manifest [K
pulling f5c702d8820d: 100% ▕██████████████████▏  28 GB                         [K
pulling 2e968a6af97c: 100% ▕██████████████████▏ 629 MB                         [K[?25h[?2026l[?2026h[?25l[A[A[1Gpulling manifest [K
pulling f5c702d8820d: 100% ▕██████████████████▏  28 GB                         [K
pulling 2e968a6af97c: 100% ▕██████████████████▏ 629 MB                         [K[?25h[?2026l[?2026h[?25l[A[A[1Gpulling manifest [K
pulling f5c702d8820d: 100% ▕██████████████████▏  28 GB                         [K
pulling 2e968a6af97c: 100% ▕██████████████████▏ 629 MB                         [K[?25h[?2026l[?2026h[?25l[A[A[1Gpulling manifest [K
pulling f5c702d8820d: 100% ▕██████████████████▏  28 GB                         [K
pulling 2e968a6af97c: 100% ▕██████████████████▏ 629 MB                         [K[?25h[?2026l[?2026h[?25l[A[A[1Gpulling manifest [K
pulling f5c702d8820d: 100% ▕██████████████████▏  28 GB                         [K
pulling 2e968a6af97c: 100% ▕██████████████████▏ 629 MB                         [K[?25h[?2026l[?2026h[?25l[A[A[1Gpulling manifest [K
pulling f5c702d8820d: 100% ▕██████████████████▏  28 GB                         [K
pulling 2e968a6af97c: 100% ▕██████████████████▏ 629 MB                         [K[?25h[?2026l[?2026h[?25l[A[A[1Gpulling manifest [K
pulling f5c702d8820d: 100% ▕██████████████████▏  28 GB                         [K
pulling 2e968a6af97c: 100% ▕██████████████████▏ 629 MB                         [K[?25h[?2026l[?2026h[?25l[A[A[1Gpulling manifest [K
pulling f5c702d8820d: 100% ▕██████████████████▏  28 GB                         [K
pulling 2e968a6af97c: 100% ▕██████████████████▏ 629 MB                         [K[?25h[?2026l[?2026h[?25l[A[A[1Gpulling manifest [K
pulling f5c702d8820d: 100% ▕██████████████████▏  28 GB                         [K
pulling 2e968a6af97c: 100% ▕██████████████████▏ 629 MB                         [K[?25h[?2026l[?2026h[?25l[A[A[1Gpulling manifest [K
pulling f5c702d8820d: 100% ▕██████████████████▏  28 GB                         [K
pulling 2e968a6af97c: 100% ▕██████████████████▏ 629 MB                         [K[?25h[?2026l[?2026h[?25l[A[A[1Gpulling manifest [K
pulling f5c702d8820d: 100% ▕██████████████████▏  28 GB                         [K
pulling 2e968a6af97c: 100% ▕██████████████████▏ 629 MB                         [K[?25h[?2026l[?2026h[?25l[A[A[1Gpulling manifest [K
pulling f5c702d8820d: 100% ▕██████████████████▏  28 GB                         [K
pulling 2e968a6af97c: 100% ▕██████████████████▏ 629 MB                         [K[?25h[?2026l[?2026h[?25l[A[A[1Gpulling manifest [K
pulling f5c702d8820d: 100% ▕██████████████████▏  28 GB                         [K
pulling 2e968a6af97c: 100% ▕██████████████████▏ 629 MB                         [K[?25h[?2026l[?2026h[?25l[A[A[1Gpulling manifest [K
pulling f5c702d8820d: 100% ▕██████████████████▏  28 GB                         [K
pulling 2e968a6af97c: 100% ▕██████████████████▏ 629 MB                         [K[?25h[?2026l[?2026h[?25l[A[A[1Gpulling manifest [K
pulling f5c702d8820d: 100% ▕██████████████████▏  28 GB                         [K
pulling 2e968a6af97c: 100% ▕██████████████████▏ 629 MB                         [K[?25h[?2026l[?2026h[?25l[A[A[1Gpulling manifest [K
pulling f5c702d8820d: 100% ▕██████████████████▏  28 GB                         [K
pulling 2e968a6af97c: 100% ▕██████████████████▏ 629 MB                         [K[?25h[?2026l[?2026h[?25l[A[A[1Gpulling manifest [K
pulling f5c702d8820d: 100% ▕██████████████████▏  28 GB                         [K
pulling 2e968a6af97c: 100% ▕██████████████████▏ 629 MB                         [K[?25h[?2026l[?2026h[?25l[A[A[1Gpulling manifest [K
pulling f5c702d8820d: 100% ▕██████████████████▏  28 GB                         [K
pulling 2e968a6af97c: 100% ▕██████████████████▏ 629 MB                         [K[?25h[?2026l[?2026h[?25l[A[A[1Gpulling manifest [K
pulling f5c702d8820d: 100% ▕██████████████████▏  28 GB                         [K
pulling 2e968a6af97c: 100% ▕██████████████████▏ 629 MB                         [K[?25h[?2026l[?2026h[?25l[A[A[1Gpulling manifest [K
pulling f5c702d8820d: 100% ▕██████████████████▏  28 GB                         [K
pulling 2e968a6af97c: 100% ▕██████████████████▏ 629 MB                         [K[?25h[?2026l[?2026h[?25l[A[A[1Gpulling manifest [K
pulling f5c702d8820d: 100% ▕██████████████████▏  28 GB                         [K
pulling 2e968a6af97c: 100% ▕██████████████████▏ 629 MB                         [K[?25h[?2026l[?2026h[?25l[A[A[1Gpulling manifest [K
pulling f5c702d8820d: 100% ▕██████████████████▏  28 GB                         [K
pulling 2e968a6af97c: 100% ▕██████████████████▏ 629 MB                         [K[?25h[?2026l[?2026h[?25l[A[A[1Gpulling manifest [K
pulling f5c702d8820d: 100% ▕██████████████████▏  28 GB                         [K
pulling 2e968a6af97c: 100% ▕██████████████████▏ 629 MB                         [K[?25h[?2026l[?2026h[?25l[A[A[1Gpulling manifest [K
pulling f5c702d8820d: 100% ▕██████████████████▏  28 GB                         [K
pulling 2e968a6af97c: 100% ▕██████████████████▏ 629 MB                         [K[?25h[?2026l[?2026h[?25l[A[A[1Gpulling manifest [K
pulling f5c702d8820d: 100% ▕██████████████████▏  28 GB                         [K
pulling 2e968a6af97c: 100% ▕██████████████████▏ 629 MB                         [K[?25h[?2026l[?2026h[?25l[A[A[1Gpulling manifest [K
pulling f5c702d8820d: 100% ▕██████████████████▏  28 GB                         [K
pulling 2e968a6af97c: 100% ▕██████████████████▏ 629 MB                         [K[?25h[?2026l[?2026h[?25l[A[A[1Gpulling manifest [K
pulling f5c702d8820d: 100% ▕██████████████████▏  28 GB                         [K
pulling 2e968a6af97c: 100% ▕██████████████████▏ 629 MB                         [K[?25h[?2026l[?2026h[?25l[A[A[1Gpulling manifest [K
pulling f5c702d8820d: 100% ▕██████████████████▏  28 GB                         [K
pulling 2e968a6af97c: 100% ▕██████████████████▏ 629 MB                         [K[?25h[?2026l[?2026h[?25l[A[A[1Gpulling manifest [K
pulling f5c702d8820d: 100% ▕██████████████████▏  28 GB                         [K
pulling 2e968a6af97c: 100% ▕██████████████████▏ 629 MB                         [K[?25h[?2026l[?2026h[?25l[A[A[1Gpulling manifest [K
pulling f5c702d8820d: 100% ▕██████████████████▏  28 GB                         [K
pulling 2e968a6af97c: 100% ▕██████████████████▏ 629 MB                         [K[?25h[?2026l[?2026h[?25l[A[A[1Gpulling manifest [K
pulling f5c702d8820d: 100% ▕██████████████████▏  28 GB                         [K
pulling 2e968a6af97c: 100% ▕██████████████████▏ 629 MB                         [K[?25h[?2026l[?2026h[?25l[A[A[1Gpulling manifest [K
pulling f5c702d8820d: 100% ▕██████████████████▏  28 GB                         [K
pulling 2e968a6af97c: 100% ▕██████████████████▏ 629 MB                         [K[?25h[?2026l[?2026h[?25l[A[A[1Gpulling manifest [K
pulling f5c702d8820d: 100% ▕██████████████████▏  28 GB                         [K
pulling 2e968a6af97c: 100% ▕██████████████████▏ 629 MB                         [K[?25h[?2026l[?2026h[?25l[A[A[1Gpulling manifest [K
pulling f5c702d8820d: 100% ▕██████████████████▏  28 GB                         [K
pulling 2e968a6af97c: 100% ▕██████████████████▏ 629 MB                         [K[?25h[?2026l[?2026h[?25l[A[A[1Gpulling manifest [K
pulling f5c702d8820d: 100% ▕██████████████████▏  28 GB                         [K
pulling 2e968a6af97c: 100% ▕██████████████████▏ 629 MB                         [K[?25h[?2026l[?2026h[?25l[A[A[1Gpulling manifest [K
pulling f5c702d8820d: 100% ▕██████████████████▏  28 GB                         [K
pulling 2e968a6af97c: 100% ▕██████████████████▏ 629 MB                         [K[?25h[?2026l[?2026h[?25l[A[A[1Gpulling manifest [K
pulling f5c702d8820d: 100% ▕██████████████████▏  28 GB                         [K
pulling 2e968a6af97c: 100% ▕██████████████████▏ 629 MB                         [K[?25h[?2026l[?2026h[?25l[A[A[1Gpulling manifest [K
pulling f5c702d8820d: 100% ▕██████████████████▏  28 GB                         [K
pulling 2e968a6af97c: 100% ▕██████████████████▏ 629 MB                         [K[?25h[?2026l[?2026h[?25l[A[A[1Gpulling manifest [K
pulling f5c702d8820d: 100% ▕██████████████████▏  28 GB                         [K
pulling 2e968a6af97c: 100% ▕██████████████████▏ 629 MB                         [K[?25h[?2026l[?2026h[?25l[A[A[1Gpulling manifest [K
pulling f5c702d8820d: 100% ▕██████████████████▏  28 GB                         [K
pulling 2e968a6af97c: 100% ▕██████████████████▏ 629 MB                         [K[?25h[?2026l[?2026h[?25l[A[A[1Gpulling manifest [K
pulling f5c702d8820d: 100% ▕██████████████████▏  28 GB                         [K
pulling 2e968a6af97c: 100% ▕██████████████████▏ 629 MB                         [K[?25h[?2026l[?2026h[?25l[A[A[1Gpulling manifest [K
pulling f5c702d8820d: 100% ▕██████████████████▏  28 GB                         [K
pulling 2e968a6af97c: 100% ▕██████████████████▏ 629 MB                         [K[?25h[?2026l[?2026h[?25l[A[A[1Gpulling manifest [K
pulling f5c702d8820d: 100% ▕██████████████████▏  28 GB                         [K
pulling 2e968a6af97c: 100% ▕██████████████████▏ 629 MB                         [K[?25h[?2026l[?2026h[?25l[A[A[1Gpulling manifest [K
pulling f5c702d8820d: 100% ▕██████████████████▏  28 GB                         [K
pulling 2e968a6af97c: 100% ▕██████████████████▏ 629 MB                         [K[?25h[?2026l[?2026h[?25l[A[A[1Gpulling manifest [K
pulling f5c702d8820d: 100% ▕██████████████████▏  28 GB                         [K
pulling 2e968a6af97c: 100% ▕██████████████████▏ 629 MB                         [K[?25h[?2026l[?2026h[?25l[A[A[1Gpulling manifest [K
pulling f5c702d8820d: 100% ▕██████████████████▏  28 GB                         [K
pulling 2e968a6af97c: 100% ▕██████████████████▏ 629 MB                         [K[?25h[?2026l[?2026h[?25l[A[A[1Gpulling manifest [K
pulling f5c702d8820d: 100% ▕██████████████████▏  28 GB                         [K
pulling 2e968a6af97c: 100% ▕██████████████████▏ 629 MB                         [K[?25h[?2026l[?2026h[?25l[A[A[1Gpulling manifest [K
pulling f5c702d8820d: 100% ▕██████████████████▏  28 GB                         [K
pulling 2e968a6af97c: 100% ▕██████████████████▏ 629 MB                         [K[?25h[?2026l[?2026h[?25l[A[A[1Gpulling manifest [K
pulling f5c702d8820d: 100% ▕██████████████████▏  28 GB                         [K
pulling 2e968a6af97c: 100% ▕██████████████████▏ 629 MB                         [K[?25h[?2026l[?2026h[?25l[A[A[1Gpulling manifest [K
pulling f5c702d8820d: 100% ▕██████████████████▏  28 GB                         [K
pulling 2e968a6af97c: 100% ▕██████████████████▏ 629 MB                         [K[?25h[?2026l[?2026h[?25l[A[A[1Gpulling manifest [K
pulling f5c702d8820d: 100% ▕██████████████████▏  28 GB                         [K
pulling 2e968a6af97c: 100% ▕██████████████████▏ 629 MB                         [K[?25h[?2026l[?2026h[?25l[A[A[1Gpulling manifest [K
pulling f5c702d8820d: 100% ▕██████████████████▏  28 GB                         [K
pulling 2e968a6af97c: 100% ▕██████████████████▏ 629 MB                         [K[?25h[?2026l[?2026h[?25l[A[A[1Gpulling manifest [K
pulling f5c702d8820d: 100% ▕██████████████████▏  28 GB                         [K
pulling 2e968a6af97c: 100% ▕██████████████████▏ 629 MB                         [K[?25h[?2026l[?2026h[?25l[A[A[1Gpulling manifest [K
pulling f5c702d8820d: 100% ▕██████████████████▏  28 GB                         [K
pulling 2e968a6af97c: 100% ▕██████████████████▏ 629 MB                         [K[?25h[?2026l[?2026h[?25l[A[A[1Gpulling manifest [K
pulling f5c702d8820d: 100% ▕██████████████████▏  28 GB                         [K
pulling 2e968a6af97c: 100% ▕██████████████████▏ 629 MB                         [K[?25h[?2026l[?2026h[?25l[A[A[1Gpulling manifest [K
pulling f5c702d8820d: 100% ▕██████████████████▏  28 GB                         [K
pulling 2e968a6af97c: 100% ▕██████████████████▏ 629 MB                         [K[?25h[?2026l[?2026h[?25l[A[A[1Gpulling manifest [K
pulling f5c702d8820d: 100% ▕██████████████████▏  28 GB                         [K
pulling 2e968a6af97c: 100% ▕██████████████████▏ 629 MB                         [K[?25h[?2026l[?2026h[?25l[A[A[1Gpulling manifest [K
pulling f5c702d8820d: 100% ▕██████████████████▏  28 GB                         [K
pulling 2e968a6af97c: 100% ▕██████████████████▏ 629 MB                         [K[?25h[?2026l[?2026h[?25l[A[A[1Gpulling manifest [K
pulling f5c702d8820d: 100% ▕██████████████████▏  28 GB                         [K
pulling 2e968a6af97c: 100% ▕██████████████████▏ 629 MB                         [K[?25h[?2026l[?2026h[?25l[A[A[1Gpulling manifest [K
pulling f5c702d8820d: 100% ▕██████████████████▏  28 GB                         [K
pulling 2e968a6af97c: 100% ▕██████████████████▏ 629 MB                         [K[?25h[?2026l[?2026h[?25l[A[A[1Gpulling manifest [K
pulling f5c702d8820d: 100% ▕██████████████████▏  28 GB                         [K
pulling 2e968a6af97c: 100% ▕██████████████████▏ 629 MB                         [K[?25h[?2026l[?2026h[?25l[A[A[1Gpulling manifest [K
pulling f5c702d8820d: 100% ▕██████████████████▏  28 GB                         [K
pulling 2e968a6af97c: 100% ▕██████████████████▏ 629 MB                         [K[?25h[?2026l[?2026h[?25l[A[A[1Gpulling manifest [K
pulling f5c702d8820d: 100% ▕██████████████████▏  28 GB                         [K
pulling 2e968a6af97c: 100% ▕██████████████████▏ 629 MB                         [K[?25h[?2026l[?2026h[?25l[A[A[1Gpulling manifest [K
pulling f5c702d8820d: 100% ▕██████████████████▏  28 GB                         [K
pulling 2e968a6af97c: 100% ▕██████████████████▏ 629 MB                         [K[?25h[?2026l[?2026h[?25l[A[A[1Gpulling manifest [K
pulling f5c702d8820d: 100% ▕██████████████████▏  28 GB                         [K
pulling 2e968a6af97c: 100% ▕██████████████████▏ 629 MB                         [K[?25h[?2026l[?2026h[?25l[A[A[1Gpulling manifest [K
pulling f5c702d8820d: 100% ▕██████████████████▏  28 GB                         [K
pulling 2e968a6af97c: 100% ▕██████████████████▏ 629 MB                         [K[?25h[?2026l[?2026h[?25l[A[A[1Gpulling manifest [K
pulling f5c702d8820d: 100% ▕██████████████████▏  28 GB                         [K
pulling 2e968a6af97c: 100% ▕██████████████████▏ 629 MB                         [K[?25h[?2026l[?2026h[?25l[A[A[1Gpulling manifest [K
pulling f5c702d8820d: 100% ▕██████████████████▏  28 GB                         [K
pulling 2e968a6af97c: 100% ▕██████████████████▏ 629 MB                         [K[?25h[?2026l[?2026h[?25l[A[A[1Gpulling manifest [K
pulling f5c702d8820d: 100% ▕██████████████████▏  28 GB                         [K
pulling 2e968a6af97c: 100% ▕██████████████████▏ 629 MB                         [K[?25h[?2026l[?2026h[?25l[A[A[1Gpulling manifest [K
pulling f5c702d8820d: 100% ▕██████████████████▏  28 GB                         [K
pulling 2e968a6af97c: 100% ▕██████████████████▏ 629 MB                         [K[?25h[?2026l[?2026h[?25l[A[A[1Gpulling manifest [K
pulling f5c702d8820d: 100% ▕██████████████████▏  28 GB                         [K
pulling 2e968a6af97c: 100% ▕██████████████████▏ 629 MB                         [K[?25h[?2026l[?2026h[?25l[A[A[1Gpulling manifest [K
pulling f5c702d8820d: 100% ▕██████████████████▏  28 GB                         [K
pulling 2e968a6af97c: 100% ▕██████████████████▏ 629 MB                         [K[?25h[?2026l[?2026h[?25l[A[A[1Gpulling manifest [K
pulling f5c702d8820d: 100% ▕██████████████████▏  28 GB                         [K
pulling 2e968a6af97c: 100% ▕██████████████████▏ 629 MB                         [K[?25h[?2026l[?2026h[?25l[A[A[1Gpulling manifest [K
pulling f5c702d8820d: 100% ▕██████████████████▏  28 GB                         [K
pulling 2e968a6af97c: 100% ▕██████████████████▏ 629 MB                         [K[?25h[?2026l[?2026h[?25l[A[A[1Gpulling manifest [K
pulling f5c702d8820d: 100% ▕██████████████████▏  28 GB                         [K
pulling 2e968a6af97c: 100% ▕██████████████████▏ 629 MB                         [K[?25h[?2026l[?2026h[?25l[A[A[1Gpulling manifest [K
pulling f5c702d8820d: 100% ▕██████████████████▏  28 GB                         [K
pulling 2e968a6af97c: 100% ▕██████████████████▏ 629 MB                         [K[?25h[?2026l[?2026h[?25l[A[A[1Gpulling manifest [K
pulling f5c702d8820d: 100% ▕██████████████████▏  28 GB                         [K
pulling 2e968a6af97c: 100% ▕██████████████████▏ 629 MB                         [K[?25h[?2026l[?2026h[?25l[A[A[1Gpulling manifest [K
pulling f5c702d8820d: 100% ▕██████████████████▏  28 GB                         [K
pulling 2e968a6af97c: 100% ▕██████████████████▏ 629 MB                         [K[?25h[?2026l[?2026h[?25l[A[A[1Gpulling manifest [K
pulling f5c702d8820d: 100% ▕██████████████████▏  28 GB                         [K
pulling 2e968a6af97c: 100% ▕██████████████████▏ 629 MB                         [K[?25h[?2026l[?2026h[?25l[A[A[1Gpulling manifest [K
pulling f5c702d8820d: 100% ▕██████████████████▏  28 GB                         [K
pulling 2e968a6af97c: 100% ▕██████████████████▏ 629 MB                         [K[?25h[?2026l[?2026h[?25l[A[A[1Gpulling manifest [K
pulling f5c702d8820d: 100% ▕██████████████████▏  28 GB                         [K
pulling 2e968a6af97c: 100% ▕██████████████████▏ 629 MB                         [K[?25h[?2026l[?2026h[?25l[A[A[1Gpulling manifest [K
pulling f5c702d8820d: 100% ▕██████████████████▏  28 GB                         [K
pulling 2e968a6af97c: 100% ▕██████████████████▏ 629 MB                         [K[?25h[?2026l[?2026h[?25l[A[A[1Gpulling manifest [K
pulling f5c702d8820d: 100% ▕██████████████████▏  28 GB                         [K
pulling 2e968a6af97c: 100% ▕██████████████████▏ 629 MB                         [K[?25h[?2026l[?2026h[?25l[A[A[1Gpulling manifest [K
pulling f5c702d8820d: 100% ▕██████████████████▏  28 GB                         [K
pulling 2e968a6af97c: 100% ▕██████████████████▏ 629 MB                         [K[?25h[?2026l[?2026h[?25l[A[A[1Gpulling manifest [K
pulling f5c702d8820d: 100% ▕██████████████████▏  28 GB                         [K
pulling 2e968a6af97c: 100% ▕██████████████████▏ 629 MB                         [K[?25h[?2026l[?2026h[?25l[A[A[1Gpulling manifest [K
pulling f5c702d8820d: 100% ▕██████████████████▏  28 GB                         [K
pulling 2e968a6af97c: 100% ▕██████████████████▏ 629 MB                         [K[?25h[?2026l[?2026h[?25l[A[A[1Gpulling manifest [K
pulling f5c702d8820d: 100% ▕██████████████████▏  28 GB                         [K
pulling 2e968a6af97c: 100% ▕██████████████████▏ 629 MB                         [K[?25h[?2026l[?2026h[?25l[A[A[1Gpulling manifest [K
pulling f5c702d8820d: 100% ▕██████████████████▏  28 GB                         [K
pulling 2e968a6af97c: 100% ▕██████████████████▏ 629 MB                         [K[?25h[?2026l[?2026h[?25l[A[A[1Gpulling manifest [K
pulling f5c702d8820d: 100% ▕██████████████████▏  28 GB                         [K
pulling 2e968a6af97c: 100% ▕██████████████████▏ 629 MB                         [K[?25h[?2026l[?2026h[?25l[A[A[1Gpulling manifest [K
pulling f5c702d8820d: 100% ▕██████████████████▏  28 GB                         [K
pulling 2e968a6af97c: 100% ▕██████████████████▏ 629 MB                         [K[?25h[?2026l[?2026h[?25l[A[A[1Gpulling manifest [K
pulling f5c702d8820d: 100% ▕██████████████████▏  28 GB                         [K
pulling 2e968a6af97c: 100% ▕██████████████████▏ 629 MB                         [K[?25h[?2026l[?2026h[?25l[A[A[1Gpulling manifest [K
pulling f5c702d8820d: 100% ▕██████████████████▏  28 GB                         [K
pulling 2e968a6af97c: 100% ▕██████████████████▏ 629 MB                         [K[?25h[?2026l[?2026h[?25l[A[A[1Gpulling manifest [K
pulling f5c702d8820d: 100% ▕██████████████████▏  28 GB                         [K
pulling 2e968a6af97c: 100% ▕██████████████████▏ 629 MB                         [K[?25h[?2026l[?2026h[?25l[A[A[1Gpulling manifest [K
pulling f5c702d8820d: 100% ▕██████████████████▏  28 GB                         [K
pulling 2e968a6af97c: 100% ▕██████████████████▏ 629 MB                         [K[?25h[?2026l[?2026h[?25l[A[A[1Gpulling manifest [K
pulling f5c702d8820d: 100% ▕██████████████████▏  28 GB                         [K
pulling 2e968a6af97c: 100% ▕██████████████████▏ 629 MB                         [K[?25h[?2026l[?2026h[?25l[A[A[1Gpulling manifest [K
pulling f5c702d8820d: 100% ▕██████████████████▏  28 GB                         [K
pulling 2e968a6af97c: 100% ▕██████████████████▏ 629 MB                         [K[?25h[?2026l[?2026h[?25l[A[A[1Gpulling manifest [K
pulling f5c702d8820d: 100% ▕██████████████████▏  28 GB                         [K
pulling 2e968a6af97c: 100% ▕██████████████████▏ 629 MB                         [K[?25h[?2026l[?2026h[?25l[A[A[1Gpulling manifest [K
pulling f5c702d8820d: 100% ▕██████████████████▏  28 GB                         [K
pulling 2e968a6af97c: 100% ▕██████████████████▏ 629 MB                         [K[?25h[?2026l[?2026h[?25l[A[A[1Gpulling manifest [K
pulling f5c702d8820d: 100% ▕██████████████████▏  28 GB                         [K
pulling 2e968a6af97c: 100% ▕██████████████████▏ 629 MB                         [K[?25h[?2026l[?2026h[?25l[A[A[1Gpulling manifest [K
pulling f5c702d8820d: 100% ▕██████████████████▏  28 GB                         [K
pulling 2e968a6af97c: 100% ▕██████████████████▏ 629 MB                         [K[?25h[?2026l[?2026h[?25l[A[A[1Gpulling manifest [K
pulling f5c702d8820d: 100% ▕██████████████████▏  28 GB                         [K
pulling 2e968a6af97c: 100% ▕██████████████████▏ 629 MB                         [K[?25h[?2026l[?2026h[?25l[A[A[1Gpulling manifest [K
pulling f5c702d8820d: 100% ▕██████████████████▏  28 GB                         [K
pulling 2e968a6af97c: 100% ▕██████████████████▏ 629 MB                         [K[?25h[?2026l[?2026h[?25l[A[A[1Gpulling manifest [K
pulling f5c702d8820d: 100% ▕██████████████████▏  28 GB                         [K
pulling 2e968a6af97c: 100% ▕██████████████████▏ 629 MB                         [K[?25h[?2026l[?2026h[?25l[A[A[1Gpulling manifest [K
pulling f5c702d8820d: 100% ▕██████████████████▏  28 GB                         [K
pulling 2e968a6af97c: 100% ▕██████████████████▏ 629 MB                         [K[?25h[?2026l[?2026h[?25l[A[A[1Gpulling manifest [K
pulling f5c702d8820d: 100% ▕██████████████████▏  28 GB                         [K
pulling 2e968a6af97c: 100% ▕██████████████████▏ 629 MB                         [K[?25h[?2026l[?2026h[?25l[A[A[1Gpulling manifest [K
pulling f5c702d8820d: 100% ▕██████████████████▏  28 GB                         [K
pulling 2e968a6af97c: 100% ▕██████████████████▏ 629 MB                         [K[?25h[?2026l[?2026h[?25l[A[A[1Gpulling manifest [K
pulling f5c702d8820d: 100% ▕██████████████████▏  28 GB                         [K
pulling 2e968a6af97c: 100% ▕██████████████████▏ 629 MB                         [K[?25h[?2026l[?2026h[?25l[A[A[1Gpulling manifest [K
pulling f5c702d8820d: 100% ▕██████████████████▏  28 GB                         [K
pulling 2e968a6af97c: 100% ▕██████████████████▏ 629 MB                         [K[?25h[?2026l[?2026h[?25l[A[A[1Gpulling manifest [K
pulling f5c702d8820d: 100% ▕██████████████████▏  28 GB                         [K
pulling 2e968a6af97c: 100% ▕██████████████████▏ 629 MB                         [K[?25h[?2026l[?2026h[?25l[A[A[1Gpulling manifest [K
pulling f5c702d8820d: 100% ▕██████████████████▏  28 GB                         [K
pulling 2e968a6af97c: 100% ▕██████████████████▏ 629 MB                         [K[?25h[?2026l[?2026h[?25l[A[A[1Gpulling manifest [K
pulling f5c702d8820d: 100% ▕██████████████████▏  28 GB                         [K
pulling 2e968a6af97c: 100% ▕██████████████████▏ 629 MB                         [K[?25h[?2026l[?2026h[?25l[A[A[1Gpulling manifest [K
pulling f5c702d8820d: 100% ▕██████████████████▏  28 GB                         [K
pulling 2e968a6af97c: 100% ▕██████████████████▏ 629 MB                         [K[?25h[?2026l[?2026h[?25l[A[A[1Gpulling manifest [K
pulling f5c702d8820d: 100% ▕██████████████████▏  28 GB                         [K
pulling 2e968a6af97c: 100% ▕██████████████████▏ 629 MB                         [K[?25h[?2026l[?2026h[?25l[A[A[1Gpulling manifest [K
pulling f5c702d8820d: 100% ▕██████████████████▏  28 GB                         [K
pulling 2e968a6af97c: 100% ▕██████████████████▏ 629 MB                         [K[?25h[?2026l[?2026h[?25l[A[A[1Gpulling manifest [K
pulling f5c702d8820d: 100% ▕██████████████████▏  28 GB                         [K
pulling 2e968a6af97c: 100% ▕██████████████████▏ 629 MB                         [K[?25h[?2026l[?2026h[?25l[A[A[1Gpulling manifest [K
pulling f5c702d8820d: 100% ▕██████████████████▏  28 GB                         [K
pulling 2e968a6af97c: 100% ▕██████████████████▏ 629 MB                         [K[?25h[?2026l[?2026h[?25l[A[A[1Gpulling manifest [K
pulling f5c702d8820d: 100% ▕██████████████████▏  28 GB                         [K
pulling 2e968a6af97c: 100% ▕██████████████████▏ 629 MB                         [K[?25h[?2026l[?2026h[?25l[A[A[1Gpulling manifest [K
pulling f5c702d8820d: 100% ▕██████████████████▏  28 GB                         [K
pulling 2e968a6af97c: 100% ▕██████████████████▏ 629 MB                         [K[?25h[?2026l[?2026h[?25l[A[A[1Gpulling manifest [K
pulling f5c702d8820d: 100% ▕██████████████████▏  28 GB                         [K
pulling 2e968a6af97c: 100% ▕██████████████████▏ 629 MB                         [K[?25h[?2026l[?2026h[?25l[A[A[1Gpulling manifest [K
pulling f5c702d8820d: 100% ▕██████████████████▏  28 GB                         [K
pulling 2e968a6af97c: 100% ▕██████████████████▏ 629 MB                         [K[?25h[?2026l[?2026h[?25l[A[A[1Gpulling manifest [K
pulling f5c702d8820d: 100% ▕██████████████████▏  28 GB                         [K
pulling 2e968a6af97c: 100% ▕██████████████████▏ 629 MB                         [K[?25h[?2026l[?2026h[?25l[A[A[1Gpulling manifest [K
pulling f5c702d8820d: 100% ▕██████████████████▏  28 GB                         [K
pulling 2e968a6af97c: 100% ▕██████████████████▏ 629 MB                         [K[?25h[?2026l[?2026h[?25l[A[A[1Gpulling manifest [K
pulling f5c702d8820d: 100% ▕██████████████████▏  28 GB                         [K
pulling 2e968a6af97c: 100% ▕██████████████████▏ 629 MB                         [K[?25h[?2026l[?2026h[?25l[A[A[1Gpulling manifest [K
pulling f5c702d8820d: 100% ▕██████████████████▏  28 GB                         [K
pulling 2e968a6af97c: 100% ▕██████████████████▏ 629 MB                         [K[?25h[?2026l[?2026h[?25l[A[A[1Gpulling manifest [K
pulling f5c702d8820d: 100% ▕██████████████████▏  28 GB                         [K
pulling 2e968a6af97c: 100% ▕██████████████████▏ 629 MB                         [K[?25h[?2026l[?2026h[?25l[A[A[1Gpulling manifest [K
pulling f5c702d8820d: 100% ▕██████████████████▏  28 GB                         [K
pulling 2e968a6af97c: 100% ▕██████████████████▏ 629 MB                         [K[?25h[?2026l[?2026h[?25l[A[A[1Gpulling manifest [K
pulling f5c702d8820d: 100% ▕██████████████████▏  28 GB                         [K
pulling 2e968a6af97c: 100% ▕██████████████████▏ 629 MB                         [K[?25h[?2026l[?2026h[?25l[A[A[1Gpulling manifest [K
pulling f5c702d8820d: 100% ▕██████████████████▏  28 GB                         [K
pulling 2e968a6af97c: 100% ▕██████████████████▏ 629 MB                         [K[?25h[?2026l[?2026h[?25l[A[A[1Gpulling manifest [K
pulling f5c702d8820d: 100% ▕██████████████████▏  28 GB                         [K
pulling 2e968a6af97c: 100% ▕██████████████████▏ 629 MB                         [K[?25h[?2026l[?2026h[?25l[A[A[1Gpulling manifest [K
pulling f5c702d8820d: 100% ▕██████████████████▏  28 GB                         [K
pulling 2e968a6af97c: 100% ▕██████████████████▏ 629 MB                         [K[?25h[?2026l[?2026h[?25l[A[A[1Gpulling manifest [K
pulling f5c702d8820d: 100% ▕██████████████████▏  28 GB                         [K
pulling 2e968a6af97c: 100% ▕██████████████████▏ 629 MB                         [K[?25h[?2026l[?2026h[?25l[A[A[1Gpulling manifest [K
pulling f5c702d8820d: 100% ▕██████████████████▏  28 GB                         [K
pulling 2e968a6af97c: 100% ▕██████████████████▏ 629 MB                         [K[?25h[?2026l[?2026h[?25l[A[A[1Gpulling manifest [K
pulling f5c702d8820d: 100% ▕██████████████████▏  28 GB                         [K
pulling 2e968a6af97c: 100% ▕██████████████████▏ 629 MB                         [K[?25h[?2026l[?2026h[?25l[A[A[1Gpulling manifest [K
pulling f5c702d8820d: 100% ▕██████████████████▏  28 GB                         [K
pulling 2e968a6af97c: 100% ▕██████████████████▏ 629 MB                         [K[?25h[?2026l[?2026h[?25l[A[A[1Gpulling manifest [K
pulling f5c702d8820d: 100% ▕██████████████████▏  28 GB                         [K
pulling 2e968a6af97c: 100% ▕██████████████████▏ 629 MB                         [K[?25h[?2026l[?2026h[?25l[A[A[1Gpulling manifest [K
pulling f5c702d8820d: 100% ▕██████████████████▏  28 GB                         [K
pulling 2e968a6af97c: 100% ▕██████████████████▏ 629 MB                         [K[?25h[?2026l[?2026h[?25l[A[A[1Gpulling manifest [K
pulling f5c702d8820d: 100% ▕██████████████████▏  28 GB                         [K
pulling 2e968a6af97c: 100% ▕██████████████████▏ 629 MB                         [K[?25h[?2026l[?2026h[?25l[A[A[1Gpulling manifest [K
pulling f5c702d8820d: 100% ▕██████████████████▏  28 GB                         [K
pulling 2e968a6af97c: 100% ▕██████████████████▏ 629 MB                         [K[?25h[?2026l[?2026h[?25l[A[A[1Gpulling manifest [K
pulling f5c702d8820d: 100% ▕██████████████████▏  28 GB                         [K
pulling 2e968a6af97c: 100% ▕██████████████████▏ 629 MB                         [K[?25h[?2026l[?2026h[?25l[A[A[1Gpulling manifest [K
pulling f5c702d8820d: 100% ▕██████████████████▏  28 GB                         [K
pulling 2e968a6af97c: 100% ▕██████████████████▏ 629 MB                         [K[?25h[?2026l[?2026h[?25l[A[A[1Gpulling manifest [K
pulling f5c702d8820d: 100% ▕██████████████████▏  28 GB                         [K
pulling 2e968a6af97c: 100% ▕██████████████████▏ 629 MB                         [K[?25h[?2026l[?2026h[?25l[A[A[1Gpulling manifest [K
pulling f5c702d8820d: 100% ▕██████████████████▏  28 GB                         [K
pulling 2e968a6af97c: 100% ▕██████████████████▏ 629 MB                         [K[?25h[?2026l[?2026h[?25l[A[A[1Gpulling manifest [K
pulling f5c702d8820d: 100% ▕██████████████████▏  28 GB                         [K
pulling 2e968a6af97c: 100% ▕██████████████████▏ 629 MB                         [K[?25h[?2026l[?2026h[?25l[A[A[1Gpulling manifest [K
pulling f5c702d8820d: 100% ▕██████████████████▏  28 GB                         [K
pulling 2e968a6af97c: 100% ▕██████████████████▏ 629 MB                         [K[?25h[?2026l[?2026h[?25l[A[A[1Gpulling manifest [K
pulling f5c702d8820d: 100% ▕██████████████████▏  28 GB                         [K
pulling 2e968a6af97c: 100% ▕██████████████████▏ 629 MB                         [K[?25h[?2026l[?2026h[?25l[A[A[1Gpulling manifest [K
pulling f5c702d8820d: 100% ▕██████████████████▏  28 GB                         [K
pulling 2e968a6af97c: 100% ▕██████████████████▏ 629 MB                         [K[?25h[?2026l[?2026h[?25l[A[A[1Gpulling manifest [K
pulling f5c702d8820d: 100% ▕██████████████████▏  28 GB                         [K
pulling 2e968a6af97c: 100% ▕██████████████████▏ 629 MB                         [K[?25h[?2026l[?2026h[?25l[A[A[1Gpulling manifest [K
pulling f5c702d8820d: 100% ▕██████████████████▏  28 GB                         [K
pulling 2e968a6af97c: 100% ▕██████████████████▏ 629 MB                         [K[?25h[?2026l[?2026h[?25l[A[A[1Gpulling manifest [K
pulling f5c702d8820d: 100% ▕██████████████████▏  28 GB                         [K
pulling 2e968a6af97c: 100% ▕██████████████████▏ 629 MB                         [K[?25h[?2026l[?2026h[?25l[A[A[1Gpulling manifest [K
pulling f5c702d8820d: 100% ▕██████████████████▏  28 GB                         [K
pulling 2e968a6af97c: 100% ▕██████████████████▏ 629 MB                         [K[?25h[?2026l[?2026h[?25l[A[A[1Gpulling manifest [K
pulling f5c702d8820d: 100% ▕██████████████████▏  28 GB                         [K
pulling 2e968a6af97c: 100% ▕██████████████████▏ 629 MB                         [K[?25h[?2026l[?2026h[?25l[A[A[1Gpulling manifest [K
pulling f5c702d8820d: 100% ▕██████████████████▏  28 GB                         [K
pulling 2e968a6af97c: 100% ▕██████████████████▏ 629 MB                         [K[?25h[?2026l[?2026h[?25l[A[A[1Gpulling manifest [K
pulling f5c702d8820d: 100% ▕██████████████████▏  28 GB                         [K
pulling 2e968a6af97c: 100% ▕██████████████████▏ 629 MB                         [K[?25h[?2026l[?2026h[?25l[A[A[1Gpulling manifest [K
pulling f5c702d8820d: 100% ▕██████████████████▏  28 GB                         [K
pulling 2e968a6af97c: 100% ▕██████████████████▏ 629 MB                         [K[?25h[?2026l[?2026h[?25l[A[A[1Gpulling manifest [K
pulling f5c702d8820d: 100% ▕██████████████████▏  28 GB                         [K
pulling 2e968a6af97c: 100% ▕██████████████████▏ 629 MB                         [K[?25h[?2026l[?2026h[?25l[A[A[1Gpulling manifest [K
pulling f5c702d8820d: 100% ▕██████████████████▏  28 GB                         [K
pulling 2e968a6af97c: 100% ▕██████████████████▏ 629 MB                         [K[?25h[?2026l[?2026h[?25l[A[A[1Gpulling manifest [K
pulling f5c702d8820d: 100% ▕██████████████████▏  28 GB                         [K
pulling 2e968a6af97c: 100% ▕██████████████████▏ 629 MB                         [K[?25h[?2026l[?2026h[?25l[A[A[1Gpulling manifest [K
pulling f5c702d8820d: 100% ▕██████████████████▏  28 GB                         [K
pulling 2e968a6af97c: 100% ▕██████████████████▏ 629 MB                         [K[?25h[?2026l[?2026h[?25l[A[A[1Gpulling manifest [K
pulling f5c702d8820d: 100% ▕██████████████████▏  28 GB                         [K
pulling 2e968a6af97c: 100% ▕██████████████████▏ 629 MB                         [K[?25h[?2026l[?2026h[?25l[A[A[1Gpulling manifest [K
pulling f5c702d8820d: 100% ▕██████████████████▏  28 GB                         [K
pulling 2e968a6af97c: 100% ▕██████████████████▏ 629 MB                         [K[?25h[?2026l[?2026h[?25l[A[A[1Gpulling manifest [K
pulling f5c702d8820d: 100% ▕██████████████████▏  28 GB                         [K
pulling 2e968a6af97c: 100% ▕██████████████████▏ 629 MB                         [K[?25h[?2026l[?2026h[?25l[A[A[1Gpulling manifest [K
pulling f5c702d8820d: 100% ▕██████████████████▏  28 GB                         [K
pulling 2e968a6af97c: 100% ▕██████████████████▏ 629 MB                         [K[?25h[?2026l[?2026h[?25l[A[A[1Gpulling manifest [K
pulling f5c702d8820d: 100% ▕██████████████████▏  28 GB                         [K
pulling 2e968a6af97c: 100% ▕██████████████████▏ 629 MB                         [K[?25h[?2026l[?2026h[?25l[A[A[1Gpulling manifest [K
pulling f5c702d8820d: 100% ▕██████████████████▏  28 GB                         [K
pulling 2e968a6af97c: 100% ▕██████████████████▏ 629 MB                         [K[?25h[?2026l[?2026h[?25l[A[A[1Gpulling manifest [K
pulling f5c702d8820d: 100% ▕██████████████████▏  28 GB                         [K
pulling 2e968a6af97c: 100% ▕██████████████████▏ 629 MB                         [K[?25h[?2026l[?2026h[?25l[A[A[1Gpulling manifest [K
pulling f5c702d8820d: 100% ▕██████████████████▏  28 GB                         [K
pulling 2e968a6af97c: 100% ▕██████████████████▏ 629 MB                         [K[?25h[?2026l[?2026h[?25l[A[A[1Gpulling manifest [K
pulling f5c702d8820d: 100% ▕██████████████████▏  28 GB                         [K
pulling 2e968a6af97c: 100% ▕██████████████████▏ 629 MB                         [K[?25h[?2026l[?2026h[?25l[A[A[1Gpulling manifest [K
pulling f5c702d8820d: 100% ▕██████████████████▏  28 GB                         [K
pulling 2e968a6af97c: 100% ▕██████████████████▏ 629 MB                         [K[?25h[?2026l[?2026h[?25l[A[A[1Gpulling manifest [K
pulling f5c702d8820d: 100% ▕██████████████████▏  28 GB                         [K
pulling 2e968a6af97c: 100% ▕██████████████████▏ 629 MB                         [K[?25h[?2026l[?2026h[?25l[A[A[1Gpulling manifest [K
pulling f5c702d8820d: 100% ▕██████████████████▏  28 GB                         [K
pulling 2e968a6af97c: 100% ▕██████████████████▏ 629 MB                         [K[?25h[?2026l[?2026h[?25l[A[A[1Gpulling manifest [K
pulling f5c702d8820d: 100% ▕██████████████████▏  28 GB                         [K
pulling 2e968a6af97c: 100% ▕██████████████████▏ 629 MB                         [K[?25h[?2026l[?2026h[?25l[A[A[1Gpulling manifest [K
pulling f5c702d8820d: 100% ▕██████████████████▏  28 GB                         [K
pulling 2e968a6af97c: 100% ▕██████████████████▏ 629 MB                         [K[?25h[?2026l[?2026h[?25l[A[A[1Gpulling manifest [K
pulling f5c702d8820d: 100% ▕██████████████████▏  28 GB                         [K
pulling 2e968a6af97c: 100% ▕██████████████████▏ 629 MB                         [K[?25h[?2026l[?2026h[?25l[A[A[1Gpulling manifest [K
pulling f5c702d8820d: 100% ▕██████████████████▏  28 GB                         [K
pulling 2e968a6af97c: 100% ▕██████████████████▏ 629 MB                         [K[?25h[?2026l[?2026h[?25l[A[A[1Gpulling manifest [K
pulling f5c702d8820d: 100% ▕██████████████████▏  28 GB                         [K
pulling 2e968a6af97c: 100% ▕██████████████████▏ 629 MB                         [K[?25h[?2026l[?2026h[?25l[A[A[1Gpulling manifest [K
pulling f5c702d8820d: 100% ▕██████████████████▏  28 GB                         [K
pulling 2e968a6af97c: 100% ▕██████████████████▏ 629 MB                         [K[?25h[?2026l[?2026h[?25l[A[A[1Gpulling manifest [K
pulling f5c702d8820d: 100% ▕██████████████████▏  28 GB                         [K
pulling 2e968a6af97c: 100% ▕██████████████████▏ 629 MB                         [K[?25h[?2026l[?2026h[?25l[A[A[1Gpulling manifest [K
pulling f5c702d8820d: 100% ▕██████████████████▏  28 GB                         [K
pulling 2e968a6af97c: 100% ▕██████████████████▏ 629 MB                         [K[?25h[?2026l[?2026h[?25l[A[A[1Gpulling manifest [K
pulling f5c702d8820d: 100% ▕██████████████████▏  28 GB                         [K
pulling 2e968a6af97c: 100% ▕██████████████████▏ 629 MB                         [K[?25h[?2026l[?2026h[?25l[A[A[1Gpulling manifest [K
pulling f5c702d8820d: 100% ▕██████████████████▏  28 GB                         [K
pulling 2e968a6af97c: 100% ▕██████████████████▏ 629 MB                         [K[?25h[?2026l[?2026h[?25l[A[A[1Gpulling manifest [K
pulling f5c702d8820d: 100% ▕██████████████████▏  28 GB                         [K
pulling 2e968a6af97c: 100% ▕██████████████████▏ 629 MB                         [K[?25h[?2026l[?2026h[?25l[A[A[1Gpulling manifest [K
pulling f5c702d8820d: 100% ▕██████████████████▏  28 GB                         [K
pulling 2e968a6af97c: 100% ▕██████████████████▏ 629 MB                         [K[?25h[?2026l[?2026h[?25l[A[A[1Gpulling manifest [K
pulling f5c702d8820d: 100% ▕██████████████████▏  28 GB                         [K
pulling 2e968a6af97c: 100% ▕██████████████████▏ 629 MB                         [K[?25h[?2026l[?2026h[?25l[A[A[1Gpulling manifest [K
pulling f5c702d8820d: 100% ▕██████████████████▏  28 GB                         [K
pulling 2e968a6af97c: 100% ▕██████████████████▏ 629 MB                         [K[?25h[?2026l[?2026h[?25l[A[A[1Gpulling manifest [K
pulling f5c702d8820d: 100% ▕██████████████████▏  28 GB                         [K
pulling 2e968a6af97c: 100% ▕██████████████████▏ 629 MB                         [K[?25h[?2026l[?2026h[?25l[A[A[1Gpulling manifest [K
pulling f5c702d8820d: 100% ▕██████████████████▏  28 GB                         [K
pulling 2e968a6af97c: 100% ▕██████████████████▏ 629 MB                         [K[?25h[?2026l[?2026h[?25l[A[A[1Gpulling manifest [K
pulling f5c702d8820d: 100% ▕██████████████████▏  28 GB                         [K
pulling 2e968a6af97c: 100% ▕██████████████████▏ 629 MB                         [K[?25h[?2026l[?2026h[?25l[A[A[1Gpulling manifest [K
pulling f5c702d8820d: 100% ▕██████████████████▏  28 GB                         [K
pulling 2e968a6af97c: 100% ▕██████████████████▏ 629 MB                         [K[?25h[?2026l[?2026h[?25l[A[A[1Gpulling manifest [K
pulling f5c702d8820d: 100% ▕██████████████████▏  28 GB                         [K
pulling 2e968a6af97c: 100% ▕██████████████████▏ 629 MB                         [K[?25h[?2026l[?2026h[?25l[A[A[1Gpulling manifest [K
pulling f5c702d8820d: 100% ▕██████████████████▏  28 GB                         [K
pulling 2e968a6af97c: 100% ▕██████████████████▏ 629 MB                         [K[?25h[?2026l[?2026h[?25l[A[A[1Gpulling manifest [K
pulling f5c702d8820d: 100% ▕██████████████████▏  28 GB                         [K
pulling 2e968a6af97c: 100% ▕██████████████████▏ 629 MB                         [K[?25h[?2026l[?2026h[?25l[A[A[1Gpulling manifest [K
pulling f5c702d8820d: 100% ▕██████████████████▏  28 GB                         [K
pulling 2e968a6af97c: 100% ▕██████████████████▏ 629 MB                         [K[?25h[?2026l[?2026h[?25l[A[A[1Gpulling manifest [K
pulling f5c702d8820d: 100% ▕██████████████████▏  28 GB                         [K
pulling 2e968a6af97c: 100% ▕██████████████████▏ 629 MB                         [K[?25h[?2026l[?2026h[?25l[A[A[1Gpulling manifest [K
pulling f5c702d8820d: 100% ▕██████████████████▏  28 GB                         [K
pulling 2e968a6af97c: 100% ▕██████████████████▏ 629 MB                         [K[?25h[?2026l[?2026h[?25l[A[A[1Gpulling manifest [K
pulling f5c702d8820d: 100% ▕██████████████████▏  28 GB                         [K
pulling 2e968a6af97c: 100% ▕██████████████████▏ 629 MB                         [K[?25h[?2026l[?2026h[?25l[A[A[1Gpulling manifest [K
pulling f5c702d8820d: 100% ▕██████████████████▏  28 GB                         [K
pulling 2e968a6af97c: 100% ▕██████████████████▏ 629 MB                         [K[?25h[?2026l[?2026h[?25l[A[A[1Gpulling manifest [K
pulling f5c702d8820d: 100% ▕██████████████████▏  28 GB                         [K
pulling 2e968a6af97c: 100% ▕██████████████████▏ 629 MB                         [K[?25h[?2026l[?2026h[?25l[A[A[1Gpulling manifest [K
pulling f5c702d8820d: 100% ▕██████████████████▏  28 GB                         [K
pulling 2e968a6af97c: 100% ▕██████████████████▏ 629 MB                         [K[?25h[?2026l[?2026h[?25l[A[A[1Gpulling manifest [K
pulling f5c702d8820d: 100% ▕██████████████████▏  28 GB                         [K
pulling 2e968a6af97c: 100% ▕██████████████████▏ 629 MB                         [K[?25h[?2026l[?2026h[?25l[A[A[1Gpulling manifest [K
pulling f5c702d8820d: 100% ▕██████████████████▏  28 GB                         [K
pulling 2e968a6af97c: 100% ▕██████████████████▏ 629 MB                         [K[?25h[?2026l[?2026h[?25l[A[A[1Gpulling manifest [K
pulling f5c702d8820d: 100% ▕██████████████████▏  28 GB                         [K
pulling 2e968a6af97c: 100% ▕██████████████████▏ 629 MB                         [K[?25h[?2026l[?2026h[?25l[A[A[1Gpulling manifest [K
pulling f5c702d8820d: 100% ▕██████████████████▏  28 GB                         [K
pulling 2e968a6af97c: 100% ▕██████████████████▏ 629 MB                         [K[?25h[?2026l[?2026h[?25l[A[A[1Gpulling manifest [K
pulling f5c702d8820d: 100% ▕██████████████████▏  28 GB                         [K
pulling 2e968a6af97c: 100% ▕██████████████████▏ 629 MB                         [K[?25h[?2026l[?2026h[?25l[A[A[1Gpulling manifest [K
pulling f5c702d8820d: 100% ▕██████████████████▏  28 GB                         [K
pulling 2e968a6af97c: 100% ▕██████████████████▏ 629 MB                         [K[?25h[?2026l[?2026h[?25l[A[A[1Gpulling manifest [K
pulling f5c702d8820d: 100% ▕██████████████████▏  28 GB                         [K
pulling 2e968a6af97c: 100% ▕██████████████████▏ 629 MB                         [K[?25h[?2026l[?2026h[?25l[A[A[1Gpulling manifest [K
pulling f5c702d8820d: 100% ▕██████████████████▏  28 GB                         [K
pulling 2e968a6af97c: 100% ▕██████████████████▏ 629 MB                         [K[?25h[?2026l[?2026h[?25l[A[A[1Gpulling manifest [K
pulling f5c702d8820d: 100% ▕██████████████████▏  28 GB                         [K
pulling 2e968a6af97c: 100% ▕██████████████████▏ 629 MB                         [K[?25h[?2026l[?2026h[?25l[A[A[1Gpulling manifest [K
pulling f5c702d8820d: 100% ▕██████████████████▏  28 GB                         [K
pulling 2e968a6af97c: 100% ▕██████████████████▏ 629 MB                         [K[?25h[?2026l[?2026h[?25l[A[A[1Gpulling manifest [K
pulling f5c702d8820d: 100% ▕██████████████████▏  28 GB                         [K
pulling 2e968a6af97c: 100% ▕██████████████████▏ 629 MB                         [K[?25h[?2026l[?2026h[?25l[A[A[1Gpulling manifest [K
pulling f5c702d8820d: 100% ▕██████████████████▏  28 GB                         [K
pulling 2e968a6af97c: 100% ▕██████████████████▏ 629 MB                         [K[?25h[?2026l[?2026h[?25l[A[A[1Gpulling manifest [K
pulling f5c702d8820d: 100% ▕██████████████████▏  28 GB                         [K
pulling 2e968a6af97c: 100% ▕██████████████████▏ 629 MB                         [K[?25h[?2026l[?2026h[?25l[A[A[1Gpulling manifest [K
pulling f5c702d8820d: 100% ▕██████████████████▏  28 GB                         [K
pulling 2e968a6af97c: 100% ▕██████████████████▏ 629 MB                         [K[?25h[?2026l[?2026h[?25l[A[A[1Gpulling manifest [K
pulling f5c702d8820d: 100% ▕██████████████████▏  28 GB                         [K
pulling 2e968a6af97c: 100% ▕██████████████████▏ 629 MB                         [K[?25h[?2026l[?2026h[?25l[A[A[1Gpulling manifest [K
pulling f5c702d8820d: 100% ▕██████████████████▏  28 GB                         [K
pulling 2e968a6af97c: 100% ▕██████████████████▏ 629 MB                         [K[?25h[?2026l[?2026h[?25l[A[A[1Gpulling manifest [K
pulling f5c702d8820d: 100% ▕██████████████████▏  28 GB                         [K
pulling 2e968a6af97c: 100% ▕██████████████████▏ 629 MB                         [K[?25h[?2026l[?2026h[?25l[A[A[1Gpulling manifest [K
pulling f5c702d8820d: 100% ▕██████████████████▏  28 GB                         [K
pulling 2e968a6af97c: 100% ▕██████████████████▏ 629 MB                         [K[?25h[?2026l[?2026h[?25l[A[A[1Gpulling manifest [K
pulling f5c702d8820d: 100% ▕██████████████████▏  28 GB                         [K
pulling 2e968a6af97c: 100% ▕██████████████████▏ 629 MB                         [K[?25h[?2026l[?2026h[?25l[A[A[1Gpulling manifest [K
pulling f5c702d8820d: 100% ▕██████████████████▏  28 GB                         [K
pulling 2e968a6af97c: 100% ▕██████████████████▏ 629 MB                         [K[?25h[?2026l[?2026h[?25l[A[A[1Gpulling manifest [K
pulling f5c702d8820d: 100% ▕██████████████████▏  28 GB                         [K
pulling 2e968a6af97c: 100% ▕██████████████████▏ 629 MB                         [K[?25h[?2026l[?2026h[?25l[A[A[1Gpulling manifest [K
pulling f5c702d8820d: 100% ▕██████████████████▏  28 GB                         [K
pulling 2e968a6af97c: 100% ▕██████████████████▏ 629 MB                         [K[?25h[?2026l[?2026h[?25l[A[A[1Gpulling manifest [K
pulling f5c702d8820d: 100% ▕██████████████████▏  28 GB                         [K
pulling 2e968a6af97c: 100% ▕██████████████████▏ 629 MB                         [K[?25h[?2026l[?2026h[?25l[A[A[1Gpulling manifest [K
pulling f5c702d8820d: 100% ▕██████████████████▏  28 GB                         [K
pulling 2e968a6af97c: 100% ▕██████████████████▏ 629 MB                         [K[?25h[?2026l[?2026h[?25l[A[A[1Gpulling manifest [K
pulling f5c702d8820d: 100% ▕██████████████████▏  28 GB                         [K
pulling 2e968a6af97c: 100% ▕██████████████████▏ 629 MB                         [K[?25h[?2026l[?2026h[?25l[A[A[1Gpulling manifest [K
pulling f5c702d8820d: 100% ▕██████████████████▏  28 GB                         [K
pulling 2e968a6af97c: 100% ▕██████████████████▏ 629 MB                         [K[?25h[?2026l[?2026h[?25l[A[A[1Gpulling manifest [K
pulling f5c702d8820d: 100% ▕██████████████████▏  28 GB                         [K
pulling 2e968a6af97c: 100% ▕██████████████████▏ 629 MB                         [K[?25h[?2026l[?2026h[?25l[A[A[1Gpulling manifest [K
pulling f5c702d8820d: 100% ▕██████████████████▏  28 GB                         [K
pulling 2e968a6af97c: 100% ▕██████████████████▏ 629 MB                         [K[?25h[?2026l[?2026h[?25l[A[A[1Gpulling manifest [K
pulling f5c702d8820d: 100% ▕██████████████████▏  28 GB                         [K
pulling 2e968a6af97c: 100% ▕██████████████████▏ 629 MB                         [K[?25h[?2026l[?2026h[?25l[A[A[1Gpulling manifest [K
pulling f5c702d8820d: 100% ▕██████████████████▏  28 GB                         [K
pulling 2e968a6af97c: 100% ▕██████████████████▏ 629 MB                         [K[?25h[?2026l[?2026h[?25l[A[A[1Gpulling manifest [K
pulling f5c702d8820d: 100% ▕██████████████████▏  28 GB                         [K
pulling 2e968a6af97c: 100% ▕██████████████████▏ 629 MB                         [K[?25h[?2026l[?2026h[?25l[A[A[1Gpulling manifest [K
pulling f5c702d8820d: 100% ▕██████████████████▏  28 GB                         [K
pulling 2e968a6af97c: 100% ▕██████████████████▏ 629 MB                         [K[?25h[?2026l[?2026h[?25l[A[A[1Gpulling manifest [K
pulling f5c702d8820d: 100% ▕██████████████████▏  28 GB                         [K
pulling 2e968a6af97c: 100% ▕██████████████████▏ 629 MB                         [K[?25h[?2026l[?2026h[?25l[A[A[1Gpulling manifest [K
pulling f5c702d8820d: 100% ▕██████████████████▏  28 GB                         [K
pulling 2e968a6af97c: 100% ▕██████████████████▏ 629 MB                         [K[?25h[?2026l[?2026h[?25l[A[A[1Gpulling manifest [K
pulling f5c702d8820d: 100% ▕██████████████████▏  28 GB                         [K
pulling 2e968a6af97c: 100% ▕██████████████████▏ 629 MB                         [K[?25h[?2026l[?2026h[?25l[A[A[1Gpulling manifest [K
pulling f5c702d8820d: 100% ▕██████████████████▏  28 GB                         [K
pulling 2e968a6af97c: 100% ▕██████████████████▏ 629 MB                         [K[?25h[?2026l[?2026h[?25l[A[A[1Gpulling manifest [K
pulling f5c702d8820d: 100% ▕██████████████████▏  28 GB                         [K
pulling 2e968a6af97c: 100% ▕██████████████████▏ 629 MB                         [K[?25h[?2026l[?2026h[?25l[A[A[1Gpulling manifest [K
pulling f5c702d8820d: 100% ▕██████████████████▏  28 GB                         [K
pulling 2e968a6af97c: 100% ▕██████████████████▏ 629 MB                         [K[?25h[?2026l[?2026h[?25l[A[A[1Gpulling manifest [K
pulling f5c702d8820d: 100% ▕██████████████████▏  28 GB                         [K
pulling 2e968a6af97c: 100% ▕██████████████████▏ 629 MB                         [K[?25h[?2026l[?2026h[?25l[A[A[1Gpulling manifest [K
pulling f5c702d8820d: 100% ▕██████████████████▏  28 GB                         [K
pulling 2e968a6af97c: 100% ▕██████████████████▏ 629 MB                         [K[?25h[?2026l[?2026h[?25l[A[A[1Gpulling manifest [K
pulling f5c702d8820d: 100% ▕██████████████████▏  28 GB                         [K
pulling 2e968a6af97c: 100% ▕██████████████████▏ 629 MB                         [K[?25h[?2026l[?2026h[?25l[A[A[1Gpulling manifest [K
pulling f5c702d8820d: 100% ▕██████████████████▏  28 GB                         [K
pulling 2e968a6af97c: 100% ▕██████████████████▏ 629 MB                         [K[?25h[?2026l[?2026h[?25l[A[A[1Gpulling manifest [K
pulling f5c702d8820d: 100% ▕██████████████████▏  28 GB                         [K
pulling 2e968a6af97c: 100% ▕██████████████████▏ 629 MB                         [K[?25h[?2026l[?2026h[?25l[A[A[1Gpulling manifest [K
pulling f5c702d8820d: 100% ▕██████████████████▏  28 GB                         [K
pulling 2e968a6af97c: 100% ▕██████████████████▏ 629 MB                         [K[?25h[?2026l[?2026h[?25l[A[A[1Gpulling manifest [K
pulling f5c702d8820d: 100% ▕██████████████████▏  28 GB                         [K
pulling 2e968a6af97c: 100% ▕██████████████████▏ 629 MB                         [K[?25h[?2026l[?2026h[?25l[A[A[1Gpulling manifest [K
pulling f5c702d8820d: 100% ▕██████████████████▏  28 GB                         [K
pulling 2e968a6af97c: 100% ▕██████████████████▏ 629 MB                         [K[?25h[?2026l[?2026h[?25l[A[A[1Gpulling manifest [K
pulling f5c702d8820d: 100% ▕██████████████████▏  28 GB                         [K
pulling 2e968a6af97c: 100% ▕██████████████████▏ 629 MB                         [K[?25h[?2026l[?2026h[?25l[A[A[1Gpulling manifest [K
pulling f5c702d8820d: 100% ▕██████████████████▏  28 GB                         [K
pulling 2e968a6af97c: 100% ▕██████████████████▏ 629 MB                         [K[?25h[?2026l[?2026h[?25l[A[A[1Gpulling manifest [K
pulling f5c702d8820d: 100% ▕██████████████████▏  28 GB                         [K
pulling 2e968a6af97c: 100% ▕██████████████████▏ 629 MB                         [K[?25h[?2026l[?2026h[?25l[A[A[1Gpulling manifest [K
pulling f5c702d8820d: 100% ▕██████████████████▏  28 GB                         [K
pulling 2e968a6af97c: 100% ▕██████████████████▏ 629 MB                         [K[?25h[?2026l[?2026h[?25l[A[A[1Gpulling manifest [K
pulling f5c702d8820d: 100% ▕██████████████████▏  28 GB                         [K
pulling 2e968a6af97c: 100% ▕██████████████████▏ 629 MB                         [K[?25h[?2026l[?2026h[?25l[A[A[1Gpulling manifest [K
pulling f5c702d8820d: 100% ▕██████████████████▏  28 GB                         [K
pulling 2e968a6af97c: 100% ▕██████████████████▏ 629 MB                         [K[?25h[?2026l[?2026h[?25l[A[A[1Gpulling manifest [K
pulling f5c702d8820d: 100% ▕██████████████████▏  28 GB                         [K
pulling 2e968a6af97c: 100% ▕██████████████████▏ 629 MB                         [K[?25h[?2026l[?2026h[?25l[A[A[1Gpulling manifest [K
pulling f5c702d8820d: 100% ▕██████████████████▏  28 GB                         [K
pulling 2e968a6af97c: 100% ▕██████████████████▏ 629 MB                         [K[?25h[?2026l[?2026h[?25l[A[A[1Gpulling manifest [K
pulling f5c702d8820d: 100% ▕██████████████████▏  28 GB                         [K
pulling 2e968a6af97c: 100% ▕██████████████████▏ 629 MB                         [K[?25h[?2026l[?2026h[?25l[A[A[1Gpulling manifest [K
pulling f5c702d8820d: 100% ▕██████████████████▏  28 GB                         [K
pulling 2e968a6af97c: 100% ▕██████████████████▏ 629 MB                         [K[?25h[?2026l[?2026h[?25l[A[A[1Gpulling manifest [K
pulling f5c702d8820d: 100% ▕██████████████████▏  28 GB                         [K
pulling 2e968a6af97c: 100% ▕██████████████████▏ 629 MB                         [K[?25h[?2026l[?2026h[?25l[A[A[1Gpulling manifest [K
pulling f5c702d8820d: 100% ▕██████████████████▏  28 GB                         [K
pulling 2e968a6af97c: 100% ▕██████████████████▏ 629 MB                         [K[?25h[?2026l[?2026h[?25l[A[A[1Gpulling manifest [K
pulling f5c702d8820d: 100% ▕██████████████████▏  28 GB                         [K
pulling 2e968a6af97c: 100% ▕██████████████████▏ 629 MB                         [K[?25h[?2026l[?2026h[?25l[A[A[1Gpulling manifest [K
pulling f5c702d8820d: 100% ▕██████████████████▏  28 GB                         [K
pulling 2e968a6af97c: 100% ▕██████████████████▏ 629 MB                         [K[?25h[?2026l[?2026h[?25l[A[A[1Gpulling manifest [K
pulling f5c702d8820d: 100% ▕██████████████████▏  28 GB                         [K
pulling 2e968a6af97c: 100% ▕██████████████████▏ 629 MB                         [K[?25h[?2026l[?2026h[?25l[A[A[1Gpulling manifest [K
pulling f5c702d8820d: 100% ▕██████████████████▏  28 GB                         [K
pulling 2e968a6af97c: 100% ▕██████████████████▏ 629 MB                         [K[?25h[?2026l[?2026h[?25l[A[A[1Gpulling manifest [K
pulling f5c702d8820d: 100% ▕██████████████████▏  28 GB                         [K
pulling 2e968a6af97c: 100% ▕██████████████████▏ 629 MB                         [K[?25h[?2026l[?2026h[?25l[A[A[1Gpulling manifest [K
pulling f5c702d8820d: 100% ▕██████████████████▏  28 GB                         [K
pulling 2e968a6af97c: 100% ▕██████████████████▏ 629 MB                         [K[?25h[?2026l[?2026h[?25l[A[A[1Gpulling manifest [K
pulling f5c702d8820d: 100% ▕██████████████████▏  28 GB                         [K
pulling 2e968a6af97c: 100% ▕██████████████████▏ 629 MB                         [K[?25h[?2026l[?2026h[?25l[A[A[1Gpulling manifest [K
pulling f5c702d8820d: 100% ▕██████████████████▏  28 GB                         [K
pulling 2e968a6af97c: 100% ▕██████████████████▏ 629 MB                         [K[?25h[?2026l[?2026h[?25l[A[A[1Gpulling manifest [K
pulling f5c702d8820d: 100% ▕██████████████████▏  28 GB                         [K
pulling 2e968a6af97c: 100% ▕██████████████████▏ 629 MB                         [K[?25h[?2026l[?2026h[?25l[A[A[1Gpulling manifest [K
pulling f5c702d8820d: 100% ▕██████████████████▏  28 GB                         [K
pulling 2e968a6af97c: 100% ▕██████████████████▏ 629 MB                         [K[?25h[?2026l[?2026h[?25l[A[A[1Gpulling manifest [K
pulling f5c702d8820d: 100% ▕██████████████████▏  28 GB                         [K
pulling 2e968a6af97c: 100% ▕██████████████████▏ 629 MB                         [K[?25h[?2026l[?2026h[?25l[A[A[1Gpulling manifest [K
pulling f5c702d8820d: 100% ▕██████████████████▏  28 GB                         [K
pulling 2e968a6af97c: 100% ▕██████████████████▏ 629 MB                         [K[?25h[?2026l[?2026h[?25l[A[A[1Gpulling manifest [K
pulling f5c702d8820d: 100% ▕██████████████████▏  28 GB                         [K
pulling 2e968a6af97c: 100% ▕██████████████████▏ 629 MB                         [K[?25h[?2026l[?2026h[?25l[A[A[1Gpulling manifest [K
pulling f5c702d8820d: 100% ▕██████████████████▏  28 GB                         [K
pulling 2e968a6af97c: 100% ▕██████████████████▏ 629 MB                         [K[?25h[?2026l[?2026h[?25l[A[A[1Gpulling manifest [K
pulling f5c702d8820d: 100% ▕██████████████████▏  28 GB                         [K
pulling 2e968a6af97c: 100% ▕██████████████████▏ 629 MB                         [K[?25h[?2026l[?2026h[?25l[A[A[1Gpulling manifest [K
pulling f5c702d8820d: 100% ▕██████████████████▏  28 GB                         [K
pulling 2e968a6af97c: 100% ▕██████████████████▏ 629 MB                         [K[?25h[?2026l[?2026h[?25l[A[A[1Gpulling manifest [K
pulling f5c702d8820d: 100% ▕██████████████████▏  28 GB                         [K
pulling 2e968a6af97c: 100% ▕██████████████████▏ 629 MB                         [K[?25h[?2026l[?2026h[?25l[A[A[1Gpulling manifest [K
pulling f5c702d8820d: 100% ▕██████████████████▏  28 GB                         [K
pulling 2e968a6af97c: 100% ▕██████████████████▏ 629 MB                         [K[?25h[?2026l[?2026h[?25l[A[A[1Gpulling manifest [K
pulling f5c702d8820d: 100% ▕██████████████████▏  28 GB                         [K
pulling 2e968a6af97c: 100% ▕██████████████████▏ 629 MB                         [K[?25h[?2026l[?2026h[?25l[A[A[1Gpulling manifest [K
pulling f5c702d8820d: 100% ▕██████████████████▏  28 GB                         [K
pulling 2e968a6af97c: 100% ▕██████████████████▏ 629 MB                         [K[?25h[?2026l[?2026h[?25l[A[A[1Gpulling manifest [K
pulling f5c702d8820d: 100% ▕██████████████████▏  28 GB                         [K
pulling 2e968a6af97c: 100% ▕██████████████████▏ 629 MB                         [K[?25h[?2026l[?2026h[?25l[A[A[1Gpulling manifest [K
pulling f5c702d8820d: 100% ▕██████████████████▏  28 GB                         [K
pulling 2e968a6af97c: 100% ▕██████████████████▏ 629 MB                         [K[?25h[?2026l[?2026h[?25l[A[A[1Gpulling manifest [K
pulling f5c702d8820d: 100% ▕██████████████████▏  28 GB                         [K
pulling 2e968a6af97c: 100% ▕██████████████████▏ 629 MB                         [K[?25h[?2026l[?2026h[?25l[A[A[1Gpulling manifest [K
pulling f5c702d8820d: 100% ▕██████████████████▏  28 GB                         [K
pulling 2e968a6af97c: 100% ▕██████████████████▏ 629 MB                         [K[?25h[?2026l[?2026h[?25l[A[A[1Gpulling manifest [K
pulling f5c702d8820d: 100% ▕██████████████████▏  28 GB                         [K
pulling 2e968a6af97c: 100% ▕██████████████████▏ 629 MB                         [K[?25h[?2026l[?2026h[?25l[A[A[1Gpulling manifest [K
pulling f5c702d8820d: 100% ▕██████████████████▏  28 GB                         [K
pulling 2e968a6af97c: 100% ▕██████████████████▏ 629 MB                         [K[?25h[?2026l[?2026h[?25l[A[A[1Gpulling manifest [K
pulling f5c702d8820d: 100% ▕██████████████████▏  28 GB                         [K
pulling 2e968a6af97c: 100% ▕██████████████████▏ 629 MB                         [K[?25h[?2026l[?2026h[?25l[A[A[1Gpulling manifest [K
pulling f5c702d8820d: 100% ▕██████████████████▏  28 GB                         [K
pulling 2e968a6af97c: 100% ▕██████████████████▏ 629 MB                         [K[?25h[?2026l[?2026h[?25l[A[A[1Gpulling manifest [K
pulling f5c702d8820d: 100% ▕██████████████████▏  28 GB                         [K
pulling 2e968a6af97c: 100% ▕██████████████████▏ 629 MB                         [K[?25h[?2026l[?2026h[?25l[A[A[1Gpulling manifest [K
pulling f5c702d8820d: 100% ▕██████████████████▏  28 GB                         [K
pulling 2e968a6af97c: 100% ▕██████████████████▏ 629 MB                         [K[?25h[?2026l[?2026h[?25l[A[A[1Gpulling manifest [K
pulling f5c702d8820d: 100% ▕██████████████████▏  28 GB                         [K
pulling 2e968a6af97c: 100% ▕██████████████████▏ 629 MB                         [K[?25h[?2026l[?2026h[?25l[A[A[1Gpulling manifest [K
pulling f5c702d8820d: 100% ▕██████████████████▏  28 GB                         [K
pulling 2e968a6af97c: 100% ▕██████████████████▏ 629 MB                         [K[?25h[?2026l[?2026h[?25l[A[A[1Gpulling manifest [K
pulling f5c702d8820d: 100% ▕██████████████████▏  28 GB                         [K
pulling 2e968a6af97c: 100% ▕██████████████████▏ 629 MB                         [K[?25h[?2026l[?2026h[?25l[A[A[1Gpulling manifest [K
pulling f5c702d8820d: 100% ▕██████████████████▏  28 GB                         [K
pulling 2e968a6af97c: 100% ▕██████████████████▏ 629 MB                         [K[?25h[?2026l[?2026h[?25l[A[A[1Gpulling manifest [K
pulling f5c702d8820d: 100% ▕██████████████████▏  28 GB                         [K
pulling 2e968a6af97c: 100% ▕██████████████████▏ 629 MB                         [K[?25h[?2026l[?2026h[?25l[A[A[1Gpulling manifest [K
pulling f5c702d8820d: 100% ▕██████████████████▏  28 GB                         [K
pulling 2e968a6af97c: 100% ▕██████████████████▏ 629 MB                         [K[?25h[?2026l[?2026h[?25l[A[A[1Gpulling manifest [K
pulling f5c702d8820d: 100% ▕██████████████████▏  28 GB                         [K
pulling 2e968a6af97c: 100% ▕██████████████████▏ 629 MB                         [K[?25h[?2026l[?2026h[?25l[A[A[1Gpulling manifest [K
pulling f5c702d8820d: 100% ▕██████████████████▏  28 GB                         [K
pulling 2e968a6af97c: 100% ▕██████████████████▏ 629 MB                         [K[?25h[?2026l[?2026h[?25l[A[A[1Gpulling manifest [K
pulling f5c702d8820d: 100% ▕██████████████████▏  28 GB                         [K
pulling 2e968a6af97c: 100% ▕██████████████████▏ 629 MB                         [K[?25h[?2026l[?2026h[?25l[A[A[1Gpulling manifest [K
pulling f5c702d8820d: 100% ▕██████████████████▏  28 GB                         [K
pulling 2e968a6af97c: 100% ▕██████████████████▏ 629 MB                         [K[?25h[?2026l[?2026h[?25l[A[A[1Gpulling manifest [K
pulling f5c702d8820d: 100% ▕██████████████████▏  28 GB                         [K
pulling 2e968a6af97c: 100% ▕██████████████████▏ 629 MB                         [K[?25h[?2026l[?2026h[?25l[A[A[1Gpulling manifest [K
pulling f5c702d8820d: 100% ▕██████████████████▏  28 GB                         [K
pulling 2e968a6af97c: 100% ▕██████████████████▏ 629 MB                         [K[?25h[?2026l[?2026h[?25l[A[A[1Gpulling manifest [K
pulling f5c702d8820d: 100% ▕██████████████████▏  28 GB                         [K
pulling 2e968a6af97c: 100% ▕██████████████████▏ 629 MB                         [K[?25h[?2026l[?2026h[?25l[A[A[1Gpulling manifest [K
pulling f5c702d8820d: 100% ▕██████████████████▏  28 GB                         [K
pulling 2e968a6af97c: 100% ▕██████████████████▏ 629 MB                         [K[?25h[?2026l[?2026h[?25l[A[A[1Gpulling manifest [K
pulling f5c702d8820d: 100% ▕██████████████████▏  28 GB                         [K
pulling 2e968a6af97c: 100% ▕██████████████████▏ 629 MB                         [K[?25h[?2026l[?2026h[?25l[A[A[1Gpulling manifest [K
pulling f5c702d8820d: 100% ▕██████████████████▏  28 GB                         [K
pulling 2e968a6af97c: 100% ▕██████████████████▏ 629 MB                         [K[?25h[?2026l[?2026h[?25l[A[A[1Gpulling manifest [K
pulling f5c702d8820d: 100% ▕██████████████████▏  28 GB                         [K
pulling 2e968a6af97c: 100% ▕██████████████████▏ 629 MB                         [K[?25h[?2026l[?2026h[?25l[A[A[1Gpulling manifest [K
pulling f5c702d8820d: 100% ▕██████████████████▏  28 GB                         [K
pulling 2e968a6af97c: 100% ▕██████████████████▏ 629 MB                         [K[?25h[?2026l[?2026h[?25l[A[A[1Gpulling manifest [K
pulling f5c702d8820d: 100% ▕██████████████████▏  28 GB                         [K
pulling 2e968a6af97c: 100% ▕██████████████████▏ 629 MB                         [K[?25h[?2026l[?2026h[?25l[A[A[1Gpulling manifest [K
pulling f5c702d8820d: 100% ▕██████████████████▏  28 GB                         [K
pulling 2e968a6af97c: 100% ▕██████████████████▏ 629 MB                         [K[?25h[?2026l[?2026h[?25l[A[A[1Gpulling manifest [K
pulling f5c702d8820d: 100% ▕██████████████████▏  28 GB                         [K
pulling 2e968a6af97c: 100% ▕██████████████████▏ 629 MB                         [K[?25h[?2026l[?2026h[?25l[A[A[1Gpulling manifest [K
pulling f5c702d8820d: 100% ▕██████████████████▏  28 GB                         [K
pulling 2e968a6af97c: 100% ▕██████████████████▏ 629 MB                         [K[?25h[?2026l[?2026h[?25l[A[A[1Gpulling manifest [K
pulling f5c702d8820d: 100% ▕██████████████████▏  28 GB                         [K
pulling 2e968a6af97c: 100% ▕██████████████████▏ 629 MB                         [K[?25h[?2026l[?2026h[?25l[A[A[1Gpulling manifest [K
pulling f5c702d8820d: 100% ▕██████████████████▏  28 GB                         [K
pulling 2e968a6af97c: 100% ▕██████████████████▏ 629 MB                         [K[?25h[?2026l[?2026h[?25l[A[A[1Gpulling manifest [K
pulling f5c702d8820d: 100% ▕██████████████████▏  28 GB                         [K
pulling 2e968a6af97c: 100% ▕██████████████████▏ 629 MB                         [K[?25h[?2026l[?2026h[?25l[A[A[1Gpulling manifest [K
pulling f5c702d8820d: 100% ▕██████████████████▏  28 GB                         [K
pulling 2e968a6af97c: 100% ▕██████████████████▏ 629 MB                         [K[?25h[?2026l[?2026h[?25l[A[A[1Gpulling manifest [K
pulling f5c702d8820d: 100% ▕██████████████████▏  28 GB                         [K
pulling 2e968a6af97c: 100% ▕██████████████████▏ 629 MB                         [K[?25h[?2026l[?2026h[?25l[A[A[1Gpulling manifest [K
pulling f5c702d8820d: 100% ▕██████████████████▏  28 GB                         [K
pulling 2e968a6af97c: 100% ▕██████████████████▏ 629 MB                         [K[?25h[?2026l[?2026h[?25l[A[A[1Gpulling manifest [K
pulling f5c702d8820d: 100% ▕██████████████████▏  28 GB                         [K
pulling 2e968a6af97c: 100% ▕██████████████████▏ 629 MB                         [K[?25h[?2026l[?2026h[?25l[A[A[1Gpulling manifest [K
pulling f5c702d8820d: 100% ▕██████████████████▏  28 GB                         [K
pulling 2e968a6af97c: 100% ▕██████████████████▏ 629 MB                         [K[?25h[?2026l[?2026h[?25l[A[A[1Gpulling manifest [K
pulling f5c702d8820d: 100% ▕██████████████████▏  28 GB                         [K
pulling 2e968a6af97c: 100% ▕██████████████████▏ 629 MB                         [K[?25h[?2026l[?2026h[?25l[A[A[1Gpulling manifest [K
pulling f5c702d8820d: 100% ▕██████████████████▏  28 GB                         [K
pulling 2e968a6af97c: 100% ▕██████████████████▏ 629 MB                         [K[?25h[?2026l[?2026h[?25l[A[A[1Gpulling manifest [K
pulling f5c702d8820d: 100% ▕██████████████████▏  28 GB                         [K
pulling 2e968a6af97c: 100% ▕██████████████████▏ 629 MB                         [K[?25h[?2026l[?2026h[?25l[A[A[1Gpulling manifest [K
pulling f5c702d8820d: 100% ▕██████████████████▏  28 GB                         [K
pulling 2e968a6af97c: 100% ▕██████████████████▏ 629 MB                         [K[?25h[?2026l[?2026h[?25l[A[A[1Gpulling manifest [K
pulling f5c702d8820d: 100% ▕██████████████████▏  28 GB                         [K
pulling 2e968a6af97c: 100% ▕██████████████████▏ 629 MB                         [K[?25h[?2026l[?2026h[?25l[A[A[1Gpulling manifest [K
pulling f5c702d8820d: 100% ▕██████████████████▏  28 GB                         [K
pulling 2e968a6af97c: 100% ▕██████████████████▏ 629 MB                         [K[?25h[?2026l[?2026h[?25l[A[A[1Gpulling manifest [K
pulling f5c702d8820d: 100% ▕██████████████████▏  28 GB                         [K
pulling 2e968a6af97c: 100% ▕██████████████████▏ 629 MB                         [K[?25h[?2026l[?2026h[?25l[A[A[1Gpulling manifest [K
pulling f5c702d8820d: 100% ▕██████████████████▏  28 GB                         [K
pulling 2e968a6af97c: 100% ▕██████████████████▏ 629 MB                         [K[?25h[?2026l[?2026h[?25l[A[A[1Gpulling manifest [K
pulling f5c702d8820d: 100% ▕██████████████████▏  28 GB                         [K
pulling 2e968a6af97c: 100% ▕██████████████████▏ 629 MB                         [K[?25h[?2026l[?2026h[?25l[A[A[1Gpulling manifest [K
pulling f5c702d8820d: 100% ▕██████████████████▏  28 GB                         [K
pulling 2e968a6af97c: 100% ▕██████████████████▏ 629 MB                         [K[?25h[?2026l[?2026h[?25l[A[A[1Gpulling manifest [K
pulling f5c702d8820d: 100% ▕██████████████████▏  28 GB                         [K
pulling 2e968a6af97c: 100% ▕██████████████████▏ 629 MB                         [K[?25h[?2026l[?2026h[?25l[A[A[1Gpulling manifest [K
pulling f5c702d8820d: 100% ▕██████████████████▏  28 GB                         [K
pulling 2e968a6af97c: 100% ▕██████████████████▏ 629 MB                         [K[?25h[?2026l[?2026h[?25l[A[A[1Gpulling manifest [K
pulling f5c702d8820d: 100% ▕██████████████████▏  28 GB                         [K
pulling 2e968a6af97c: 100% ▕██████████████████▏ 629 MB                         [K[?25h[?2026l[?2026h[?25l[A[A[1Gpulling manifest [K
pulling f5c702d8820d: 100% ▕██████████████████▏  28 GB                         [K
pulling 2e968a6af97c: 100% ▕██████████████████▏ 629 MB                         [K[?25h[?2026l[?2026h[?25l[A[A[1Gpulling manifest [K
pulling f5c702d8820d: 100% ▕██████████████████▏  28 GB                         [K
pulling 2e968a6af97c: 100% ▕██████████████████▏ 629 MB                         [K[?25h[?2026l[?2026h[?25l[A[A[1Gpulling manifest [K
pulling f5c702d8820d: 100% ▕██████████████████▏  28 GB                         [K
pulling 2e968a6af97c: 100% ▕██████████████████▏ 629 MB                         [K[?25h[?2026l[?2026h[?25l[A[A[1Gpulling manifest [K
pulling f5c702d8820d: 100% ▕██████████████████▏  28 GB                         [K
pulling 2e968a6af97c: 100% ▕██████████████████▏ 629 MB                         [K[?25h[?2026l[?2026h[?25l[A[A[1Gpulling manifest [K
pulling f5c702d8820d: 100% ▕██████████████████▏  28 GB                         [K
pulling 2e968a6af97c: 100% ▕██████████████████▏ 629 MB                         [K[?25h[?2026l[?2026h[?25l[A[A[1Gpulling manifest [K
pulling f5c702d8820d: 100% ▕██████████████████▏  28 GB                         [K
pulling 2e968a6af97c: 100% ▕██████████████████▏ 629 MB                         [K[?25h[?2026l[?2026h[?25l[A[A[1Gpulling manifest [K
pulling f5c702d8820d: 100% ▕██████████████████▏  28 GB                         [K
pulling 2e968a6af97c: 100% ▕██████████████████▏ 629 MB                         [K[?25h[?2026l[?2026h[?25l[A[A[1Gpulling manifest [K
pulling f5c702d8820d: 100% ▕██████████████████▏  28 GB                         [K
pulling 2e968a6af97c: 100% ▕██████████████████▏ 629 MB                         [K[?25h[?2026l[?2026h[?25l[A[A[1Gpulling manifest [K
pulling f5c702d8820d: 100% ▕██████████████████▏  28 GB                         [K
pulling 2e968a6af97c: 100% ▕██████████████████▏ 629 MB                         [K[?25h[?2026l[?2026h[?25l[A[A[1Gpulling manifest [K
pulling f5c702d8820d: 100% ▕██████████████████▏  28 GB                         [K
pulling 2e968a6af97c: 100% ▕██████████████████▏ 629 MB                         [K[?25h[?2026l[?2026h[?25l[A[A[1Gpulling manifest [K
pulling f5c702d8820d: 100% ▕██████████████████▏  28 GB                         [K
pulling 2e968a6af97c: 100% ▕██████████████████▏ 629 MB                         [K[?25h[?2026l[?2026h[?25l[A[A[1Gpulling manifest [K
pulling f5c702d8820d: 100% ▕██████████████████▏  28 GB                         [K
pulling 2e968a6af97c: 100% ▕██████████████████▏ 629 MB                         [K[?25h[?2026l[?2026h[?25l[A[A[1Gpulling manifest [K
pulling f5c702d8820d: 100% ▕██████████████████▏  28 GB                         [K
pulling 2e968a6af97c: 100% ▕██████████████████▏ 629 MB                         [K[?25h[?2026l[?2026h[?25l[A[A[1Gpulling manifest [K
pulling f5c702d8820d: 100% ▕██████████████████▏  28 GB                         [K
pulling 2e968a6af97c: 100% ▕██████████████████▏ 629 MB                         [K[?25h[?2026l[?2026h[?25l[A[A[1Gpulling manifest [K
pulling f5c702d8820d: 100% ▕██████████████████▏  28 GB                         [K
pulling 2e968a6af97c: 100% ▕██████████████████▏ 629 MB                         [K[?25h[?2026l[?2026h[?25l[A[A[1Gpulling manifest [K
pulling f5c702d8820d: 100% ▕██████████████████▏  28 GB                         [K
pulling 2e968a6af97c: 100% ▕██████████████████▏ 629 MB                         [K[?25h[?2026l[?2026h[?25l[A[A[1Gpulling manifest [K
pulling f5c702d8820d: 100% ▕██████████████████▏  28 GB                         [K
pulling 2e968a6af97c: 100% ▕██████████████████▏ 629 MB                         [K[?25h[?2026l[?2026h[?25l[A[A[1Gpulling manifest [K
pulling f5c702d8820d: 100% ▕██████████████████▏  28 GB                         [K
pulling 2e968a6af97c: 100% ▕██████████████████▏ 629 MB                         [K[?25h[?2026l[?2026h[?25l[A[A[1Gpulling manifest [K
pulling f5c702d8820d: 100% ▕██████████████████▏  28 GB                         [K
pulling 2e968a6af97c: 100% ▕██████████████████▏ 629 MB                         [K[?25h[?2026l[?2026h[?25l[A[A[1Gpulling manifest [K
pulling f5c702d8820d: 100% ▕██████████████████▏  28 GB                         [K
pulling 2e968a6af97c: 100% ▕██████████████████▏ 629 MB                         [K[?25h[?2026l[?2026h[?25l[A[A[1Gpulling manifest [K
pulling f5c702d8820d: 100% ▕██████████████████▏  28 GB                         [K
pulling 2e968a6af97c: 100% ▕██████████████████▏ 629 MB                         [K[?25h[?2026l[?2026h[?25l[A[A[1Gpulling manifest [K
pulling f5c702d8820d: 100% ▕██████████████████▏  28 GB                         [K
pulling 2e968a6af97c: 100% ▕██████████████████▏ 629 MB                         [K[?25h[?2026l[?2026h[?25l[A[A[1Gpulling manifest [K
pulling f5c702d8820d: 100% ▕██████████████████▏  28 GB                         [K
pulling 2e968a6af97c: 100% ▕██████████████████▏ 629 MB                         [K[?25h[?2026l[?2026h[?25l[A[A[1Gpulling manifest [K
pulling f5c702d8820d: 100% ▕██████████████████▏  28 GB                         [K
pulling 2e968a6af97c: 100% ▕██████████████████▏ 629 MB                         [K[?25h[?2026l[?2026h[?25l[A[A[1Gpulling manifest [K
pulling f5c702d8820d: 100% ▕██████████████████▏  28 GB                         [K
pulling 2e968a6af97c: 100% ▕██████████████████▏ 629 MB                         [K[?25h[?2026l[?2026h[?25l[A[A[1Gpulling manifest [K
pulling f5c702d8820d: 100% ▕██████████████████▏  28 GB                         [K
pulling 2e968a6af97c: 100% ▕██████████████████▏ 629 MB                         [K
pulling 4c6482c0bef0: 100% ▕██████████████████▏  481 B                         [K[?25h[?2026l[?2026h[?25l[A[A[A[1Gpulling manifest [K
pulling f5c702d8820d: 100% ▕██████████████████▏  28 GB                         [K
pulling 2e968a6af97c: 100% ▕██████████████████▏ 629 MB                         [K
pulling 4c6482c0bef0: 100% ▕██████████████████▏  481 B                         [K[?25h[?2026l[?2026h[?25l[A[A[A[1Gpulling manifest [K
pulling f5c702d8820d: 100% ▕██████████████████▏  28 GB                         [K
pulling 2e968a6af97c: 100% ▕██████████████████▏ 629 MB                         [K
pulling 4c6482c0bef0: 100% ▕██████████████████▏  481 B                         [K[?25h[?2026l[?2026h[?25l[A[A[A[1Gpulling manifest [K
pulling f5c702d8820d: 100% ▕██████████████████▏  28 GB                         [K
pulling 2e968a6af97c: 100% ▕██████████████████▏ 629 MB                         [K
pulling 4c6482c0bef0: 100% ▕██████████████████▏  481 B                         [K[?25h[?2026l[?2026h[?25l[A[A[A[1Gpulling manifest [K
pulling f5c702d8820d: 100% ▕██████████████████▏  28 GB                         [K
pulling 2e968a6af97c: 100% ▕██████████████████▏ 629 MB                         [K
pulling 4c6482c0bef0: 100% ▕██████████████████▏  481 B                         [K[?25h[?2026l[?2026h[?25l[A[A[A[1Gpulling manifest [K
pulling f5c702d8820d: 100% ▕██████████████████▏  28 GB                         [K
pulling 2e968a6af97c: 100% ▕██████████████████▏ 629 MB                         [K
pulling 4c6482c0bef0: 100% ▕██████████████████▏  481 B                         [K
verifying sha256 digest ⠋ [K[?25h[?2026l[?2026h[?25l[A[A[A[A[1Gpulling manifest [K
pulling f5c702d8820d: 100% ▕██████████████████▏  28 GB                         [K
pulling 2e968a6af97c: 100% ▕██████████████████▏ 629 MB                         [K
pulling 4c6482c0bef0: 100% ▕██████████████████▏  481 B                         [K
verifying sha256 digest ⠙ [K[?25h[?2026l[?2026h[?25l[A[A[A[A[1Gpulling manifest [K
pulling f5c702d8820d: 100% ▕██████████████████▏  28 GB                         [K
pulling 2e968a6af97c: 100% ▕██████████████████▏ 629 MB                         [K
pulling 4c6482c0bef0: 100% ▕██████████████████▏  481 B                         [K
verifying sha256 digest ⠹ [K[?25h[?2026l[?2026h[?25l[A[A[A[A[1Gpulling manifest [K
pulling f5c702d8820d: 100% ▕██████████████████▏  28 GB                         [K
pulling 2e968a6af97c: 100% ▕██████████████████▏ 629 MB                         [K
pulling 4c6482c0bef0: 100% ▕██████████████████▏  481 B                         [K
verifying sha256 digest ⠸ [K[?25h[?2026l[?2026h[?25l[A[A[A[A[1Gpulling manifest [K
pulling f5c702d8820d: 100% ▕██████████████████▏  28 GB                         [K
pulling 2e968a6af97c: 100% ▕██████████████████▏ 629 MB                         [K
pulling 4c6482c0bef0: 100% ▕██████████████████▏  481 B                         [K
verifying sha256 digest ⠼ [K[?25h[?2026l[?2026h[?25l[A[A[A[A[1Gpulling manifest [K
pulling f5c702d8820d: 100% ▕██████████████████▏  28 GB                         [K
pulling 2e968a6af97c: 100% ▕██████████████████▏ 629 MB                         [K
pulling 4c6482c0bef0: 100% ▕██████████████████▏  481 B                         [K
verifying sha256 digest ⠴ [K[?25h[?2026l[?2026h[?25l[A[A[A[A[1Gpulling manifest [K
pulling f5c702d8820d: 100% ▕██████████████████▏  28 GB                         [K
pulling 2e968a6af97c: 100% ▕██████████████████▏ 629 MB                         [K
pulling 4c6482c0bef0: 100% ▕██████████████████▏  481 B                         [K
verifying sha256 digest ⠦ [K[?25h[?2026l[?2026h[?25l[A[A[A[A[1Gpulling manifest [K
pulling f5c702d8820d: 100% ▕██████████████████▏  28 GB                         [K
pulling 2e968a6af97c: 100% ▕██████████████████▏ 629 MB                         [K
pulling 4c6482c0bef0: 100% ▕██████████████████▏  481 B                         [K
verifying sha256 digest ⠧ [K[?25h[?2026l[?2026h[?25l[A[A[A[A[1Gpulling manifest [K
pulling f5c702d8820d: 100% ▕██████████████████▏  28 GB                         [K
pulling 2e968a6af97c: 100% ▕██████████████████▏ 629 MB                         [K
pulling 4c6482c0bef0: 100% ▕██████████████████▏  481 B                         [K
verifying sha256 digest ⠇ [K[?25h[?2026l[?2026h[?25l[A[A[A[A[1Gpulling manifest [K
pulling f5c702d8820d: 100% ▕██████████████████▏  28 GB                         [K
pulling 2e968a6af97c: 100% ▕██████████████████▏ 629 MB                         [K
pulling 4c6482c0bef0: 100% ▕██████████████████▏  481 B                         [K
verifying sha256 digest ⠏ [K[?25h[?2026l[?2026h[?25l[A[A[A[A[1Gpulling manifest [K
pulling f5c702d8820d: 100% ▕██████████████████▏  28 GB                         [K
pulling 2e968a6af97c: 100% ▕██████████████████▏ 629 MB                         [K
pulling 4c6482c0bef0: 100% ▕██████████████████▏  481 B                         [K
verifying sha256 digest ⠋ [K[?25h[?2026l[?2026h[?25l[A[A[A[A[1Gpulling manifest [K
pulling f5c702d8820d: 100% ▕██████████████████▏  28 GB                         [K
pulling 2e968a6af97c: 100% ▕██████████████████▏ 629 MB                         [K
pulling 4c6482c0bef0: 100% ▕██████████████████▏  481 B                         [K
verifying sha256 digest ⠙ [K[?25h[?2026l[?2026h[?25l[A[A[A[A[1Gpulling manifest [K
pulling f5c702d8820d: 100% ▕██████████████████▏  28 GB                         [K
pulling 2e968a6af97c: 100% ▕██████████████████▏ 629 MB                         [K
pulling 4c6482c0bef0: 100% ▕██████████████████▏  481 B                         [K
verifying sha256 digest ⠹ [K[?25h[?2026l[?2026h[?25l[A[A[A[A[1Gpulling manifest [K
pulling f5c702d8820d: 100% ▕██████████████████▏  28 GB                         [K
pulling 2e968a6af97c: 100% ▕██████████████████▏ 629 MB                         [K
pulling 4c6482c0bef0: 100% ▕██████████████████▏  481 B                         [K
verifying sha256 digest ⠸ [K[?25h[?2026l[?2026h[?25l[A[A[A[A[1Gpulling manifest [K
pulling f5c702d8820d: 100% ▕██████████████████▏  28 GB                         [K
pulling 2e968a6af97c: 100% ▕██████████████████▏ 629 MB                         [K
pulling 4c6482c0bef0: 100% ▕██████████████████▏  481 B                         [K
verifying sha256 digest ⠼ [K[?25h[?2026l[?2026h[?25l[A[A[A[A[1Gpulling manifest [K
pulling f5c702d8820d: 100% ▕██████████████████▏  28 GB                         [K
pulling 2e968a6af97c: 100% ▕██████████████████▏ 629 MB                         [K
pulling 4c6482c0bef0: 100% ▕██████████████████▏  481 B                         [K
verifying sha256 digest ⠴ [K[?25h[?2026l[?2026h[?25l[A[A[A[A[1Gpulling manifest [K
pulling f5c702d8820d: 100% ▕██████████████████▏  28 GB                         [K
pulling 2e968a6af97c: 100% ▕██████████████████▏ 629 MB                         [K
pulling 4c6482c0bef0: 100% ▕██████████████████▏  481 B                         [K
verifying sha256 digest ⠦ [K[?25h[?2026l[?2026h[?25l[A[A[A[A[1Gpulling manifest [K
pulling f5c702d8820d: 100% ▕██████████████████▏  28 GB                         [K
pulling 2e968a6af97c: 100% ▕██████████████████▏ 629 MB                         [K
pulling 4c6482c0bef0: 100% ▕██████████████████▏  481 B                         [K
verifying sha256 digest ⠧ [K[?25h[?2026l[?2026h[?25l[A[A[A[A[1Gpulling manifest [K
pulling f5c702d8820d: 100% ▕██████████████████▏  28 GB                         [K
pulling 2e968a6af97c: 100% ▕██████████████████▏ 629 MB                         [K
pulling 4c6482c0bef0: 100% ▕██████████████████▏  481 B                         [K
verifying sha256 digest ⠇ [K[?25h[?2026l[?2026h[?25l[A[A[A[A[1Gpulling manifest [K
pulling f5c702d8820d: 100% ▕██████████████████▏  28 GB                         [K
pulling 2e968a6af97c: 100% ▕██████████████████▏ 629 MB                         [K
pulling 4c6482c0bef0: 100% ▕██████████████████▏  481 B                         [K
verifying sha256 digest ⠏ [K[?25h[?2026l[?2026h[?25l[A[A[A[A[1Gpulling manifest [K
pulling f5c702d8820d: 100% ▕██████████████████▏  28 GB                         [K
pulling 2e968a6af97c: 100% ▕██████████████████▏ 629 MB                         [K
pulling 4c6482c0bef0: 100% ▕██████████████████▏  481 B                         [K
verifying sha256 digest ⠋ [K[?25h[?2026l[?2026h[?25l[A[A[A[A[1Gpulling manifest [K
pulling f5c702d8820d: 100% ▕██████████████████▏  28 GB                         [K
pulling 2e968a6af97c: 100% ▕██████████████████▏ 629 MB                         [K
pulling 4c6482c0bef0: 100% ▕██████████████████▏  481 B                         [K
verifying sha256 digest ⠙ [K[?25h[?2026l[?2026h[?25l[A[A[A[A[1Gpulling manifest [K
pulling f5c702d8820d: 100% ▕██████████████████▏  28 GB                         [K
pulling 2e968a6af97c: 100% ▕██████████████████▏ 629 MB                         [K
pulling 4c6482c0bef0: 100% ▕██████████████████▏  481 B                         [K
verifying sha256 digest ⠹ [K[?25h[?2026l[?2026h[?25l[A[A[A[A[1Gpulling manifest [K
pulling f5c702d8820d: 100% ▕██████████████████▏  28 GB                         [K
pulling 2e968a6af97c: 100% ▕██████████████████▏ 629 MB                         [K
pulling 4c6482c0bef0: 100% ▕██████████████████▏  481 B                         [K
verifying sha256 digest ⠸ [K[?25h[?2026l[?2026h[?25l[A[A[A[A[1Gpulling manifest [K
pulling f5c702d8820d: 100% ▕██████████████████▏  28 GB                         [K
pulling 2e968a6af97c: 100% ▕██████████████████▏ 629 MB                         [K
pulling 4c6482c0bef0: 100% ▕██████████████████▏  481 B                         [K
verifying sha256 digest ⠼ [K[?25h[?2026l[?2026h[?25l[A[A[A[A[1Gpulling manifest [K
pulling f5c702d8820d: 100% ▕██████████████████▏  28 GB                         [K
pulling 2e968a6af97c: 100% ▕██████████████████▏ 629 MB                         [K
pulling 4c6482c0bef0: 100% ▕██████████████████▏  481 B                         [K
verifying sha256 digest ⠴ [K[?25h[?2026l[?2026h[?25l[A[A[A[A[1Gpulling manifest [K
pulling f5c702d8820d: 100% ▕██████████████████▏  28 GB                         [K
pulling 2e968a6af97c: 100% ▕██████████████████▏ 629 MB                         [K
pulling 4c6482c0bef0: 100% ▕██████████████████▏  481 B                         [K
verifying sha256 digest ⠦ [K[?25h[?2026l[?2026h[?25l[A[A[A[A[1Gpulling manifest [K
pulling f5c702d8820d: 100% ▕██████████████████▏  28 GB                         [K
pulling 2e968a6af97c: 100% ▕██████████████████▏ 629 MB                         [K
pulling 4c6482c0bef0: 100% ▕██████████████████▏  481 B                         [K
verifying sha256 digest ⠧ [K[?25h[?2026l[?2026h[?25l[A[A[A[A[1Gpulling manifest [K
pulling f5c702d8820d: 100% ▕██████████████████▏  28 GB                         [K
pulling 2e968a6af97c: 100% ▕██████████████████▏ 629 MB                         [K
pulling 4c6482c0bef0: 100% ▕██████████████████▏  481 B                         [K
verifying sha256 digest ⠇ [K[?25h[?2026l[?2026h[?25l[A[A[A[A[1Gpulling manifest [K
pulling f5c702d8820d: 100% ▕██████████████████▏  28 GB                         [K
pulling 2e968a6af97c: 100% ▕██████████████████▏ 629 MB                         [K
pulling 4c6482c0bef0: 100% ▕██████████████████▏  481 B                         [K
verifying sha256 digest ⠏ [K[?25h[?2026l[?2026h[?25l[A[A[A[A[1Gpulling manifest [K
pulling f5c702d8820d: 100% ▕██████████████████▏  28 GB                         [K
pulling 2e968a6af97c: 100% ▕██████████████████▏ 629 MB                         [K
pulling 4c6482c0bef0: 100% ▕██████████████████▏  481 B                         [K
verifying sha256 digest ⠋ [K[?25h[?2026l[?2026h[?25l[A[A[A[A[1Gpulling manifest [K
pulling f5c702d8820d: 100% ▕██████████████████▏  28 GB                         [K
pulling 2e968a6af97c: 100% ▕██████████████████▏ 629 MB                         [K
pulling 4c6482c0bef0: 100% ▕██████████████████▏  481 B                         [K
verifying sha256 digest ⠙ [K[?25h[?2026l[?2026h[?25l[A[A[A[A[1Gpulling manifest [K
pulling f5c702d8820d: 100% ▕██████████████████▏  28 GB                         [K
pulling 2e968a6af97c: 100% ▕██████████████████▏ 629 MB                         [K
pulling 4c6482c0bef0: 100% ▕██████████████████▏  481 B                         [K
verifying sha256 digest ⠹ [K[?25h[?2026l[?2026h[?25l[A[A[A[A[1Gpulling manifest [K
pulling f5c702d8820d: 100% ▕██████████████████▏  28 GB                         [K
pulling 2e968a6af97c: 100% ▕██████████████████▏ 629 MB                         [K
pulling 4c6482c0bef0: 100% ▕██████████████████▏  481 B                         [K
verifying sha256 digest ⠸ [K[?25h[?2026l[?2026h[?25l[A[A[A[A[1Gpulling manifest [K
pulling f5c702d8820d: 100% ▕██████████████████▏  28 GB                         [K
pulling 2e968a6af97c: 100% ▕██████████████████▏ 629 MB                         [K
pulling 4c6482c0bef0: 100% ▕██████████████████▏  481 B                         [K
verifying sha256 digest ⠼ [K[?25h[?2026l[?2026h[?25l[A[A[A[A[1Gpulling manifest [K
pulling f5c702d8820d: 100% ▕██████████████████▏  28 GB                         [K
pulling 2e968a6af97c: 100% ▕██████████████████▏ 629 MB                         [K
pulling 4c6482c0bef0: 100% ▕██████████████████▏  481 B                         [K
verifying sha256 digest ⠴ [K[?25h[?2026l[?2026h[?25l[A[A[A[A[1Gpulling manifest [K
pulling f5c702d8820d: 100% ▕██████████████████▏  28 GB                         [K
pulling 2e968a6af97c: 100% ▕██████████████████▏ 629 MB                         [K
pulling 4c6482c0bef0: 100% ▕██████████████████▏  481 B                         [K
verifying sha256 digest ⠦ [K[?25h[?2026l[?2026h[?25l[A[A[A[A[1Gpulling manifest [K
pulling f5c702d8820d: 100% ▕██████████████████▏  28 GB                         [K
pulling 2e968a6af97c: 100% ▕██████████████████▏ 629 MB                         [K
pulling 4c6482c0bef0: 100% ▕██████████████████▏  481 B                         [K
verifying sha256 digest ⠧ [K[?25h[?2026l[?2026h[?25l[A[A[A[A[1Gpulling manifest [K
pulling f5c702d8820d: 100% ▕██████████████████▏  28 GB                         [K
pulling 2e968a6af97c: 100% ▕██████████████████▏ 629 MB                         [K
pulling 4c6482c0bef0: 100% ▕██████████████████▏  481 B                         [K
verifying sha256 digest ⠇ [K[?25h[?2026l[?2026h[?25l[A[A[A[A[1Gpulling manifest [K
pulling f5c702d8820d: 100% ▕██████████████████▏  28 GB                         [K
pulling 2e968a6af97c: 100% ▕██████████████████▏ 629 MB                         [K
pulling 4c6482c0bef0: 100% ▕██████████████████▏  481 B                         [K
verifying sha256 digest ⠏ [K[?25h[?2026l[?2026h[?25l[A[A[A[A[1Gpulling manifest [K
pulling f5c702d8820d: 100% ▕██████████████████▏  28 GB                         [K
pulling 2e968a6af97c: 100% ▕██████████████████▏ 629 MB                         [K
pulling 4c6482c0bef0: 100% ▕██████████████████▏  481 B                         [K
verifying sha256 digest ⠋ [K[?25h[?2026l[?2026h[?25l[A[A[A[A[1Gpulling manifest [K
pulling f5c702d8820d: 100% ▕██████████████████▏  28 GB                         [K
pulling 2e968a6af97c: 100% ▕██████████████████▏ 629 MB                         [K
pulling 4c6482c0bef0: 100% ▕██████████████████▏  481 B                         [K
verifying sha256 digest ⠙ [K[?25h[?2026l[?2026h[?25l[A[A[A[A[1Gpulling manifest [K
pulling f5c702d8820d: 100% ▕██████████████████▏  28 GB                         [K
pulling 2e968a6af97c: 100% ▕██████████████████▏ 629 MB                         [K
pulling 4c6482c0bef0: 100% ▕██████████████████▏  481 B                         [K
verifying sha256 digest ⠹ [K[?25h[?2026l[?2026h[?25l[A[A[A[A[1Gpulling manifest [K
pulling f5c702d8820d: 100% ▕██████████████████▏  28 GB                         [K
pulling 2e968a6af97c: 100% ▕██████████████████▏ 629 MB                         [K
pulling 4c6482c0bef0: 100% ▕██████████████████▏  481 B                         [K
verifying sha256 digest ⠸ [K[?25h[?2026l[?2026h[?25l[A[A[A[A[1Gpulling manifest [K
pulling f5c702d8820d: 100% ▕██████████████████▏  28 GB                         [K
pulling 2e968a6af97c: 100% ▕██████████████████▏ 629 MB                         [K
pulling 4c6482c0bef0: 100% ▕██████████████████▏  481 B                         [K
verifying sha256 digest ⠼ [K[?25h[?2026l[?2026h[?25l[A[A[A[A[1Gpulling manifest [K
pulling f5c702d8820d: 100% ▕██████████████████▏  28 GB                         [K
pulling 2e968a6af97c: 100% ▕██████████████████▏ 629 MB                         [K
pulling 4c6482c0bef0: 100% ▕██████████████████▏  481 B                         [K
verifying sha256 digest ⠴ [K[?25h[?2026l[?2026h[?25l[A[A[A[A[1Gpulling manifest [K
pulling f5c702d8820d: 100% ▕██████████████████▏  28 GB                         [K
pulling 2e968a6af97c: 100% ▕██████████████████▏ 629 MB                         [K
pulling 4c6482c0bef0: 100% ▕██████████████████▏  481 B                         [K
verifying sha256 digest ⠦ [K[?25h[?2026l[?2026h[?25l[A[A[A[A[1Gpulling manifest [K
pulling f5c702d8820d: 100% ▕██████████████████▏  28 GB                         [K
pulling 2e968a6af97c: 100% ▕██████████████████▏ 629 MB                         [K
pulling 4c6482c0bef0: 100% ▕██████████████████▏  481 B                         [K
verifying sha256 digest ⠧ [K[?25h[?2026l[?2026h[?25l[A[A[A[A[1Gpulling manifest [K
pulling f5c702d8820d: 100% ▕██████████████████▏  28 GB                         [K
pulling 2e968a6af97c: 100% ▕██████████████████▏ 629 MB                         [K
pulling 4c6482c0bef0: 100% ▕██████████████████▏  481 B                         [K
verifying sha256 digest ⠇ [K[?25h[?2026l[?2026h[?25l[A[A[A[A[1Gpulling manifest [K
pulling f5c702d8820d: 100% ▕██████████████████▏  28 GB                         [K
pulling 2e968a6af97c: 100% ▕██████████████████▏ 629 MB                         [K
pulling 4c6482c0bef0: 100% ▕██████████████████▏  481 B                         [K
verifying sha256 digest ⠏ [K[?25h[?2026l[?2026h[?25l[A[A[A[A[1Gpulling manifest [K
pulling f5c702d8820d: 100% ▕██████████████████▏  28 GB                         [K
pulling 2e968a6af97c: 100% ▕██████████████████▏ 629 MB                         [K
pulling 4c6482c0bef0: 100% ▕██████████████████▏  481 B                         [K
verifying sha256 digest ⠋ [K[?25h[?2026l[?2026h[?25l[A[A[A[A[1Gpulling manifest [K
pulling f5c702d8820d: 100% ▕██████████████████▏  28 GB                         [K
pulling 2e968a6af97c: 100% ▕██████████████████▏ 629 MB                         [K
pulling 4c6482c0bef0: 100% ▕██████████████████▏  481 B                         [K
verifying sha256 digest ⠙ [K[?25h[?2026l[?2026h[?25l[A[A[A[A[1Gpulling manifest [K
pulling f5c702d8820d: 100% ▕██████████████████▏  28 GB                         [K
pulling 2e968a6af97c: 100% ▕██████████████████▏ 629 MB                         [K
pulling 4c6482c0bef0: 100% ▕██████████████████▏  481 B                         [K
verifying sha256 digest ⠹ [K[?25h[?2026l[?2026h[?25l[A[A[A[A[1Gpulling manifest [K
pulling f5c702d8820d: 100% ▕██████████████████▏  28 GB                         [K
pulling 2e968a6af97c: 100% ▕██████████████████▏ 629 MB                         [K
pulling 4c6482c0bef0: 100% ▕██████████████████▏  481 B                         [K
verifying sha256 digest ⠸ [K[?25h[?2026l[?2026h[?25l[A[A[A[A[1Gpulling manifest [K
pulling f5c702d8820d: 100% ▕██████████████████▏  28 GB                         [K
pulling 2e968a6af97c: 100% ▕██████████████████▏ 629 MB                         [K
pulling 4c6482c0bef0: 100% ▕██████████████████▏  481 B                         [K
verifying sha256 digest ⠼ [K[?25h[?2026l[?2026h[?25l[A[A[A[A[1Gpulling manifest [K
pulling f5c702d8820d: 100% ▕██████████████████▏  28 GB                         [K
pulling 2e968a6af97c: 100% ▕██████████████████▏ 629 MB                         [K
pulling 4c6482c0bef0: 100% ▕██████████████████▏  481 B                         [K
verifying sha256 digest ⠴ [K[?25h[?2026l[?2026h[?25l[A[A[A[A[1Gpulling manifest [K
pulling f5c702d8820d: 100% ▕██████████████████▏  28 GB                         [K
pulling 2e968a6af97c: 100% ▕██████████████████▏ 629 MB                         [K
pulling 4c6482c0bef0: 100% ▕██████████████████▏  481 B                         [K
verifying sha256 digest ⠦ [K[?25h[?2026l[?2026h[?25l[A[A[A[A[1Gpulling manifest [K
pulling f5c702d8820d: 100% ▕██████████████████▏  28 GB                         [K
pulling 2e968a6af97c: 100% ▕██████████████████▏ 629 MB                         [K
pulling 4c6482c0bef0: 100% ▕██████████████████▏  481 B                         [K
verifying sha256 digest ⠧ [K[?25h[?2026l[?2026h[?25l[A[A[A[A[1Gpulling manifest [K
pulling f5c702d8820d: 100% ▕██████████████████▏  28 GB                         [K
pulling 2e968a6af97c: 100% ▕██████████████████▏ 629 MB                         [K
pulling 4c6482c0bef0: 100% ▕██████████████████▏  481 B                         [K
verifying sha256 digest ⠇ [K[?25h[?2026l[?2026h[?25l[A[A[A[A[1Gpulling manifest [K
pulling f5c702d8820d: 100% ▕██████████████████▏  28 GB                         [K
pulling 2e968a6af97c: 100% ▕██████████████████▏ 629 MB                         [K
pulling 4c6482c0bef0: 100% ▕██████████████████▏  481 B                         [K
verifying sha256 digest ⠏ [K[?25h[?2026l[?2026h[?25l[A[A[A[A[1Gpulling manifest [K
pulling f5c702d8820d: 100% ▕██████████████████▏  28 GB                         [K
pulling 2e968a6af97c: 100% ▕██████████████████▏ 629 MB                         [K
pulling 4c6482c0bef0: 100% ▕██████████████████▏  481 B                         [K
verifying sha256 digest ⠋ [K[?25h[?2026l[?2026h[?25l[A[A[A[A[1Gpulling manifest [K
pulling f5c702d8820d: 100% ▕██████████████████▏  28 GB                         [K
pulling 2e968a6af97c: 100% ▕██████████████████▏ 629 MB                         [K
pulling 4c6482c0bef0: 100% ▕██████████████████▏  481 B                         [K
verifying sha256 digest ⠙ [K[?25h[?2026l[?2026h[?25l[A[A[A[A[1Gpulling manifest [K
pulling f5c702d8820d: 100% ▕██████████████████▏  28 GB                         [K
pulling 2e968a6af97c: 100% ▕██████████████████▏ 629 MB                         [K
pulling 4c6482c0bef0: 100% ▕██████████████████▏  481 B                         [K
verifying sha256 digest ⠹ [K[?25h[?2026l[?2026h[?25l[A[A[A[A[1Gpulling manifest [K
pulling f5c702d8820d: 100% ▕██████████████████▏  28 GB                         [K
pulling 2e968a6af97c: 100% ▕██████████████████▏ 629 MB                         [K
pulling 4c6482c0bef0: 100% ▕██████████████████▏  481 B                         [K
verifying sha256 digest ⠸ [K[?25h[?2026l[?2026h[?25l[A[A[A[A[1Gpulling manifest [K
pulling f5c702d8820d: 100% ▕██████████████████▏  28 GB                         [K
pulling 2e968a6af97c: 100% ▕██████████████████▏ 629 MB                         [K
pulling 4c6482c0bef0: 100% ▕██████████████████▏  481 B                         [K
verifying sha256 digest ⠼ [K[?25h[?2026l[?2026h[?25l[A[A[A[A[1Gpulling manifest [K
pulling f5c702d8820d: 100% ▕██████████████████▏  28 GB                         [K
pulling 2e968a6af97c: 100% ▕██████████████████▏ 629 MB                         [K
pulling 4c6482c0bef0: 100% ▕██████████████████▏  481 B                         [K
verifying sha256 digest ⠴ [K[?25h[?2026l[?2026h[?25l[A[A[A[A[1Gpulling manifest [K
pulling f5c702d8820d: 100% ▕██████████████████▏  28 GB                         [K
pulling 2e968a6af97c: 100% ▕██████████████████▏ 629 MB                         [K
pulling 4c6482c0bef0: 100% ▕██████████████████▏  481 B                         [K
verifying sha256 digest ⠦ [K[?25h[?2026l[?2026h[?25l[A[A[A[A[1Gpulling manifest [K
pulling f5c702d8820d: 100% ▕██████████████████▏  28 GB                         [K
pulling 2e968a6af97c: 100% ▕██████████████████▏ 629 MB                         [K
pulling 4c6482c0bef0: 100% ▕██████████████████▏  481 B                         [K
verifying sha256 digest ⠧ [K[?25h[?2026l[?2026h[?25l[A[A[A[A[1Gpulling manifest [K
pulling f5c702d8820d: 100% ▕██████████████████▏  28 GB                         [K
pulling 2e968a6af97c: 100% ▕██████████████████▏ 629 MB                         [K
pulling 4c6482c0bef0: 100% ▕██████████████████▏  481 B                         [K
verifying sha256 digest ⠇ [K[?25h[?2026l[?2026h[?25l[A[A[A[A[1Gpulling manifest [K
pulling f5c702d8820d: 100% ▕██████████████████▏  28 GB                         [K
pulling 2e968a6af97c: 100% ▕██████████████████▏ 629 MB                         [K
pulling 4c6482c0bef0: 100% ▕██████████████████▏  481 B                         [K
verifying sha256 digest ⠏ [K[?25h[?2026l[?2026h[?25l[A[A[A[A[1Gpulling manifest [K
pulling f5c702d8820d: 100% ▕██████████████████▏  28 GB                         [K
pulling 2e968a6af97c: 100% ▕██████████████████▏ 629 MB                         [K
pulling 4c6482c0bef0: 100% ▕██████████████████▏  481 B                         [K
verifying sha256 digest ⠋ [K[?25h[?2026l[?2026h[?25l[A[A[A[A[1Gpulling manifest [K
pulling f5c702d8820d: 100% ▕██████████████████▏  28 GB                         [K
pulling 2e968a6af97c: 100% ▕██████████████████▏ 629 MB                         [K
pulling 4c6482c0bef0: 100% ▕██████████████████▏  481 B                         [K
verifying sha256 digest ⠙ [K[?25h[?2026l[?2026h[?25l[A[A[A[A[1Gpulling manifest [K
pulling f5c702d8820d: 100% ▕██████████████████▏  28 GB                         [K
pulling 2e968a6af97c: 100% ▕██████████████████▏ 629 MB                         [K
pulling 4c6482c0bef0: 100% ▕██████████████████▏  481 B                         [K
verifying sha256 digest ⠹ [K[?25h[?2026l[?2026h[?25l[A[A[A[A[1Gpulling manifest [K
pulling f5c702d8820d: 100% ▕██████████████████▏  28 GB                         [K
pulling 2e968a6af97c: 100% ▕██████████████████▏ 629 MB                         [K
pulling 4c6482c0bef0: 100% ▕██████████████████▏  481 B                         [K
verifying sha256 digest ⠸ [K[?25h[?2026l[?2026h[?25l[A[A[A[A[1Gpulling manifest [K
pulling f5c702d8820d: 100% ▕██████████████████▏  28 GB                         [K
pulling 2e968a6af97c: 100% ▕██████████████████▏ 629 MB                         [K
pulling 4c6482c0bef0: 100% ▕██████████████████▏  481 B                         [K
verifying sha256 digest ⠼ [K[?25h[?2026l[?2026h[?25l[A[A[A[A[1Gpulling manifest [K
pulling f5c702d8820d: 100% ▕██████████████████▏  28 GB                         [K
pulling 2e968a6af97c: 100% ▕██████████████████▏ 629 MB                         [K
pulling 4c6482c0bef0: 100% ▕██████████████████▏  481 B                         [K
verifying sha256 digest ⠴ [K[?25h[?2026l[?2026h[?25l[A[A[A[A[1Gpulling manifest [K
pulling f5c702d8820d: 100% ▕██████████████████▏  28 GB                         [K
pulling 2e968a6af97c: 100% ▕██████████████████▏ 629 MB                         [K
pulling 4c6482c0bef0: 100% ▕██████████████████▏  481 B                         [K
verifying sha256 digest ⠦ [K[?25h[?2026l[?2026h[?25l[A[A[A[A[1Gpulling manifest [K
pulling f5c702d8820d: 100% ▕██████████████████▏  28 GB                         [K
pulling 2e968a6af97c: 100% ▕██████████████████▏ 629 MB                         [K
pulling 4c6482c0bef0: 100% ▕██████████████████▏  481 B                         [K
verifying sha256 digest ⠧ [K[?25h[?2026l[?2026h[?25l[A[A[A[A[1Gpulling manifest [K
pulling f5c702d8820d: 100% ▕██████████████████▏  28 GB                         [K
pulling 2e968a6af97c: 100% ▕██████████████████▏ 629 MB                         [K
pulling 4c6482c0bef0: 100% ▕██████████████████▏  481 B                         [K
verifying sha256 digest ⠇ [K[?25h[?2026l[?2026h[?25l[A[A[A[A[1Gpulling manifest [K
pulling f5c702d8820d: 100% ▕██████████████████▏  28 GB                         [K
pulling 2e968a6af97c: 100% ▕██████████████████▏ 629 MB                         [K
pulling 4c6482c0bef0: 100% ▕██████████████████▏  481 B                         [K
verifying sha256 digest ⠏ [K[?25h[?2026l[?2026h[?25l[A[A[A[A[1Gpulling manifest [K
pulling f5c702d8820d: 100% ▕██████████████████▏  28 GB                         [K
pulling 2e968a6af97c: 100% ▕██████████████████▏ 629 MB                         [K
pulling 4c6482c0bef0: 100% ▕██████████████████▏  481 B                         [K
verifying sha256 digest ⠋ [K[?25h[?2026l[?2026h[?25l[A[A[A[A[1Gpulling manifest [K
pulling f5c702d8820d: 100% ▕██████████████████▏  28 GB                         [K
pulling 2e968a6af97c: 100% ▕██████████████████▏ 629 MB                         [K
pulling 4c6482c0bef0: 100% ▕██████████████████▏  481 B                         [K
verifying sha256 digest ⠙ [K[?25h[?2026l[?2026h[?25l[A[A[A[A[1Gpulling manifest [K
pulling f5c702d8820d: 100% ▕██████████████████▏  28 GB                         [K
pulling 2e968a6af97c: 100% ▕██████████████████▏ 629 MB                         [K
pulling 4c6482c0bef0: 100% ▕██████████████████▏  481 B                         [K
verifying sha256 digest ⠹ [K[?25h[?2026l[?2026h[?25l[A[A[A[A[1Gpulling manifest [K
pulling f5c702d8820d: 100% ▕██████████████████▏  28 GB                         [K
pulling 2e968a6af97c: 100% ▕██████████████████▏ 629 MB                         [K
pulling 4c6482c0bef0: 100% ▕██████████████████▏  481 B                         [K
verifying sha256 digest ⠸ [K[?25h[?2026l[?2026h[?25l[A[A[A[A[1Gpulling manifest [K
pulling f5c702d8820d: 100% ▕██████████████████▏  28 GB                         [K
pulling 2e968a6af97c: 100% ▕██████████████████▏ 629 MB                         [K
pulling 4c6482c0bef0: 100% ▕██████████████████▏  481 B                         [K
verifying sha256 digest ⠼ [K[?25h[?2026l[?2026h[?25l[A[A[A[A[1Gpulling manifest [K
pulling f5c702d8820d: 100% ▕██████████████████▏  28 GB                         [K
pulling 2e968a6af97c: 100% ▕██████████████████▏ 629 MB                         [K
pulling 4c6482c0bef0: 100% ▕██████████████████▏  481 B                         [K
verifying sha256 digest ⠴ [K[?25h[?2026l[?2026h[?25l[A[A[A[A[1Gpulling manifest [K
pulling f5c702d8820d: 100% ▕██████████████████▏  28 GB                         [K
pulling 2e968a6af97c: 100% ▕██████████████████▏ 629 MB                         [K
pulling 4c6482c0bef0: 100% ▕██████████████████▏  481 B                         [K
verifying sha256 digest ⠦ [K[?25h[?2026l[?2026h[?25l[A[A[A[A[1Gpulling manifest [K
pulling f5c702d8820d: 100% ▕██████████████████▏  28 GB                         [K
pulling 2e968a6af97c: 100% ▕██████████████████▏ 629 MB                         [K
pulling 4c6482c0bef0: 100% ▕██████████████████▏  481 B                         [K
verifying sha256 digest ⠧ [K[?25h[?2026l[?2026h[?25l[A[A[A[A[1Gpulling manifest [K
pulling f5c702d8820d: 100% ▕██████████████████▏  28 GB                         [K
pulling 2e968a6af97c: 100% ▕██████████████████▏ 629 MB                         [K
pulling 4c6482c0bef0: 100% ▕██████████████████▏  481 B                         [K
verifying sha256 digest ⠇ [K[?25h[?2026l[?2026h[?25l[A[A[A[A[1Gpulling manifest [K
pulling f5c702d8820d: 100% ▕██████████████████▏  28 GB                         [K
pulling 2e968a6af97c: 100% ▕██████████████████▏ 629 MB                         [K
pulling 4c6482c0bef0: 100% ▕██████████████████▏  481 B                         [K
verifying sha256 digest ⠏ [K[?25h[?2026l[?2026h[?25l[A[A[A[A[1Gpulling manifest [K
pulling f5c702d8820d: 100% ▕██████████████████▏  28 GB                         [K
pulling 2e968a6af97c: 100% ▕██████████████████▏ 629 MB                         [K
pulling 4c6482c0bef0: 100% ▕██████████████████▏  481 B                         [K
verifying sha256 digest ⠋ [K[?25h[?2026l[?2026h[?25l[A[A[A[A[1Gpulling manifest [K
pulling f5c702d8820d: 100% ▕██████████████████▏  28 GB                         [K
pulling 2e968a6af97c: 100% ▕██████████████████▏ 629 MB                         [K
pulling 4c6482c0bef0: 100% ▕██████████████████▏  481 B                         [K
verifying sha256 digest ⠙ [K[?25h[?2026l[?2026h[?25l[A[A[A[A[1Gpulling manifest [K
pulling f5c702d8820d: 100% ▕██████████████████▏  28 GB                         [K
pulling 2e968a6af97c: 100% ▕██████████████████▏ 629 MB                         [K
pulling 4c6482c0bef0: 100% ▕██████████████████▏  481 B                         [K
verifying sha256 digest ⠹ [K[?25h[?2026l[?2026h[?25l[A[A[A[A[1Gpulling manifest [K
pulling f5c702d8820d: 100% ▕██████████████████▏  28 GB                         [K
pulling 2e968a6af97c: 100% ▕██████████████████▏ 629 MB                         [K
pulling 4c6482c0bef0: 100% ▕██████████████████▏  481 B                         [K
verifying sha256 digest ⠸ [K[?25h[?2026l[?2026h[?25l[A[A[A[A[1Gpulling manifest [K
pulling f5c702d8820d: 100% ▕██████████████████▏  28 GB                         [K
pulling 2e968a6af97c: 100% ▕██████████████████▏ 629 MB                         [K
pulling 4c6482c0bef0: 100% ▕██████████████████▏  481 B                         [K
verifying sha256 digest ⠼ [K[?25h[?2026l[?2026h[?25l[A[A[A[A[1Gpulling manifest [K
pulling f5c702d8820d: 100% ▕██████████████████▏  28 GB                         [K
pulling 2e968a6af97c: 100% ▕██████████████████▏ 629 MB                         [K
pulling 4c6482c0bef0: 100% ▕██████████████████▏  481 B                         [K
verifying sha256 digest ⠴ [K[?25h[?2026l[?2026h[?25l[A[A[A[A[1Gpulling manifest [K
pulling f5c702d8820d: 100% ▕██████████████████▏  28 GB                         [K
pulling 2e968a6af97c: 100% ▕██████████████████▏ 629 MB                         [K
pulling 4c6482c0bef0: 100% ▕██████████████████▏  481 B                         [K
verifying sha256 digest ⠦ [K[?25h[?2026l[?2026h[?25l[A[A[A[A[1Gpulling manifest [K
pulling f5c702d8820d: 100% ▕██████████████████▏  28 GB                         [K
pulling 2e968a6af97c: 100% ▕██████████████████▏ 629 MB                         [K
pulling 4c6482c0bef0: 100% ▕██████████████████▏  481 B                         [K
verifying sha256 digest ⠧ [K[?25h[?2026l[?2026h[?25l[A[A[A[A[1Gpulling manifest [K
pulling f5c702d8820d: 100% ▕██████████████████▏  28 GB                         [K
pulling 2e968a6af97c: 100% ▕██████████████████▏ 629 MB                         [K
pulling 4c6482c0bef0: 100% ▕██████████████████▏  481 B                         [K
verifying sha256 digest ⠇ [K[?25h[?2026l[?2026h[?25l[A[A[A[A[1Gpulling manifest [K
pulling f5c702d8820d: 100% ▕██████████████████▏  28 GB                         [K
pulling 2e968a6af97c: 100% ▕██████████████████▏ 629 MB                         [K
pulling 4c6482c0bef0: 100% ▕██████████████████▏  481 B                         [K
verifying sha256 digest ⠏ [K[?25h[?2026l[?2026h[?25l[A[A[A[A[1Gpulling manifest [K
pulling f5c702d8820d: 100% ▕██████████████████▏  28 GB                         [K
pulling 2e968a6af97c: 100% ▕██████████████████▏ 629 MB                         [K
pulling 4c6482c0bef0: 100% ▕██████████████████▏  481 B                         [K
verifying sha256 digest ⠋ [K[?25h[?2026l[?2026h[?25l[A[A[A[A[1Gpulling manifest [K
pulling f5c702d8820d: 100% ▕██████████████████▏  28 GB                         [K
pulling 2e968a6af97c: 100% ▕██████████████████▏ 629 MB                         [K
pulling 4c6482c0bef0: 100% ▕██████████████████▏  481 B                         [K
verifying sha256 digest ⠙ [K[?25h[?2026l[?2026h[?25l[A[A[A[A[1Gpulling manifest [K
pulling f5c702d8820d: 100% ▕██████████████████▏  28 GB                         [K
pulling 2e968a6af97c: 100% ▕██████████████████▏ 629 MB                         [K
pulling 4c6482c0bef0: 100% ▕██████████████████▏  481 B                         [K
verifying sha256 digest ⠹ [K[?25h[?2026l[?2026h[?25l[A[A[A[A[1Gpulling manifest [K
pulling f5c702d8820d: 100% ▕██████████████████▏  28 GB                         [K
pulling 2e968a6af97c: 100% ▕██████████████████▏ 629 MB                         [K
pulling 4c6482c0bef0: 100% ▕██████████████████▏  481 B                         [K
verifying sha256 digest ⠸ [K[?25h[?2026l[?2026h[?25l[A[A[A[A[1Gpulling manifest [K
pulling f5c702d8820d: 100% ▕██████████████████▏  28 GB                         [K
pulling 2e968a6af97c: 100% ▕██████████████████▏ 629 MB                         [K
pulling 4c6482c0bef0: 100% ▕██████████████████▏  481 B                         [K
verifying sha256 digest ⠼ [K[?25h[?2026l[?2026h[?25l[A[A[A[A[1Gpulling manifest [K
pulling f5c702d8820d: 100% ▕██████████████████▏  28 GB                         [K
pulling 2e968a6af97c: 100% ▕██████████████████▏ 629 MB                         [K
pulling 4c6482c0bef0: 100% ▕██████████████████▏  481 B                         [K
verifying sha256 digest ⠴ [K[?25h[?2026l[?2026h[?25l[A[A[A[A[1Gpulling manifest [K
pulling f5c702d8820d: 100% ▕██████████████████▏  28 GB                         [K
pulling 2e968a6af97c: 100% ▕██████████████████▏ 629 MB                         [K
pulling 4c6482c0bef0: 100% ▕██████████████████▏  481 B                         [K
verifying sha256 digest ⠦ [K[?25h[?2026l[?2026h[?25l[A[A[A[A[1Gpulling manifest [K
pulling f5c702d8820d: 100% ▕██████████████████▏  28 GB                         [K
pulling 2e968a6af97c: 100% ▕██████████████████▏ 629 MB                         [K
pulling 4c6482c0bef0: 100% ▕██████████████████▏  481 B                         [K
verifying sha256 digest ⠧ [K[?25h[?2026l[?2026h[?25l[A[A[A[A[1Gpulling manifest [K
pulling f5c702d8820d: 100% ▕██████████████████▏  28 GB                         [K
pulling 2e968a6af97c: 100% ▕██████████████████▏ 629 MB                         [K
pulling 4c6482c0bef0: 100% ▕██████████████████▏  481 B                         [K
verifying sha256 digest ⠇ [K[?25h[?2026l[?2026h[?25l[A[A[A[A[1Gpulling manifest [K
pulling f5c702d8820d: 100% ▕██████████████████▏  28 GB                         [K
pulling 2e968a6af97c: 100% ▕██████████████████▏ 629 MB                         [K
pulling 4c6482c0bef0: 100% ▕██████████████████▏  481 B                         [K
verifying sha256 digest ⠏ [K[?25h[?2026l[?2026h[?25l[A[A[A[A[1Gpulling manifest [K
pulling f5c702d8820d: 100% ▕██████████████████▏  28 GB                         [K
pulling 2e968a6af97c: 100% ▕██████████████████▏ 629 MB                         [K
pulling 4c6482c0bef0: 100% ▕██████████████████▏  481 B                         [K
verifying sha256 digest ⠋ [K[?25h[?2026l[?2026h[?25l[A[A[A[A[1Gpulling manifest [K
pulling f5c702d8820d: 100% ▕██████████████████▏  28 GB                         [K
pulling 2e968a6af97c: 100% ▕██████████████████▏ 629 MB                         [K
pulling 4c6482c0bef0: 100% ▕██████████████████▏  481 B                         [K
verifying sha256 digest ⠙ [K[?25h[?2026l[?2026h[?25l[A[A[A[A[1Gpulling manifest [K
pulling f5c702d8820d: 100% ▕██████████████████▏  28 GB                         [K
pulling 2e968a6af97c: 100% ▕██████████████████▏ 629 MB                         [K
pulling 4c6482c0bef0: 100% ▕██████████████████▏  481 B                         [K
verifying sha256 digest ⠹ [K[?25h[?2026l[?2026h[?25l[A[A[A[A[1Gpulling manifest [K
pulling f5c702d8820d: 100% ▕██████████████████▏  28 GB                         [K
pulling 2e968a6af97c: 100% ▕██████████████████▏ 629 MB                         [K
pulling 4c6482c0bef0: 100% ▕██████████████████▏  481 B                         [K
verifying sha256 digest ⠸ [K[?25h[?2026l[?2026h[?25l[A[A[A[A[1Gpulling manifest [K
pulling f5c702d8820d: 100% ▕██████████████████▏  28 GB                         [K
pulling 2e968a6af97c: 100% ▕██████████████████▏ 629 MB                         [K
pulling 4c6482c0bef0: 100% ▕██████████████████▏  481 B                         [K
verifying sha256 digest ⠼ [K[?25h[?2026l[?2026h[?25l[A[A[A[A[1Gpulling manifest [K
pulling f5c702d8820d: 100% ▕██████████████████▏  28 GB                         [K
pulling 2e968a6af97c: 100% ▕██████████████████▏ 629 MB                         [K
pulling 4c6482c0bef0: 100% ▕██████████████████▏  481 B                         [K
verifying sha256 digest ⠴ [K[?25h[?2026l[?2026h[?25l[A[A[A[A[1Gpulling manifest [K
pulling f5c702d8820d: 100% ▕██████████████████▏  28 GB                         [K
pulling 2e968a6af97c: 100% ▕██████████████████▏ 629 MB                         [K
pulling 4c6482c0bef0: 100% ▕██████████████████▏  481 B                         [K
verifying sha256 digest ⠦ [K[?25h[?2026l[?2026h[?25l[A[A[A[A[1Gpulling manifest [K
pulling f5c702d8820d: 100% ▕██████████████████▏  28 GB                         [K
pulling 2e968a6af97c: 100% ▕██████████████████▏ 629 MB                         [K
pulling 4c6482c0bef0: 100% ▕██████████████████▏  481 B                         [K
verifying sha256 digest ⠧ [K[?25h[?2026l[?2026h[?25l[A[A[A[A[1Gpulling manifest [K
pulling f5c702d8820d: 100% ▕██████████████████▏  28 GB                         [K
pulling 2e968a6af97c: 100% ▕██████████████████▏ 629 MB                         [K
pulling 4c6482c0bef0: 100% ▕██████████████████▏  481 B                         [K
verifying sha256 digest ⠇ [K[?25h[?2026l[?2026h[?25l[A[A[A[A[1Gpulling manifest [K
pulling f5c702d8820d: 100% ▕██████████████████▏  28 GB                         [K
pulling 2e968a6af97c: 100% ▕██████████████████▏ 629 MB                         [K
pulling 4c6482c0bef0: 100% ▕██████████████████▏  481 B                         [K
verifying sha256 digest ⠏ [K[?25h[?2026l[?2026h[?25l[A[A[A[A[1Gpulling manifest [K
pulling f5c702d8820d: 100% ▕██████████████████▏  28 GB                         [K
pulling 2e968a6af97c: 100% ▕██████████████████▏ 629 MB                         [K
pulling 4c6482c0bef0: 100% ▕██████████████████▏  481 B                         [K
verifying sha256 digest ⠋ [K[?25h[?2026l[?2026h[?25l[A[A[A[A[1Gpulling manifest [K
pulling f5c702d8820d: 100% ▕██████████████████▏  28 GB                         [K
pulling 2e968a6af97c: 100% ▕██████████████████▏ 629 MB                         [K
pulling 4c6482c0bef0: 100% ▕██████████████████▏  481 B                         [K
verifying sha256 digest ⠙ [K[?25h[?2026l[?2026h[?25l[A[A[A[A[1Gpulling manifest [K
pulling f5c702d8820d: 100% ▕██████████████████▏  28 GB                         [K
pulling 2e968a6af97c: 100% ▕██████████████████▏ 629 MB                         [K
pulling 4c6482c0bef0: 100% ▕██████████████████▏  481 B                         [K
verifying sha256 digest ⠹ [K[?25h[?2026l[?2026h[?25l[A[A[A[A[1Gpulling manifest [K
pulling f5c702d8820d: 100% ▕██████████████████▏  28 GB                         [K
pulling 2e968a6af97c: 100% ▕██████████████████▏ 629 MB                         [K
pulling 4c6482c0bef0: 100% ▕██████████████████▏  481 B                         [K
verifying sha256 digest ⠸ [K[?25h[?2026l[?2026h[?25l[A[A[A[A[1Gpulling manifest [K
pulling f5c702d8820d: 100% ▕██████████████████▏  28 GB                         [K
pulling 2e968a6af97c: 100% ▕██████████████████▏ 629 MB                         [K
pulling 4c6482c0bef0: 100% ▕██████████████████▏  481 B                         [K
verifying sha256 digest ⠼ [K[?25h[?2026l[?2026h[?25l[A[A[A[A[1Gpulling manifest [K
pulling f5c702d8820d: 100% ▕██████████████████▏  28 GB                         [K
pulling 2e968a6af97c: 100% ▕██████████████████▏ 629 MB                         [K
pulling 4c6482c0bef0: 100% ▕██████████████████▏  481 B                         [K
verifying sha256 digest ⠴ [K[?25h[?2026l[?2026h[?25l[A[A[A[A[1Gpulling manifest [K
pulling f5c702d8820d: 100% ▕██████████████████▏  28 GB                         [K
pulling 2e968a6af97c: 100% ▕██████████████████▏ 629 MB                         [K
pulling 4c6482c0bef0: 100% ▕██████████████████▏  481 B                         [K
verifying sha256 digest ⠦ [K[?25h[?2026l[?2026h[?25l[A[A[A[A[1Gpulling manifest [K
pulling f5c702d8820d: 100% ▕██████████████████▏  28 GB                         [K
pulling 2e968a6af97c: 100% ▕██████████████████▏ 629 MB                         [K
pulling 4c6482c0bef0: 100% ▕██████████████████▏  481 B                         [K
verifying sha256 digest ⠧ [K[?25h[?2026l[?2026h[?25l[A[A[A[A[1Gpulling manifest [K
pulling f5c702d8820d: 100% ▕██████████████████▏  28 GB                         [K
pulling 2e968a6af97c: 100% ▕██████████████████▏ 629 MB                         [K
pulling 4c6482c0bef0: 100% ▕██████████████████▏  481 B                         [K
verifying sha256 digest ⠇ [K[?25h[?2026l[?2026h[?25l[A[A[A[A[1Gpulling manifest [K
pulling f5c702d8820d: 100% ▕██████████████████▏  28 GB                         [K
pulling 2e968a6af97c: 100% ▕██████████████████▏ 629 MB                         [K
pulling 4c6482c0bef0: 100% ▕██████████████████▏  481 B                         [K
verifying sha256 digest ⠏ [K[?25h[?2026l[?2026h[?25l[A[A[A[A[1Gpulling manifest [K
pulling f5c702d8820d: 100% ▕██████████████████▏  28 GB                         [K
pulling 2e968a6af97c: 100% ▕██████████████████▏ 629 MB                         [K
pulling 4c6482c0bef0: 100% ▕██████████████████▏  481 B                         [K
verifying sha256 digest ⠋ [K[?25h[?2026l[?2026h[?25l[A[A[A[A[1Gpulling manifest [K
pulling f5c702d8820d: 100% ▕██████████████████▏  28 GB                         [K
pulling 2e968a6af97c: 100% ▕██████████████████▏ 629 MB                         [K
pulling 4c6482c0bef0: 100% ▕██████████████████▏  481 B                         [K
verifying sha256 digest ⠙ [K[?25h[?2026l[?2026h[?25l[A[A[A[A[1Gpulling manifest [K
pulling f5c702d8820d: 100% ▕██████████████████▏  28 GB                         [K
pulling 2e968a6af97c: 100% ▕██████████████████▏ 629 MB                         [K
pulling 4c6482c0bef0: 100% ▕██████████████████▏  481 B                         [K
verifying sha256 digest ⠹ [K[?25h[?2026l[?2026h[?25l[A[A[A[A[1Gpulling manifest [K
pulling f5c702d8820d: 100% ▕██████████████████▏  28 GB                         [K
pulling 2e968a6af97c: 100% ▕██████████████████▏ 629 MB                         [K
pulling 4c6482c0bef0: 100% ▕██████████████████▏  481 B                         [K
verifying sha256 digest ⠸ [K[?25h[?2026l[?2026h[?25l[A[A[A[A[1Gpulling manifest [K
pulling f5c702d8820d: 100% ▕██████████████████▏  28 GB                         [K
pulling 2e968a6af97c: 100% ▕██████████████████▏ 629 MB                         [K
pulling 4c6482c0bef0: 100% ▕██████████████████▏  481 B                         [K
verifying sha256 digest ⠼ [K[?25h[?2026l[?2026h[?25l[A[A[A[A[1Gpulling manifest [K
pulling f5c702d8820d: 100% ▕██████████████████▏  28 GB                         [K
pulling 2e968a6af97c: 100% ▕██████████████████▏ 629 MB                         [K
pulling 4c6482c0bef0: 100% ▕██████████████████▏  481 B                         [K
verifying sha256 digest ⠴ [K[?25h[?2026l[?2026h[?25l[A[A[A[A[1Gpulling manifest [K
pulling f5c702d8820d: 100% ▕██████████████████▏  28 GB                         [K
pulling 2e968a6af97c: 100% ▕██████████████████▏ 629 MB                         [K
pulling 4c6482c0bef0: 100% ▕██████████████████▏  481 B                         [K
verifying sha256 digest ⠦ [K[?25h[?2026l[?2026h[?25l[A[A[A[A[1Gpulling manifest [K
pulling f5c702d8820d: 100% ▕██████████████████▏  28 GB                         [K
pulling 2e968a6af97c: 100% ▕██████████████████▏ 629 MB                         [K
pulling 4c6482c0bef0: 100% ▕██████████████████▏  481 B                         [K
verifying sha256 digest ⠧ [K[?25h[?2026l[?2026h[?25l[A[A[A[A[1Gpulling manifest [K
pulling f5c702d8820d: 100% ▕██████████████████▏  28 GB                         [K
pulling 2e968a6af97c: 100% ▕██████████████████▏ 629 MB                         [K
pulling 4c6482c0bef0: 100% ▕██████████████████▏  481 B                         [K
verifying sha256 digest ⠇ [K[?25h[?2026l[?2026h[?25l[A[A[A[A[1Gpulling manifest [K
pulling f5c702d8820d: 100% ▕██████████████████▏  28 GB                         [K
pulling 2e968a6af97c: 100% ▕██████████████████▏ 629 MB                         [K
pulling 4c6482c0bef0: 100% ▕██████████████████▏  481 B                         [K
verifying sha256 digest ⠏ [K[?25h[?2026l[?2026h[?25l[A[A[A[A[1Gpulling manifest [K
pulling f5c702d8820d: 100% ▕██████████████████▏  28 GB                         [K
pulling 2e968a6af97c: 100% ▕██████████████████▏ 629 MB                         [K
pulling 4c6482c0bef0: 100% ▕██████████████████▏  481 B                         [K
verifying sha256 digest ⠋ [K[?25h[?2026l[?2026h[?25l[A[A[A[A[1Gpulling manifest [K
pulling f5c702d8820d: 100% ▕██████████████████▏  28 GB                         [K
pulling 2e968a6af97c: 100% ▕██████████████████▏ 629 MB                         [K
pulling 4c6482c0bef0: 100% ▕██████████████████▏  481 B                         [K
verifying sha256 digest ⠙ [K[?25h[?2026l[?2026h[?25l[A[A[A[A[1Gpulling manifest [K
pulling f5c702d8820d: 100% ▕██████████████████▏  28 GB                         [K
pulling 2e968a6af97c: 100% ▕██████████████████▏ 629 MB                         [K
pulling 4c6482c0bef0: 100% ▕██████████████████▏  481 B                         [K
verifying sha256 digest ⠹ [K[?25h[?2026l[?2026h[?25l[A[A[A[A[1Gpulling manifest [K
pulling f5c702d8820d: 100% ▕██████████████████▏  28 GB                         [K
pulling 2e968a6af97c: 100% ▕██████████████████▏ 629 MB                         [K
pulling 4c6482c0bef0: 100% ▕██████████████████▏  481 B                         [K
verifying sha256 digest ⠸ [K[?25h[?2026l[?2026h[?25l[A[A[A[A[1Gpulling manifest [K
pulling f5c702d8820d: 100% ▕██████████████████▏  28 GB                         [K
pulling 2e968a6af97c: 100% ▕██████████████████▏ 629 MB                         [K
pulling 4c6482c0bef0: 100% ▕██████████████████▏  481 B                         [K
verifying sha256 digest ⠼ [K[?25h[?2026l[?2026h[?25l[A[A[A[A[1Gpulling manifest [K
pulling f5c702d8820d: 100% ▕██████████████████▏  28 GB                         [K
pulling 2e968a6af97c: 100% ▕██████████████████▏ 629 MB                         [K
pulling 4c6482c0bef0: 100% ▕██████████████████▏  481 B                         [K
verifying sha256 digest ⠴ [K[?25h[?2026l[?2026h[?25l[A[A[A[A[1Gpulling manifest [K
pulling f5c702d8820d: 100% ▕██████████████████▏  28 GB                         [K
pulling 2e968a6af97c: 100% ▕██████████████████▏ 629 MB                         [K
pulling 4c6482c0bef0: 100% ▕██████████████████▏  481 B                         [K
verifying sha256 digest ⠦ [K[?25h[?2026l[?2026h[?25l[A[A[A[A[1Gpulling manifest [K
pulling f5c702d8820d: 100% ▕██████████████████▏  28 GB                         [K
pulling 2e968a6af97c: 100% ▕██████████████████▏ 629 MB                         [K
pulling 4c6482c0bef0: 100% ▕██████████████████▏  481 B                         [K
verifying sha256 digest ⠧ [K[?25h[?2026l[?2026h[?25l[A[A[A[A[1Gpulling manifest [K
pulling f5c702d8820d: 100% ▕██████████████████▏  28 GB                         [K
pulling 2e968a6af97c: 100% ▕██████████████████▏ 629 MB                         [K
pulling 4c6482c0bef0: 100% ▕██████████████████▏  481 B                         [K
verifying sha256 digest ⠇ [K[?25h[?2026l[?2026h[?25l[A[A[A[A[1Gpulling manifest [K
pulling f5c702d8820d: 100% ▕██████████████████▏  28 GB                         [K
pulling 2e968a6af97c: 100% ▕██████████████████▏ 629 MB                         [K
pulling 4c6482c0bef0: 100% ▕██████████████████▏  481 B                         [K
verifying sha256 digest ⠏ [K[?25h[?2026l[?2026h[?25l[A[A[A[A[1Gpulling manifest [K
pulling f5c702d8820d: 100% ▕██████████████████▏  28 GB                         [K
pulling 2e968a6af97c: 100% ▕██████████████████▏ 629 MB                         [K
pulling 4c6482c0bef0: 100% ▕██████████████████▏  481 B                         [K
verifying sha256 digest ⠋ [K[?25h[?2026l[?2026h[?25l[A[A[A[A[1Gpulling manifest [K
pulling f5c702d8820d: 100% ▕██████████████████▏  28 GB                         [K
pulling 2e968a6af97c: 100% ▕██████████████████▏ 629 MB                         [K
pulling 4c6482c0bef0: 100% ▕██████████████████▏  481 B                         [K
verifying sha256 digest ⠙ [K[?25h[?2026l[?2026h[?25l[A[A[A[A[1Gpulling manifest [K
pulling f5c702d8820d: 100% ▕██████████████████▏  28 GB                         [K
pulling 2e968a6af97c: 100% ▕██████████████████▏ 629 MB                         [K
pulling 4c6482c0bef0: 100% ▕██████████████████▏  481 B                         [K
verifying sha256 digest ⠹ [K[?25h[?2026l[?2026h[?25l[A[A[A[A[1Gpulling manifest [K
pulling f5c702d8820d: 100% ▕██████████████████▏  28 GB                         [K
pulling 2e968a6af97c: 100% ▕██████████████████▏ 629 MB                         [K
pulling 4c6482c0bef0: 100% ▕██████████████████▏  481 B                         [K
verifying sha256 digest ⠸ [K[?25h[?2026l[?2026h[?25l[A[A[A[A[1Gpulling manifest [K
pulling f5c702d8820d: 100% ▕██████████████████▏  28 GB                         [K
pulling 2e968a6af97c: 100% ▕██████████████████▏ 629 MB                         [K
pulling 4c6482c0bef0: 100% ▕██████████████████▏  481 B                         [K
verifying sha256 digest ⠼ [K[?25h[?2026l[?2026h[?25l[A[A[A[A[1Gpulling manifest [K
pulling f5c702d8820d: 100% ▕██████████████████▏  28 GB                         [K
pulling 2e968a6af97c: 100% ▕██████████████████▏ 629 MB                         [K
pulling 4c6482c0bef0: 100% ▕██████████████████▏  481 B                         [K
verifying sha256 digest ⠴ [K[?25h[?2026l[?2026h[?25l[A[A[A[A[1Gpulling manifest [K
pulling f5c702d8820d: 100% ▕██████████████████▏  28 GB                         [K
pulling 2e968a6af97c: 100% ▕██████████████████▏ 629 MB                         [K
pulling 4c6482c0bef0: 100% ▕██████████████████▏  481 B                         [K
verifying sha256 digest ⠦ [K[?25h[?2026l[?2026h[?25l[A[A[A[A[1Gpulling manifest [K
pulling f5c702d8820d: 100% ▕██████████████████▏  28 GB                         [K
pulling 2e968a6af97c: 100% ▕██████████████████▏ 629 MB                         [K
pulling 4c6482c0bef0: 100% ▕██████████████████▏  481 B                         [K
verifying sha256 digest ⠧ [K[?25h[?2026l[?2026h[?25l[A[A[A[A[1Gpulling manifest [K
pulling f5c702d8820d: 100% ▕██████████████████▏  28 GB                         [K
pulling 2e968a6af97c: 100% ▕██████████████████▏ 629 MB                         [K
pulling 4c6482c0bef0: 100% ▕██████████████████▏  481 B                         [K
verifying sha256 digest ⠇ [K[?25h[?2026l[?2026h[?25l[A[A[A[A[1Gpulling manifest [K
pulling f5c702d8820d: 100% ▕██████████████████▏  28 GB                         [K
pulling 2e968a6af97c: 100% ▕██████████████████▏ 629 MB                         [K
pulling 4c6482c0bef0: 100% ▕██████████████████▏  481 B                         [K
verifying sha256 digest ⠏ [K[?25h[?2026l[?2026h[?25l[A[A[A[A[1Gpulling manifest [K
pulling f5c702d8820d: 100% ▕██████████████████▏  28 GB                         [K
pulling 2e968a6af97c: 100% ▕██████████████████▏ 629 MB                         [K
pulling 4c6482c0bef0: 100% ▕██████████████████▏  481 B                         [K
verifying sha256 digest ⠋ [K[?25h[?2026l[?2026h[?25l[A[A[A[A[1Gpulling manifest [K
pulling f5c702d8820d: 100% ▕██████████████████▏  28 GB                         [K
pulling 2e968a6af97c: 100% ▕██████████████████▏ 629 MB                         [K
pulling 4c6482c0bef0: 100% ▕██████████████████▏  481 B                         [K
verifying sha256 digest ⠙ [K[?25h[?2026l[?2026h[?25l[A[A[A[A[1Gpulling manifest [K
pulling f5c702d8820d: 100% ▕██████████████████▏  28 GB                         [K
pulling 2e968a6af97c: 100% ▕██████████████████▏ 629 MB                         [K
pulling 4c6482c0bef0: 100% ▕██████████████████▏  481 B                         [K
verifying sha256 digest ⠹ [K[?25h[?2026l[?2026h[?25l[A[A[A[A[1Gpulling manifest [K
pulling f5c702d8820d: 100% ▕██████████████████▏  28 GB                         [K
pulling 2e968a6af97c: 100% ▕██████████████████▏ 629 MB                         [K
pulling 4c6482c0bef0: 100% ▕██████████████████▏  481 B                         [K
verifying sha256 digest ⠸ [K[?25h[?2026l[?2026h[?25l[A[A[A[A[1Gpulling manifest [K
pulling f5c702d8820d: 100% ▕██████████████████▏  28 GB                         [K
pulling 2e968a6af97c: 100% ▕██████████████████▏ 629 MB                         [K
pulling 4c6482c0bef0: 100% ▕██████████████████▏  481 B                         [K
verifying sha256 digest ⠼ [K[?25h[?2026l[?2026h[?25l[A[A[A[A[1Gpulling manifest [K
pulling f5c702d8820d: 100% ▕██████████████████▏  28 GB                         [K
pulling 2e968a6af97c: 100% ▕██████████████████▏ 629 MB                         [K
pulling 4c6482c0bef0: 100% ▕██████████████████▏  481 B                         [K
verifying sha256 digest ⠴ [K[?25h[?2026l[?2026h[?25l[A[A[A[A[1Gpulling manifest [K
pulling f5c702d8820d: 100% ▕██████████████████▏  28 GB                         [K
pulling 2e968a6af97c: 100% ▕██████████████████▏ 629 MB                         [K
pulling 4c6482c0bef0: 100% ▕██████████████████▏  481 B                         [K
verifying sha256 digest ⠦ [K[?25h[?2026l[?2026h[?25l[A[A[A[A[1Gpulling manifest [K
pulling f5c702d8820d: 100% ▕██████████████████▏  28 GB                         [K
pulling 2e968a6af97c: 100% ▕██████████████████▏ 629 MB                         [K
pulling 4c6482c0bef0: 100% ▕██████████████████▏  481 B                         [K
verifying sha256 digest ⠧ [K[?25h[?2026l[?2026h[?25l[A[A[A[A[1Gpulling manifest [K
pulling f5c702d8820d: 100% ▕██████████████████▏  28 GB                         [K
pulling 2e968a6af97c: 100% ▕██████████████████▏ 629 MB                         [K
pulling 4c6482c0bef0: 100% ▕██████████████████▏  481 B                         [K
verifying sha256 digest ⠇ [K[?25h[?2026l[?2026h[?25l[A[A[A[A[1Gpulling manifest [K
pulling f5c702d8820d: 100% ▕██████████████████▏  28 GB                         [K
pulling 2e968a6af97c: 100% ▕██████████████████▏ 629 MB                         [K
pulling 4c6482c0bef0: 100% ▕██████████████████▏  481 B                         [K
verifying sha256 digest ⠏ [K[?25h[?2026l[?2026h[?25l[A[A[A[A[1Gpulling manifest [K
pulling f5c702d8820d: 100% ▕██████████████████▏  28 GB                         [K
pulling 2e968a6af97c: 100% ▕██████████████████▏ 629 MB                         [K
pulling 4c6482c0bef0: 100% ▕██████████████████▏  481 B                         [K
verifying sha256 digest ⠋ [K[?25h[?2026l[?2026h[?25l[A[A[A[A[1Gpulling manifest [K
pulling f5c702d8820d: 100% ▕██████████████████▏  28 GB                         [K
pulling 2e968a6af97c: 100% ▕██████████████████▏ 629 MB                         [K
pulling 4c6482c0bef0: 100% ▕██████████████████▏  481 B                         [K
verifying sha256 digest ⠙ [K[?25h[?2026l[?2026h[?25l[A[A[A[A[1Gpulling manifest [K
pulling f5c702d8820d: 100% ▕██████████████████▏  28 GB                         [K
pulling 2e968a6af97c: 100% ▕██████████████████▏ 629 MB                         [K
pulling 4c6482c0bef0: 100% ▕██████████████████▏  481 B                         [K
verifying sha256 digest ⠹ [K[?25h[?2026l[?2026h[?25l[A[A[A[A[1Gpulling manifest [K
pulling f5c702d8820d: 100% ▕██████████████████▏  28 GB                         [K
pulling 2e968a6af97c: 100% ▕██████████████████▏ 629 MB                         [K
pulling 4c6482c0bef0: 100% ▕██████████████████▏  481 B                         [K
verifying sha256 digest ⠸ [K[?25h[?2026l[?2026h[?25l[A[A[A[A[1Gpulling manifest [K
pulling f5c702d8820d: 100% ▕██████████████████▏  28 GB                         [K
pulling 2e968a6af97c: 100% ▕██████████████████▏ 629 MB                         [K
pulling 4c6482c0bef0: 100% ▕██████████████████▏  481 B                         [K
verifying sha256 digest ⠼ [K[?25h[?2026l[?2026h[?25l[A[A[A[A[1Gpulling manifest [K
pulling f5c702d8820d: 100% ▕██████████████████▏  28 GB                         [K
pulling 2e968a6af97c: 100% ▕██████████████████▏ 629 MB                         [K
pulling 4c6482c0bef0: 100% ▕██████████████████▏  481 B                         [K
verifying sha256 digest ⠴ [K[?25h[?2026l[?2026h[?25l[A[A[A[A[1Gpulling manifest [K
pulling f5c702d8820d: 100% ▕██████████████████▏  28 GB                         [K
pulling 2e968a6af97c: 100% ▕██████████████████▏ 629 MB                         [K
pulling 4c6482c0bef0: 100% ▕██████████████████▏  481 B                         [K
verifying sha256 digest ⠦ [K[?25h[?2026l[?2026h[?25l[A[A[A[A[1Gpulling manifest [K
pulling f5c702d8820d: 100% ▕██████████████████▏  28 GB                         [K
pulling 2e968a6af97c: 100% ▕██████████████████▏ 629 MB                         [K
pulling 4c6482c0bef0: 100% ▕██████████████████▏  481 B                         [K
verifying sha256 digest ⠧ [K[?25h[?2026l[?2026h[?25l[A[A[A[A[1Gpulling manifest [K
pulling f5c702d8820d: 100% ▕██████████████████▏  28 GB                         [K
pulling 2e968a6af97c: 100% ▕██████████████████▏ 629 MB                         [K
pulling 4c6482c0bef0: 100% ▕██████████████████▏  481 B                         [K
verifying sha256 digest ⠇ [K[?25h[?2026l[?2026h[?25l[A[A[A[A[1Gpulling manifest [K
pulling f5c702d8820d: 100% ▕██████████████████▏  28 GB                         [K
pulling 2e968a6af97c: 100% ▕██████████████████▏ 629 MB                         [K
pulling 4c6482c0bef0: 100% ▕██████████████████▏  481 B                         [K
verifying sha256 digest ⠏ [K[?25h[?2026l[?2026h[?25l[A[A[A[A[1Gpulling manifest [K
pulling f5c702d8820d: 100% ▕██████████████████▏  28 GB                         [K
pulling 2e968a6af97c: 100% ▕██████████████████▏ 629 MB                         [K
pulling 4c6482c0bef0: 100% ▕██████████████████▏  481 B                         [K
verifying sha256 digest ⠋ [K[?25h[?2026l[?2026h[?25l[A[A[A[A[1Gpulling manifest [K
pulling f5c702d8820d: 100% ▕██████████████████▏  28 GB                         [K
pulling 2e968a6af97c: 100% ▕██████████████████▏ 629 MB                         [K
pulling 4c6482c0bef0: 100% ▕██████████████████▏  481 B                         [K
verifying sha256 digest ⠙ [K[?25h[?2026l[?2026h[?25l[A[A[A[A[1Gpulling manifest [K
pulling f5c702d8820d: 100% ▕██████████████████▏  28 GB                         [K
pulling 2e968a6af97c: 100% ▕██████████████████▏ 629 MB                         [K
pulling 4c6482c0bef0: 100% ▕██████████████████▏  481 B                         [K
verifying sha256 digest ⠹ [K[?25h[?2026l[?2026h[?25l[A[A[A[A[1Gpulling manifest [K
pulling f5c702d8820d: 100% ▕██████████████████▏  28 GB                         [K
pulling 2e968a6af97c: 100% ▕██████████████████▏ 629 MB                         [K
pulling 4c6482c0bef0: 100% ▕██████████████████▏  481 B                         [K
verifying sha256 digest ⠸ [K[?25h[?2026l[?2026h[?25l[A[A[A[A[1Gpulling manifest [K
pulling f5c702d8820d: 100% ▕██████████████████▏  28 GB                         [K
pulling 2e968a6af97c: 100% ▕██████████████████▏ 629 MB                         [K
pulling 4c6482c0bef0: 100% ▕██████████████████▏  481 B                         [K
verifying sha256 digest ⠼ [K[?25h[?2026l[?2026h[?25l[A[A[A[A[1Gpulling manifest [K
pulling f5c702d8820d: 100% ▕██████████████████▏  28 GB                         [K
pulling 2e968a6af97c: 100% ▕██████████████████▏ 629 MB                         [K
pulling 4c6482c0bef0: 100% ▕██████████████████▏  481 B                         [K
verifying sha256 digest ⠴ [K[?25h[?2026l[?2026h[?25l[A[A[A[A[1Gpulling manifest [K
pulling f5c702d8820d: 100% ▕██████████████████▏  28 GB                         [K
pulling 2e968a6af97c: 100% ▕██████████████████▏ 629 MB                         [K
pulling 4c6482c0bef0: 100% ▕██████████████████▏  481 B                         [K
verifying sha256 digest ⠦ [K[?25h[?2026l[?2026h[?25l[A[A[A[A[1Gpulling manifest [K
pulling f5c702d8820d: 100% ▕██████████████████▏  28 GB                         [K
pulling 2e968a6af97c: 100% ▕██████████████████▏ 629 MB                         [K
pulling 4c6482c0bef0: 100% ▕██████████████████▏  481 B                         [K
verifying sha256 digest ⠧ [K[?25h[?2026l[?2026h[?25l[A[A[A[A[1Gpulling manifest [K
pulling f5c702d8820d: 100% ▕██████████████████▏  28 GB                         [K
pulling 2e968a6af97c: 100% ▕██████████████████▏ 629 MB                         [K
pulling 4c6482c0bef0: 100% ▕██████████████████▏  481 B                         [K
verifying sha256 digest ⠇ [K[?25h[?2026l[?2026h[?25l[A[A[A[A[1Gpulling manifest [K
pulling f5c702d8820d: 100% ▕██████████████████▏  28 GB                         [K
pulling 2e968a6af97c: 100% ▕██████████████████▏ 629 MB                         [K
pulling 4c6482c0bef0: 100% ▕██████████████████▏  481 B                         [K
verifying sha256 digest ⠏ [K[?25h[?2026l[?2026h[?25l[A[A[A[A[1Gpulling manifest [K
pulling f5c702d8820d: 100% ▕██████████████████▏  28 GB                         [K
pulling 2e968a6af97c: 100% ▕██████████████████▏ 629 MB                         [K
pulling 4c6482c0bef0: 100% ▕██████████████████▏  481 B                         [K
verifying sha256 digest ⠋ [K[?25h[?2026l[?2026h[?25l[A[A[A[A[1Gpulling manifest [K
pulling f5c702d8820d: 100% ▕██████████████████▏  28 GB                         [K
pulling 2e968a6af97c: 100% ▕██████████████████▏ 629 MB                         [K
pulling 4c6482c0bef0: 100% ▕██████████████████▏  481 B                         [K
verifying sha256 digest ⠙ [K[?25h[?2026l[?2026h[?25l[A[A[A[A[1Gpulling manifest [K
pulling f5c702d8820d: 100% ▕██████████████████▏  28 GB                         [K
pulling 2e968a6af97c: 100% ▕██████████████████▏ 629 MB                         [K
pulling 4c6482c0bef0: 100% ▕██████████████████▏  481 B                         [K
verifying sha256 digest ⠹ [K[?25h[?2026l[?2026h[?25l[A[A[A[A[1Gpulling manifest [K
pulling f5c702d8820d: 100% ▕██████████████████▏  28 GB                         [K
pulling 2e968a6af97c: 100% ▕██████████████████▏ 629 MB                         [K
pulling 4c6482c0bef0: 100% ▕██████████████████▏  481 B                         [K
verifying sha256 digest ⠸ [K[?25h[?2026l[?2026h[?25l[A[A[A[A[1Gpulling manifest [K
pulling f5c702d8820d: 100% ▕██████████████████▏  28 GB                         [K
pulling 2e968a6af97c: 100% ▕██████████████████▏ 629 MB                         [K
pulling 4c6482c0bef0: 100% ▕██████████████████▏  481 B                         [K
verifying sha256 digest ⠼ [K[?25h[?2026l[?2026h[?25l[A[A[A[A[1Gpulling manifest [K
pulling f5c702d8820d: 100% ▕██████████████████▏  28 GB                         [K
pulling 2e968a6af97c: 100% ▕██████████████████▏ 629 MB                         [K
pulling 4c6482c0bef0: 100% ▕██████████████████▏  481 B                         [K
verifying sha256 digest ⠴ [K[?25h[?2026l[?2026h[?25l[A[A[A[A[1Gpulling manifest [K
pulling f5c702d8820d: 100% ▕██████████████████▏  28 GB                         [K
pulling 2e968a6af97c: 100% ▕██████████████████▏ 629 MB                         [K
pulling 4c6482c0bef0: 100% ▕██████████████████▏  481 B                         [K
verifying sha256 digest ⠦ [K[?25h[?2026l[?2026h[?25l[A[A[A[A[1Gpulling manifest [K
pulling f5c702d8820d: 100% ▕██████████████████▏  28 GB                         [K
pulling 2e968a6af97c: 100% ▕██████████████████▏ 629 MB                         [K
pulling 4c6482c0bef0: 100% ▕██████████████████▏  481 B                         [K
verifying sha256 digest ⠧ [K[?25h[?2026l[?2026h[?25l[A[A[A[A[1Gpulling manifest [K
pulling f5c702d8820d: 100% ▕██████████████████▏  28 GB                         [K
pulling 2e968a6af97c: 100% ▕██████████████████▏ 629 MB                         [K
pulling 4c6482c0bef0: 100% ▕██████████████████▏  481 B                         [K
verifying sha256 digest ⠇ [K[?25h[?2026l[?2026h[?25l[A[A[A[A[1Gpulling manifest [K
pulling f5c702d8820d: 100% ▕██████████████████▏  28 GB                         [K
pulling 2e968a6af97c: 100% ▕██████████████████▏ 629 MB                         [K
pulling 4c6482c0bef0: 100% ▕██████████████████▏  481 B                         [K
verifying sha256 digest ⠏ [K[?25h[?2026l[?2026h[?25l[A[A[A[A[1Gpulling manifest [K
pulling f5c702d8820d: 100% ▕██████████████████▏  28 GB                         [K
pulling 2e968a6af97c: 100% ▕██████████████████▏ 629 MB                         [K
pulling 4c6482c0bef0: 100% ▕██████████████████▏  481 B                         [K
verifying sha256 digest ⠋ [K[?25h[?2026l[?2026h[?25l[A[A[A[A[1Gpulling manifest [K
pulling f5c702d8820d: 100% ▕██████████████████▏  28 GB                         [K
pulling 2e968a6af97c: 100% ▕██████████████████▏ 629 MB                         [K
pulling 4c6482c0bef0: 100% ▕██████████████████▏  481 B                         [K
verifying sha256 digest ⠙ [K[?25h[?2026l[?2026h[?25l[A[A[A[A[1Gpulling manifest [K
pulling f5c702d8820d: 100% ▕██████████████████▏  28 GB                         [K
pulling 2e968a6af97c: 100% ▕██████████████████▏ 629 MB                         [K
pulling 4c6482c0bef0: 100% ▕██████████████████▏  481 B                         [K
verifying sha256 digest ⠹ [K[?25h[?2026l[?2026h[?25l[A[A[A[A[1Gpulling manifest [K
pulling f5c702d8820d: 100% ▕██████████████████▏  28 GB                         [K
pulling 2e968a6af97c: 100% ▕██████████████████▏ 629 MB                         [K
pulling 4c6482c0bef0: 100% ▕██████████████████▏  481 B                         [K
verifying sha256 digest ⠸ [K[?25h[?2026l[?2026h[?25l[A[A[A[A[1Gpulling manifest [K
pulling f5c702d8820d: 100% ▕██████████████████▏  28 GB                         [K
pulling 2e968a6af97c: 100% ▕██████████████████▏ 629 MB                         [K
pulling 4c6482c0bef0: 100% ▕██████████████████▏  481 B                         [K
verifying sha256 digest ⠼ [K[?25h[?2026l[?2026h[?25l[A[A[A[A[1Gpulling manifest [K
pulling f5c702d8820d: 100% ▕██████████████████▏  28 GB                         [K
pulling 2e968a6af97c: 100% ▕██████████████████▏ 629 MB                         [K
pulling 4c6482c0bef0: 100% ▕██████████████████▏  481 B                         [K
verifying sha256 digest ⠴ [K[?25h[?2026l[?2026h[?25l[A[A[A[A[1Gpulling manifest [K
pulling f5c702d8820d: 100% ▕██████████████████▏  28 GB                         [K
pulling 2e968a6af97c: 100% ▕██████████████████▏ 629 MB                         [K
pulling 4c6482c0bef0: 100% ▕██████████████████▏  481 B                         [K
verifying sha256 digest ⠦ [K[?25h[?2026l[?2026h[?25l[A[A[A[A[1Gpulling manifest [K
pulling f5c702d8820d: 100% ▕██████████████████▏  28 GB                         [K
pulling 2e968a6af97c: 100% ▕██████████████████▏ 629 MB                         [K
pulling 4c6482c0bef0: 100% ▕██████████████████▏  481 B                         [K
verifying sha256 digest [K
writing manifest [K
success [K[?25h[?2026l
